product_guid,manufacturer,model_name,camber_profile,camber_profile_confidence,camber_profile_posterior,core_material,core_material_confidence,core_material_posterior,price,price_confidence,price_posterior,availability,availability_confidence,availability_posterior,comparable_board,comparable_board_confidence,comparable_board_posterior,base_material,base_material_confidence,base_material_posterior,recommended_weight_range,recommended_weight_range_confidence,recommended_weight_range_posterior,flex_rating,flex_rating_confidence,flex_rating_posterior,model_first_available_year,model_first_available_year_confidence,model_first_available_year_posterior,tip_tail_width,tip_tail_width_confidence,tip_tail_width_posterior,sidecut_radius,sidecut_radius_confidence,sidecut_radius_posterior,rider_level,rider_level_confidence,rider_level_posterior,warranty,warranty_confidence,warranty_posterior,reviewer_opinion,reviewer_opinion_confidence,reviewer_opinion_posterior,topsheet,topsheet_confidence,topsheet_posterior,board_designer,board_designer_confidence,board_designer_posterior,board_weight,board_weight_confidence,board_weight_posterior,manufacturing_location,manufacturing_location_confidence,manufacturing_location_posterior,carving_rating,carving_rating_confidence,carving_rating_posterior,powder_rating,powder_rating_confidence,powder_rating_posterior,waist_width_at_156,waist_width_at_156_confidence,waist_width_at_156_posterior,recommended_weight_at_159,recommended_weight_at_159_confidence,recommended_weight_at_159_posterior,effective_edge,effective_edge_confidence,effective_edge_posterior,sidecut_radius_at_159,sidecut_radius_at_159_confidence,sidecut_radius_at_159_posterior,tip_tail_width_at_159,tip_tail_width_at_159_confidence,tip_tail_width_at_159_posterior,board_category,board_category_confidence,board_category_posterior,brand,brand_confidence,brand_posterior,mounting_pattern,mounting_pattern_confidence,mounting_pattern_posterior,shape,shape_confidence,shape_posterior,available_sizes,available_sizes_confidence,available_sizes_posterior,model_year,model_year_confidence,model_year_posterior,gender,gender_confidence,gender_posterior,laminate,laminate_confidence,laminate_posterior,product_type,product_type_confidence,product_type_posterior,terrain_suitability,terrain_suitability_confidence,terrain_suitability_posterior,setback,setback_confidence,setback_posterior,negative_aspect,negative_aspect_confidence,negative_aspect_posterior,sustainability_certification,sustainability_certification_confidence,sustainability_certification_posterior,stance_width_range_size,stance_width_range_size_confidence,stance_width_range_size_posterior,edge_hold,edge_hold_confidence,edge_hold_posterior,construction_material_innovation,construction_material_innovation_confidence,construction_material_innovation_posterior,sidewall_material,sidewall_material_confidence,sidewall_material_posterior,positive_aspect,positive_aspect_confidence,positive_aspect_posterior,edge_technology,edge_technology_confidence,edge_technology_posterior,turn_initiation_performance,turn_initiation_performance_confidence,turn_initiation_performance_posterior,sidecut_type,sidecut_type_confidence,sidecut_type_posterior,taper,taper_confidence,taper_posterior,binding_compatibility,binding_compatibility_confidence,binding_compatibility_posterior,chatter_performance,chatter_performance_confidence,chatter_performance_posterior,predecessor_model_name,predecessor_model_name_confidence,predecessor_model_name_posterior,contact_length_size,contact_length_size_confidence,contact_length_size_posterior,return_policy_terms,return_policy_terms_confidence,return_policy_terms_posterior,jibbing_rating_tgr,jibbing_rating_tgr_confidence,jibbing_rating_tgr_posterior,overall_rating_snowboardingprofiles,overall_rating_snowboardingprofiles_confidence,overall_rating_snowboardingprofiles_posterior,speed_rating_tgr,speed_rating_tgr_confidence,speed_rating_tgr_posterior,jumps_rating_tgr,jumps_rating_tgr_confidence,jumps_rating_tgr_posterior,on_snow_feel_tgr,on_snow_feel_tgr_confidence,on_snow_feel_tgr_posterior,pipe_rating_tgr,pipe_rating_tgr_confidence,pipe_rating_tgr_posterior
0AYEov1dlY,Salomon_SAS,HPS_Louif_Paradis,,0.6662,Rock_Out_Camber:0.6662|Powder_Camber:0.3338,0.8,0.8000,,569.99,0.9932,,0.7,0.7000,,YES_PYL_Jones_Hovercraft_Rome_Ravine_Arbor_Clovis_Lago_Open_Road,0.6442,,Sintered_EG,0.8800,,77.5,0.8800,,6.0,0.8788,Medium:0.8788|Stiff:0.1053|Soft:0.0160,2021.0,0.9777,,29.95,0.8800,,,,,Expert,0.9488,Expert:0.9488|Intermediate_Advanced:0.0512,,,,0.75,0.7000,,ABC_Wrapper_bamboo_veneers_40pct_less_fiberglass_resin,0.9974,,Louif_Paradis,0.9984,,,,,,,,,,,,,,25.5,0.8800,,85.0,0.8000,,118.0,0.8800,,,,,30.45,0.8000,,,0.9865,,Salomon,0.9974,,2x4_Inserts,0.8800,,Tapered_Directional,0.9525,,155cm_159cm_163cm,0.9854,,2024.0,0.8571,2024.0:0.8571|2025.0:0.1429,Unisex,0.9948,,BA_MD_Glass_biaxial_medium_density_fiberglass,0.9536,,Snowboard,0.9984,,,0.5331,Deep_terrain_powder_freeride_freestyle:0.5331|Deep_powder_off_piste_backcountry_versatile_groomers:0.4669,20.0,0.9500,,,,,FSC_certified_woodcore,0.9577,,,,,0.75,0.6000,,Bamboo_veneers_add_liveliness_explosive_pop,0.6423,,Recycled_ABS_Sidewalls,0.9536,,,,,All_Mountain_Edge_Bevel,0.8800,,,,,Quadralizer,0.7140,Quadralizer:0.7140|Quadratic_Sidecut:0.2859,0.5,0.9000,,Standard_4x4_and_2x4_compatible,0.7720,,,,,Annie_Boulanger_HPS_and_Takaharu_Nakai_HPS,0.9777,,,,,,,,,,,,,,,,,,,,,,,,,
0WO90RPV8Y,Burton_Snowboards_Burlington_VT,Cartographer,,0.9914,,0.9,0.9000,,,,,0.6,0.7000,,Jones_Frontier_quiver_of_one_6_10_flex_directional,0.9620,,Sintered_WFO,0.9954,,68.0,0.9912,,5.5,0.9422,5.5:0.9422|4-7_range:0.0578,2022,0.9479,,29.75,0.9912,,7.0,0.9912,,Advanced_to_Expert,0.6114,Advanced_to_Expert:0.6114|Intermediate_Advanced:0.3170|Intermediate:0.0715,3.0,0.8000,,0.6,0.9839,,Picasso_to_OKeeffe_deep_lines_abstract_imagery,0.9317,,Vermont_artist_Julio_Desmont,0.9317,,,,,China,0.9997,,0.85,0.9839,,7.0,0.8000,,25.5,0.9912,,79.5,0.8000,,114.2,0.9963,,7.3,0.9912,,30.25,0.8000,,,0.9954,,Burton,0.9974,,The_Channel,0.9914,,Directional,0.9567,,144_149_154_159_162_154W_159W,0.9931,,2026,0.9974,,Unisex,0.9692,,Triax_Fiberglass,0.9917,Triax_Fiberglass:0.9917|Mystery_Glass:0.0083,Snowboard,0.9974,,,0.9692,,-2.5,0.9912,,0.7,0.8000,,Certified_B_Corporation,0.9948,,53.0,0.9912,,0.5,0.7000,,None_standard_Triax_only_no_carbon,0.9018,,,,,0.8,0.7000,,,,,3.2,0.8000,,,,,5.0,0.8459,5.0:0.8459|15.0:0.1541,Compatible_all_major_brands_best_with_Burton_EST,0.9957,,,,,,,,,,,,,,0.5,0.8000,,,,,0.7,0.8000,,0.8,0.8000,,0.8,0.8000,,0.7,0.8000,
0bszvf1jUz,Rome_Snowboards_SDS,Rene,,0.9500,,0.65,0.7100,,949.99,0.7100,,0.5,0.7000,,Indoor_Survival_Shadowban_Nitro_Team_Yes_Typo_Frontier,0.5263,,SinterStrong_Base,0.7100,,75.0,0.7100,,7.0,0.7100,,2026,0.7100,,,,,8.2,0.7100,,Intermediate_Advanced,0.7100,,,,,,,,,,,Rene_Rinnekangas,0.9996,,,,,,,,,,,,,,25.5,0.7100,,81.0,0.7100,,122.0,0.7100,,8.4,0.7100,,,,,,0.9948,,Rome,0.9974,,2x4_Inserts,0.7100,,Directional_Twin,0.9500,,153_156_157W_159_160W,0.6308,153_156_157W_159_160W:0.6308|156_157W_159:0.3692,2027,0.7100,,Mens,0.9948,,Triax_Glass,0.9974,,Snowboard,0.7100,,,0.7100,,0.0,0.7100,,0.6,0.7000,,,,,53.3,0.7100,,0.75,0.7000,,Directional_Triple_Bamboo_Omega_HotRods,0.7100,,Twin_Flax_Walls_predecessor,0.9726,,,,,,,,,,,Radial_Sidecut,0.9584,,0.0,0.7100,,Not_suitable_Burton_EST_3D,0.6213,,,,,Rome_Rene_Gade,0.9922,,,,,0.75,0.8000,,,,,,,,,,,,,,,,,,,
0veqI4FzRH,Burton_Snowboards_founded_1977_Vermont,Process_Flying_V,,0.9542,,0.9,0.9000,,615.99,0.9974,,0.8,0.7000,,CAPiTA_DOA_true_twin_hybrid_camber_stiffer,0.9980,,Sintered_durable_porous,0.9542,,68.0,0.9922,,4.5,0.7633,4.5:0.7633|2.5:0.2367,2011,0.9969,,29.32,0.9301,,7.9,0.9301,,Intermediate,0.9394,,3.0,0.8000,,,,,Panda_graphic_glows_in_dark,0.9116,,Mark_McMorris,0.8979,,2600,0.6000,,,,,,,,,,,25.1,0.9800,,79.5,0.8000,,119.5,0.9381,,8.2,0.9301,,29.86,0.9301,,,0.9975,,Burton,0.9975,,The_Channel_all_major_bindings_best_with_EST,0.9542,,Twin_symmetrical_tip_to_tail,0.9542,,152_155_157_159_162_155W_157W_159W_162W,0.9893,,2025,0.9328,,Mens,0.9975,,Triax_triaxial_fiberglass,0.9542,,Snowboard,0.9974,,,0.9823,,12.5,0.9470,12.5:0.9470|0.0:0.0530,0.6,0.8000,,FSC_certified_core_and_Super_Sap_bio_epoxy,0.9976,,53.0,0.6000,,0.55,0.7000,,Squeezebox_variable_thickness_core,0.9542,,,,,0.7,0.8000,,Frostbite_Edges_extended_under_bindings,0.9542,,2.8,0.7000,,Single_radius_sidecut,0.9001,,,,,Channel_all_major_brands_best_with_EST,0.9389,,0.8,0.8000,,,,,,,,,,,,0.9800,,83.7,0.9839,,0.5,0.3000,,,0.9800,,,,,0.1,0.7000,
0vy5ZEFcFU,CAPiTA_by_C3_Worldwide_manufactured_Core_Srl,Aeronaut,,0.9957,,0.9,0.8000,,1249.99,0.9421,,0.9,0.9000,,Jones_Stratos,0.8712,,HyperDrive_ADV_XT_premium_sintered_extra_thick,0.9957,,74.5,0.9957,,6.0,0.9976,,2024,0.9620,,29.75,0.9957,,8.0,0.7000,,Advanced_Expert,0.9839,,2.0,0.9978,,0.7,0.8000,,PLT_metallic_screen_PAM16000_solventless_UV_ink,0.9970,,Arthur_Longo,0.9980,,,,,Austria_MotherShip_Feistritz,0.9998,,0.85,0.9839,,5.5,0.8000,,25.0,0.9957,,78.5,0.8000,,121.5,0.9957,,,,,,,,,0.9976,,CAPiTA,0.9976,,2x4_inserts,0.9607,,Tapered_Directional_20mm_setback,0.9976,,153_155_157_159_161_156W_158W_160W_162W,0.9957,,2027,0.9780,,Mens,0.9780,,Holysheet_Tri_Bi_triax_above_biax_below,0.9977,,Snowboard,0.9976,,,,,2.0,0.9976,,0.5,0.8000,,Certified_B_Corp_score_98_9,0.9840,,55.9,0.9957,,0.5,0.7000,,3x25mm_CarbonFlax_Amplifier_flax_carbon_weave,0.9981,,,,,0.65,0.6000,,,,,3.8,0.7000,,Progressive,0.9957,,0.5,0.9957,,,,,,,,,,,,,,,,,0.5,0.8000,,,,,0.7,0.8000,,0.8,0.8000,,0.8,0.8000,,0.7,0.8000,
0wlvcYbEX2,,Mountain_Twin_Pro,,0.9908,,0.8,0.8000,Boost_Core_Bamboo_Paulownia_Poplar:0.8866|Ultra_Core_Paulownia_Poplar:0.1134,1199.99,0.9531,,,,,Korua_Otto_K2_Manifest_Yes_Typo_Ride_Algorythm_etc,0.9219,,UHMWPE_Carbon_50pct_recycled,0.9526,,70.5,0.9186,,8.0,0.8894,8.0:0.8894|7.0:0.1106,2025,0.9140,,30.1,0.9186,,7.7,0.9186,,Advanced_Expert,0.9954,,,,,0.75,0.7000,,Ash_veneer,0.9186,,,,,,,,SWS_Dubai_UAE,0.9840,,,,,,,,25.4,0.9186,,70.5,0.8000,,121.0,0.9907,,7.8,0.9907,,29.6,0.8702,296.0:0.8702|301.0:0.1298,,0.9186,,Jones_Snowboards,0.9186,,2x4_Inserts,0.9186,,Directional_Twin_Medium_3D_Contour_Base,0.9186,,154cm_157cm_156W_159W,0.9186,,2027,0.9186,,Mens,0.9771,,Basalt_Pro_Layup_full_basalt,0.9186,,Snowboard,0.9186,,9.0,0.9186,,0.0,0.9186,,,,,27pct_plant_based_carbon_33pct_less_CO2,0.6406,,58.0,0.9186,,0.95,0.8358,,Forever_Flex_overbuilt_then_broken_in,0.9186,,Recycled_ABS_round_finish,0.9954,,,,,Traction_Tech,0.8700,Traction_Tech:0.8700|High_Traction_Tech:0.1300,3.5,0.6000,,Progressive_Sidecut,0.7253,,0.0,0.9907,,Union_Force_or_Jones_Meteorite,0.8358,,,,,Jones_Ultra_Mountain_Twin,0.9346,,,,,0.5,0.7000,,0.4,0.6000,,,,,,,,0.8,0.7000,,,,,,,
1D2Fxhz6Eo,Mervin_Manufacturing,Facts,,0.9986,,0.7,0.6000,,699.99,0.9931,,0.4,0.5000,,Burton_Cultivator,0.8609,,Extruded_Eco_Knife_Cut_Co-Ex,0.5506,Extruded_Eco_Knife_Cut_Co-Ex:0.5506|Sintered_Knife_Cut_Co-Ex:0.4494,65.0,0.6000,,5.0,0.9586,5.0:0.9586|4.0:0.0414,2026,0.7561,,29.8,0.9948,,8.2,0.9948,,Beginner-Intermediate,0.9541,,1.0,0.9999,,,,,Eco_Sublimated_Poly_Topsheet,0.9973,,Sam_Davidson_Anti_Hero,0.9569,,,,,Sequim_Carlsborg_Washington_USA,0.9994,,,,,,,,25.4,0.9948,,75.0,0.6000,,,,,8.3,0.9948,,30.2,0.8000,,,0.9535,,GNU,0.9978,,2x4_Inserts,0.9001,,Directional_Twin,0.9986,,147_150_153_156_159_156W_159W_162W,0.9974,,2025-2026,0.9707,2025-2026:0.9707|2027_Southern_Hemisphere:0.0244,Mens,0.9847,,Tri-Ax_Bi-Ax_Fiber_alloy_glass,0.8802,,Snowboard,0.9985,,,0.9994,,0.75,0.9948,,,,,FSC_certified_core_wood,0.9533,,54.91,0.7000,,0.95,0.8000,,,,,UHMW_Polyethylene,0.9001,,,,,Magne-Traction_7_serrations,0.9998,,2.2,0.7000,,,,,,,,Standard_2x4_all_major_binding_brands,0.9001,,0.1,0.5529,,,,,119.0,0.9948,,1.0,0.8324,,,,,,,,,,,,,,,,,,,
1JvX9FmL2G,Rossignol_Skis_Rossignol_SA,District,,0.9943,,0.5,0.3000,Wood_5620:0.9459|Wood_6420:0.0541,299.99,0.9742,,0.75,0.6000,,K2_Standard_similar_rocker_soft_twin_beginner,0.9827,,4400_Extruded,0.9508,4400_Extruded:0.9508|Extruded_4800:0.0492,72.5,0.9524,,5.0,0.9644,,2011,0.8000,,29.4,0.8000,,7.5,0.9948,,Beginner_to_Intermediate,0.9934,,1.0,0.8414,,,,,Silkscreened_graphics,0.7979,,,,,2800.0,0.9931,,,,,,,,,,,25.0,0.9524,,92.5,0.6000,,117.0,0.9524,,7.9,0.9202,7.9:0.9202|7.8:0.0798,29.7,0.8000,,,0.7180,Freestyle:0.7180|All_Mountain:0.2820,Rossignol,0.9956,,4x4_insert_pattern,0.9800,,True_Twin,0.9947,,146_151_155_156W_159_161W,0.9620,,2020,0.9956,,Mens,0.9964,,Glass_Fiber,0.9992,,Snowboard,0.9956,,,0.9579,,0.0,0.9974,,0.6,0.8000,,FSC_Certified_wood_core,0.9742,,58.0,0.8000,,0.4,0.8000,,None_not_listed_entry_level_board,0.6667,,ABS,0.9858,,0.6,0.7000,,,,,2.0,0.7000,,Deep_progressive,0.9037,,,,,Standard_4x4_insert_compatible_with_most_bindings,0.9742,,,,,,,,,,,,,,,,,,,,,,,,,,,,,,,
1VrBAwE1ov,Nidecker_SA_Rolle_Switzerland,The_Gun,,0.7801,,0.7,0.7801,,1099.99,0.7801,,1.0,0.5183,In_stock:0.5183|PREORDER:0.4817,Korua_Cafe_Pencil,0.5714,,N_9000_Sintered,0.7801,,85.0,0.6000,,8.0,0.7801,,,,,29.0,0.5500,290.0:0.5500|298.0:0.4500,10.0,0.9554,,Advanced,0.7801,,2.0,0.8000,,0.8,0.8000,,Absorbnid_Topsheet,0.7801,,Mike_Basich,0.9777,,,,,,,,,,,,,,,,,,,,,,,,,,,,,,0.7801,,Nidecker,0.9963,,2x4_Inserts,0.7801,,Tapered_Directional,0.7801,,174cm_only,0.7801,,2027,0.7801,,Unisex,0.7801,,Triax_Plus,0.7801,,Snowboard,0.9963,,,0.9906,,35.0,0.9500,,0.7,0.7600,,1pct_of_sales_to_environmental_initiatives,0.9726,,52.0,0.5500,520.0:0.5500|540.0:0.4500,,,,Pop_Carbon_Plus_nose_to_tail,0.7091,Pop_Carbon_Plus_nose_to_tail:0.7091|Pop_Carbon_strategic_placement:0.2909,Slim_ABS_sidewall,0.5527,,,,,,,,,,,Single_radius_10m,0.5914,Single_radius_10m:0.5914|Multi_radius_20_10_15_5m:0.4086,8.0,0.6601,,Works_with_any_binding,0.9853,,,,,,,,108.0,0.6601,,0.65,0.7000,,,,,,,,,,,,,,,,,,,
1dpFmvUwSW,Mervin_Manufacturing,Gremlin,,0.9985,,0.75,0.6000,,969.99,0.9974,,0.85,0.8000,,Lib_Tech_Orca_Jones_Hovercraft_Endeavor_Scout_etc,0.9808,,Fast_sintered_die_cut_to_reduce_waste,0.9937,,,,,6.0,0.9767,6.0:0.9767|7.0:0.0233,2021,0.7065,,,,,,,,Advanced_to_Expert,0.9983,,1.0,0.9594,,0.7,0.8000,,Eco_Sublimated_Poly_Texture_Topsheet,0.9948,,Gnu_Gift_Shop,0.9957,,2800,0.6000,,Handbuilt_USA_Sequim_Washington,0.9994,,0.9,0.8000,,7.0,0.8000,,,,,,,,,,,,,,,,,,0.9975,,GNU,0.9984,,2x4_Inserts,0.9948,,Tapered_Directional,0.9975,,144_148_152_155_158_161cm,0.9984,,2026,0.9984,,Mens,0.9140,,Triaxial_Biaxial_Fiberglass,0.9588,,Snowboard,0.9984,,,0.9948,,2.0,0.9957,,0.5,0.8000,,Zero_hazardous_waste_manufacturing,0.9346,,,,,0.9,0.9000,,,,,UHMW_Polyethylene,0.9948,,0.85,0.8000,,Magne_Traction,0.9985,,4.2,0.8000,,,,,12.0,0.9871,,Bent_Metal_Axtion_matching_teal_2026,0.7790,,,,,,,,,,,,,,0.5,0.8000,,,,,0.7,0.8000,,0.7,0.8000,,0.82,0.7000,,,,
2IvmhQew1q,CAPiTA_Snowboards_founded_Seattle_2000,Kazu_Kokubo_Pro,,0.9838,,0.9,0.8000,,1249.99,0.9838,,0.5,0.7000,,Amplid_Souly_Grail_K2_Alchemist_Burton_Skeleton_Key_YES_PYL_Weston_Backwoods_and_more,0.8989,,Hyperdrive_ADV_XT_premium_sintered_PE_highest_antifriction,0.9838,,72.5,0.8000,,7.0,0.6471,7.0:0.6471|6.5:0.3529,2016,0.8000,,29.95,0.9771,,8.4,0.9771,,Advanced,0.9838,,2.0,0.9945,,,0.7317,,Skinless_Core_Ash_Woodgrain_digital_print_PAM16000_silkscreened,0.9838,,Kazu_Kokubo_Kazuhiro_Kokubo_Japanese_professional_snowboarder,0.9994,,2300,0.6000,,Feistritz_an_der_Gail_Carinthia_Austria_The_Mothership,0.7309,,0.85,0.7000,,,,,25.5,0.9771,,76.5,0.8000,,122.2,0.9771,,8.6,0.9771,,,,,,0.9974,,CAPiTA,0.9974,,2x4_Inserts_stainless_steel,0.9838,,Tapered_Directional,0.9997,,151_154_157_160_155W_158W_161W,0.6044,151_154_157_160_155W_158W_161W:0.6044|155_158_161_164_167:0.3956,2027,0.9974,,Mens,0.6593,,Holysheet_Tri_Bi_triaxial_above_biaxial_beneath,0.9838,,Snowboard,0.9974,,,0.9838,,2.0,0.9996,,0.6,0.7000,,Certified_B_Corporation_B_Impact_Score_98_9,0.9771,,55.9,0.9771,,0.8,0.8000,,4x25mm_CarbonFlax_Amplifier,0.9547,4x25mm_CarbonFlax_Amplifier:0.9547|3x25mm_CarbonFlax_Amplifier:0.0453,Full_ABS1000_Sidewalls,0.5247,,0.75,0.7000,,360_Degree_HRC48_Steel_Edges,0.5247,,2.5,0.6000,,Radical_Taper,0.9838,,7.0,0.9912,,,,,0.9,0.9000,,,,,,,,,,,,,,,,,,,,,,,,,,,,
2LdthH7GBg,,Freecarver_9000s,,0.9948,,0.6,0.5000,,1149.99,0.8788,,0.9,0.8000,,Stranda_Cheater_titanal_construction,0.8716,,Sintered_9900_Base,0.4646,Sintered_9900_Base:0.4646|Sintered_9000_Base:0.2770|Sintered_8000_Base:0.2584,70.5,0.9186,,8.0,0.6035,8.0:0.6035|7.5:0.3965,2024,0.9175,,31.45,0.9186,,9.2,0.9186,,Advanced,0.9103,,,,,0.5,0.6000,,FSC_Ash_Veneer,0.5745,FSC_Ash_Veneer:0.5745|Premium_Topsheet:0.4255,,,,,,,Dubai_UAE,0.9995,,0.9,0.8000,,5.5,0.8000,,27.0,0.9186,,82.0,0.6000,,130.0,0.9186,,9.4,0.9186,,31.75,0.8000,,,0.9138,,Jones_Snowboards,0.9974,,2x4_inserts,0.9186,,Tapered_Directional,0.9964,,152_156_160_164cm,0.9923,,2027,0.9138,,Mens_Unisex,0.6716,,Triax_Fiberglass_triple_layer_multi_directional,0.9948,,Snowboard,0.9974,,,0.9103,,40.0,0.9948,,0.2,0.9000,,Fair_Trade_Certified_via_Fair_Trade_USA,0.9922,,58.0,0.9186,,0.65,0.8000,,Basalt_Power_Stringers,0.5100,Basalt_Power_Stringers:0.5100|BComp_Carbon_Flax_Stringer_Bio_Resin:0.4900,Recycled_ABS,0.9312,,0.7,0.7000,,Traction_Tech_3_0,0.9530,,5.5,0.8000,,Progressive_sidecut_radius_increases_toward_contact_points,0.9405,,9.0,0.9186,,Standard_4_hole_mount,0.9865,,0.7,0.8000,,,,,,,,0.5,0.7000,,0.2,0.8000,,,,,0.8,0.8000,,0.7,0.8000,,0.95,0.9000,,0.2,0.8000,
2biFvZoeMv,Mervin_Manufacturing,Banked_Country,,0.9575,,0.95,0.9000,,1049.99,0.9890,,1.0,0.8000,,Amplid_Souly_Grail_K2_Alchemist_United_Shapes_Cadet_Ride_Algorythm_etc,0.8691,,Sintered_Knife_Cut_Base,0.6884,,70.0,0.6000,,7.0,0.6959,7.0:0.6959|8.0:0.3041,2022,0.9909,,29.3,0.9948,,8.2,0.9948,,Advanced_to_Expert,0.9871,,,,,0.5,0.6000,,Eco_Sublimated_Poly_Topsheet,0.9008,,Temple_and_Cannon_Cummins,0.9970,,,,,Carlsborg_Sequim_Washington_USA,0.9993,,0.85,0.8000,,5.5,0.8000,,25.3,0.9948,,70.0,0.6000,,,,,8.3,0.9948,,29.5,0.8000,,,0.9953,,GNU,0.9967,,2x4_Inserts,0.9008,,Tapered_Directional,0.6879,,155_159_160W_162_163W,0.9696,155_159_160W_162_163W:0.9696|155_159_160W:0.0304,2026,0.9993,,Mens,0.7843,,Triaxial_Biaxial_alloy_glass,0.7888,,Snowboard,0.9948,,,0.9871,,1.5,0.9375,1.5:0.9375|2.25:0.0625,0.6,0.8000,,Zero_hazardous_waste_FSC_woods_water_solvents_eco_print,0.9897,,54.61,0.7000,,0.9,0.8941,,Carbon_Power_Bands,0.6879,,UHMW_Polyethylene,0.6930,,0.8,0.8000,,Progressive_Pro_Magne_Traction,0.9998,,3.8,0.7000,,,,,0.25,0.6000,,,,,,,,GNU_Billy_Goat,0.9989,,112.0,0.9948,,,,,0.5,0.8000,,86.0,0.6000,,0.8,0.8000,,0.8,0.8000,,0.8,0.8000,,0.8,0.8000,
2jxEAJa3Fk,Jones_Snowboards_Nidecker_US_Inc_Truckee_CA,Frontier_2.0,,0.9957,,0.7,0.8000,,899.99,0.9000,,0.5,0.8000,,Jones_Flagship_749.95_stiffer_freeride,0.9940,,Sintered_8000_Base,0.9957,,75.0,0.9948,,4.5,0.6000,Friendly_flex_fun_loving:0.6909|Very_soft_almost_jib_park:0.2559|Mellow_flex_playful:0.0532,2025,0.7262,,30.2,0.9957,,7.8,0.9957,,Beginner_Intermediate_Expert_progress_2of5,0.9948,,2.0,0.6722,,0.3,0.8000,,Premium_Topsheet,0.9957,,Inaki_Odriozola,0.9726,,2700.0,0.9948,,SWS_Solico_Dubai_UAE,0.9972,,,,,,,,,,,,,,,,,,,,,,,,0.9020,Mellow_freeride:0.9020|All_Mountain-Freeride:0.0980,Jones_Snowboards,0.9957,,2x4_Inserts_Standard_Pack,0.9974,,Tapered_Directional,0.9957,,150_153_155W_156_158W_159_161W_162_164W_165_167W,0.9957,,2025/2026,0.8593,2025/2026:0.8593|2027:0.1407,Mens,0.9957,,Biax_Fiberglass_with_Bio_Resin,0.9957,,Snowboard,0.9957,,,0.9000,,20.0,0.9957,,0.8,0.8000,,Fair_Trade_Certified,0.9252,,56.0,0.9957,,0.9,0.9673,,,,,Recycled_ABS,0.9957,,0.6,0.6000,,Oversize_recycled_steel_edges,0.7170,,2.8,0.6000,,,,,5.0,0.9957,,,,,0.3,0.8000,,Jones_Frontier_original_last_2025MY,0.9151,,115.5,0.9957,,0.5,0.7000,,,,,,,,,,,,,,,,,,,
34xl4zXkIS,Rome_Snowboards_founded_2001,Viper,,0.9375,Fusion_Camber:0.9375|Hybrid_Positive:0.0625,0.4,0.6987,Stomp_Core_poplar_only:0.6987|Stomp_or_Pop_Core_poplar_paulownia_blend:0.3013,999.99,0.9579,,0.4,0.7000,,Jones_Mountain_Twin_directional_twin_camber_579_95,0.9211,,SinterStrong_sintered_base,0.9949,,75.0,0.9959,,6.0,0.9964,,2026,0.8000,,,,,6.6,0.8000,,Intermediate_Advanced,0.9839,,,,,,,,,,,Stale_Sandbech_and_Rene_Rinnekangas,0.9594,,,,,Titan_Factory_China,0.9890,,,,,,,,25.4,0.9949,,79.0,0.8000,,121.1,0.9949,,6.7,0.8000,,,,,,0.9839,,Rome_SDS,0.9958,,2x4_inserts,0.9949,,Directional_Twin,0.9964,,154_156_158_160W_162W,0.9951,,2027_FW_2026_27,0.9996,,Mens,0.9964,,Triax_Upper_and_Lower_Glass,0.9949,,Snowboard,0.9974,,,0.9799,,0.0,0.9513,,,,,,,,53.3,0.6000,,0.8,0.8000,,Directional_Diamond_3D_nose,0.9994,,,,,0.75,0.7000,,,,,2.5,0.6000,,Tri_Radial_Sidecut_three_radii,0.9839,,0.0,0.9964,,Compatible_most_bindings_2x4,0.8047,,,,,,,,,,,0.75,0.8000,,,,,,,,,,,,,,,,,,,
3EvvgTQAkz,Jones_Snowboards_Nidecker_Group,Tweaker_Pro_2.0,,0.9963,,0.65,0.6000,Boost_Surf_Core:0.9549|Boost_Core:0.0451,1099.99,0.9502,,0.5,0.8000,,CAPiTA_Super_DOA_4_67_of_5,0.7330,,Sintered_8000,0.9963,,70.5,0.9963,,7.5,0.5432,7.5:0.5432|8.0:0.3187|7.0:0.1381,2025,0.8000,,29.4,0.9386,29.4:0.9386|29.8:0.0614,7.8,0.9386,7.8:0.9386|7.6:0.0614,Advanced_to_Expert,0.9994,,,,,,,,Premium_durable_scratch_resistant,0.9963,,Jimmy_Goodman,0.8197,,2900.0,0.9923,,Dubai_SWS_Board_Technology,0.8108,,,,,,,,25.4,0.9963,,75.0,0.8000,,120.0,0.9386,120.0:0.9386|121.6:0.0614,,,,,,,,0.9003,,Jones_Snowboards,0.9978,,2x4_inserts_Standard_Pack,0.9963,,True_Twin_symmetrical,0.9963,,146_149_151_154_156_157W_159,0.9990,,2027,0.9937,,Mens,0.9978,,Basalt_Pro_Layup_basalt_fibre,0.9927,,Snowboard,0.9978,,8.0,0.9963,,0.0,0.9963,,0.6,0.8000,,Fair_Trade_Certified_since_2024_25,0.9991,,54.0,0.9386,54.0:0.9386|56.0:0.0614,0.95,0.8577,,Aerospace_derived_synthetic_core_dampening_swing_weight,0.9923,,Recycled_ABS_round_finish,0.9963,,0.8,0.8000,,Medium_Traction_Tech_multiple_contact_points,0.9923,,5.0,0.7000,,Progressive_sidecut,0.8371,,0.0,0.9963,,,,,0.8,0.7000,,Jones_Tweaker_Pro_2025_2026,0.8275,,,,,0.5,0.7000,,,,,,,,,,,,,,,,,,,
3wOygBFu3i,Salomon_SAS_Annecy_France,Sight,,0.9985,,0.75,0.9000,,649.99,0.9500,,0.6,0.6000,,Nidecker_Escape_Amplid_Singular_Burton_Instigator,0.9730,,Extruded_EG,0.9573,,77.5,0.9301,,5.0,0.8583,5.0:0.8583|4.0:0.1417,2012,0.8000,,29.75,0.9301,,,,,Beginner_Advanced,0.5529,Beginner_Advanced:0.5529|Beginner_Intermediate:0.2738|Intermediate_Advanced:0.1733,2.0,0.8000,,0.5,0.6000,,,,,,,,,,,Global_France_Bulgaria_Asia,0.9886,,0.7,0.9681,,3.0,0.8000,,25.2,0.9301,,77.5,0.8000,,118.0,0.9301,,,,,,,,,0.5328,All_Mountain:0.5328|All_Mountain_freeride_inspired:0.4653,Salomon,0.9985,,2x4_Inserts,0.9556,,Tapered_Directional,0.9985,,147_150_153_156_159cm,0.9539,,2025,0.9950,,Mens,0.9946,,BA_LD_low_density_fiberglass,0.6060,BA_LD_low_density_fiberglass:0.6060|BA_MD_medium_density_fiberglass:0.3940,Snowboard,0.9985,,,0.9893,,10.0,0.9681,,,,,FSC_certified_wood_strips,0.9374,,,,,0.5,0.7000,,,,,ABS_sidewalls_Royal_Cork_Rails,0.9437,,,,,,,,3.2,0.8000,,Quadratic_Sidecut,0.9631,,1.1,0.8000,,,,,0.7,0.7000,,Salomon_Ace,0.9793,,,,,,,,0.45,0.7000,,,,,0.2,0.8000,,0.7,0.7000,,0.7,0.8000,,0.65,0.7000,
4L0uIaTGot,,Basher,,0.9820,Flat_Out_Rocker:0.9820|Cam_Out_Camber:0.0180,0.6,0.7000,,999.99,0.9974,,1.0,0.9660,,Jones_Stratos_Ride_Twinpig_Lib_Tech_Skate_Banana_CAPiTA_Aeronaut,0.8246,,Sintered_EcoSpeed_HD_85pct_recycled_Ptex,0.9974,,75.0,0.6000,,7.0,0.9737,7.0:0.9737|8.0:0.0216|5.0:0.0046,2015,0.3000,,30.3,0.9957,,5.35,0.6000,,Park_freestyle_urban_riders,0.8955,Park_freestyle_urban_riders:0.8955|Intermediate_to_advanced_freestyle:0.1045,2.0,0.9966,,0.85,0.8000,,EcoGuard_Topsheet_90pct_recycled,0.9964,,,,,,,,Playmaker_factory_Taiwan,0.5056,,0.75,0.6000,,7.5,0.7000,,,,,,,,,,,,,,,,,,0.7071,Freestyle_all_mountain_twin:0.7071|All_Mountain:0.2929,Nitro,0.9974,,2x4_Inserts,0.9846,,Asym_Twin,0.9866,Asym_Twin:0.9866|True_Twin:0.0134,155mw_158w,0.9957,,2026,0.9978,,Mens,0.9577,,Bi_Lite_Laminates_biaxial_fiberglass,0.9964,,Standard_solid_snowboard,0.9974,,,0.8517,,0.0,0.9957,,0.8,0.8000,,100pct_solar_power,0.9957,,54.0,0.8000,,,,,3D_Twin_Tech_convex_concave_convex,0.9957,,ABS_Sidewalls_35pct_recycled,0.9957,,,,,50pct_Recycled_Steel_edges,0.9957,,2.3,0.7000,,Dual_Degressive,0.9957,,,,,Any_standard_or_mini_disk_fits_2x4,0.6454,,,,,Optisym_asymmetric_Friendly_Freestyle,0.9957,,102.0,0.9957,,0.6,0.6477,,,,,,,,,,,,,,,,,,,
4tEumX87V1,Mervin_Manufacturing,Banked_Country,,0.9987,,0.95,0.9000,,1049.99,0.9501,,0.95,0.9000,Widely_available_on_sale:0.9991|Sold_out_at_some_retailers:0.0005|Limited_closeout:0.0004,Jones_Flagship_1_Never_Summer_Valhalla_2_YES_PYL_3_and_more,0.8340,,Sintered_Knife_Cut_Base,0.9524,,70.0,0.6000,,7.0,0.9740,7.0:0.9740|8.0:0.0260,2021,0.8000,,29.3,0.9974,,8.2,0.9974,,Advanced_to_Expert,0.9997,,,,,0.9,0.8000,,Eco_Sublimated_Poly_Topsheet,0.9501,,Temple_and_Cannon_Cummins,0.9995,,2960.0,0.9486,2960.0:0.9486|3140.0:0.0514,Mervin_Manufacturing_longest_running_last_major_USA_factory,0.9929,,0.85,0.9554,,5.5,0.8000,,25.3,0.9974,,75.0,0.6000,,,,,8.3,0.9974,,29.5,0.8000,,,0.9979,,GNU,0.9976,,2x4_Inserts,0.9501,,Tapered_Directional,0.9985,,155_159_160W_162_163W,0.9789,155_159_160W_162_163W:0.9789|155_159_160W:0.0211,2026_season_2025_2026,0.9977,,Mens,0.9551,,Tri_Ax_Bi_Ax_fiberglass_Carbon_Power_Bands,0.9987,,Snowboard,0.9984,,,0.9906,,3.8,0.7735,1.5_inch_38mm_sidecut_setback:0.7735|2.25_inch_at_22_75_stance:0.2265,0.4,0.8000,,EcoUNREAL_Manufacturing_zero_hazardous_waste,0.9590,,54.61,0.7000,,0.9,0.9000,,Carbon_Power_Bands_radical_response_and_pop,0.9986,,UHMW_wraps_around_tip_tail,0.9525,,,,,Progressive_Pro_Magne_Traction_directional,0.9985,,3.8,0.7000,,,,,0.2,0.9000,,,,,0.75,0.7205,,GNU_Billy_Goat_replaced_2021_22,0.9983,,112.0,0.9974,,,,,0.5,0.8000,,87.5,0.9486,87.5:0.9486|85.9:0.0514,0.8,0.8000,,0.8,0.8000,,0.8,0.8000,,0.8,0.8000,
5DbRUwVfd4,,Fastlane,,0.9991,,0.6,0.7423,Aspen_SLCT_Core:0.7423|Aero_Core:0.2577,759.99,0.9002,,1.0,0.9986,,Jones_Flagship_perennial_1_freeride_directional_FSC,0.9317,,50pct_Recycled_Sintered_Base,0.9002,,72.5,0.9002,,9.0,0.9002,,2026,0.8000,,,,,7.1,0.9002,,Advanced_to_Expert,0.9563,,2.0,0.8000,,,,,Olive_wood_veneer,0.9115,,,,,,,,Primarily_China,0.8609,,,,,,,,25.8,0.9002,,80.0,0.8000,,114.0,0.9002,,7.3,0.9002,,,,,,0.7924,Freeride_Powder:0.7924|All_Mountain_Carving:0.2076,Salomon,0.9991,,2x4_Inserts,0.9002,,Tapered_Directional,0.9302,,153_157_160_163cm,0.9002,,2026_FW_2025_26,0.9552,,Unisex,0.9963,,BFX_Ultra_flax_carbon_BA_MD_Fiberglass,0.9002,,Snowboard,0.9302,,,0.9002,,2.0,0.9002,,0.3,0.8000,,FSC_Certified_wood_core,0.9673,,54.0,0.9002,,,,,Popster_milled_core_inserts_natural_flex_pop,0.9002,,66pct_Recycled_ABS,0.7017,66pct_Recycled_ABS:0.7017|100pct_Recycled_ABS:0.2983,0.75,0.8000,,20pct_Recycled_Steel_Edges,0.9115,,3.0,0.5000,,Quadratic_Sidecut_mix_elliptic_curves,0.9991,,1.1,0.8000,,,,,,,,Salomon_Super_8_discontinued_after_10_seasons,0.9923,,,,,,,,,,,,,,,,,,,,,,,,,
5GEZh2Xdb0,Nidecker_SA_Rolle_Switzerland,Storm_Chaser,,0.9962,,0.7,0.8000,Master_Core_1to1_Poplar_Paulownia:0.9416|Bamboo_Surf_Core_triple_density:0.0584,1199.99,0.9839,,0.45,0.7000,,Nitro_Squash_better_edge_ice_more_stable_versatile,0.9346,,Sintered_8000_UHMWPE_carbon,0.9963,,79.0,0.9912,,6.0,0.9313,6.0:0.9313|7.0:0.0687,2016,0.8661,,31.7,0.9912,,7.1,0.9912,,Intermediate_Advanced,0.9865,,2.0,0.6000,,,0.7065,,Premium_Topsheet_durable_scratch_resistant,0.9430,Premium_Topsheet_durable_scratch_resistant:0.9430|ECO_Plastic_Topsheet_castor_bean_bio_plastic:0.0570,Chris_Christenson_surfboard_shaper,0.9839,,2850,0.6000,,SWS_factory_Dubai_UAE,0.9890,,,,,,,,27.5,0.9912,,,,,114.0,0.9912,,,,,,,,,0.9923,,Jones_Snowboards,0.9974,,2x4_Inserts,0.9912,,Tapered_Directional_High_3D_Contour_Base,0.9931,,152cm_157cm,0.8400,152cm_157cm:0.8400|142cm_147cm_152cm_157cm:0.1600,2027,0.9865,,Unisex,0.8530,,Biax_Fiberglass_BComp_Carbon_Flax_Bio_Resin,0.9541,Biax_Fiberglass_BComp_Carbon_Flax_Bio_Resin:0.9541|Biax_Fiberglass_only:0.0459,Snowboard,0.9974,,6.0,0.9865,,22.0,0.9912,,,,,Protect_Our_Winters_POW_founded_2007,0.9865,,60.0,0.9912,,0.7,0.6000,,BComp_Carbon_Flax_Stringer_Bio_Resin,0.9930,BComp_Carbon_Flax_Stringer_Bio_Resin:0.9930|Sustainable_Flax_Basalt_Stringers:0.0070,Recycled_ABS_round_finish,0.9996,,,,,Recycled_German_steel_edges,0.9996,,,,,Progressive_Sidecut,0.9466,,2.0,0.8000,,,,,,,,,,,,,,0.5,0.7000,,,,,,,,,,,,,,,,,,,
5MAasfhw3w,Salomon_founded_1947_Annecy_France,Assassin_Pro,,0.9995,,0.85,0.8000,,1089.99,0.9423,,0.5,0.7000,,Yes_Greats_better_on_hard_snow,0.3407,,Sintered_EG_Base,0.9968,,70.0,0.9533,,8.0,0.9315,,2017,0.8000,,29.1,0.9533,,7.7,0.9533,,Advanced_to_Expert,0.9968,,2.0,0.8000,,0.5,0.3000,,,,,Bode_Merrill,0.9350,,2200,0.6000,,,,,0.7,0.6000,,5.0,0.7000,,25.3,0.9533,,77.5,0.8000,,118.0,0.9533,,7.9,0.9533,,,,,,0.9923,,Salomon,0.9968,,2x4_Inserts,0.9315,,Directional_Twin,0.9973,,150_153_156_159_162_158W_163W,0.9423,,2026,0.9303,2026:0.9303|2027:0.0697,Mens,0.8638,,BA_MD_Fiberglass_Biaxial_Medium_Density,0.9977,,Snowboard,0.9315,,,0.9963,,2.0,0.9533,,0.4,0.7000,,30pct_bio_resin_and_Bamboo_Rods_reduce_impact,0.8295,,54.0,0.9533,,0.75,0.7365,,Popster_core_strategically_milled_inside_insert_packs,0.9350,,Gunslinger_Rails_full_length_carbon_inlays,0.9968,,,,,,,,2.7,0.6000,,Quadralizer_Sidecut,0.9977,,,,,,,,0.55,0.6000,,,,,,,,,,,,,,,,,,,,,,,,,,,,
5UV718LPyy,Mervin_Manufacturing,Mayhem_Rocket,,0.8127,,0.75,0.8000,,1099.99,0.9963,,0.8,0.8000,,Korua_Dart_Cafe_Racer_Weston_Japow_Jones_Hovercraft_Storm_Chaser_etc,0.7200,,Optimized_wax_retention_and_toughness,0.8127,,75.0,0.6000,140_plus_lbs:0.9259|150_to_210_lbs:0.0741,6.5,0.8031,6.5:0.8031|8.0:0.1127|7.0:0.0842,2016,0.9436,,30.7,0.9979,,7.0,0.7000,,Advanced_Expert,0.7200,,1.0,0.8000,,0.5,0.7200,,Eco_Sublimated_Poly_Topsheet,0.6329,,Matt_Mayhem_Biolos_Lost_Surfboards,0.9934,,,,,Handbuilt_USA_Sequim_WA,0.9546,,0.85,0.7200,,7.0,0.7200,,,,,,,,,,,,,,,,,,0.7627,All_Mountain_Directional:0.7627|Freeride_Powder:0.2373,Lib_Tech,0.9974,,2x4_Inserts,0.9948,,Tapered_Directional,0.9998,,152.5_157.5_161.5cm,0.9979,,2025-2026,0.9974,,Unisex_listed_as_Mens,0.5315,,Triaxial_Biaxial_Fiberglass,0.6329,,Snowboard,0.9974,,,0.6688,All_Mountain:0.6688|Freeride_Powder_All_terrain:0.2787|Resort_powder_groomer_carving_trees:0.0525,3.625,0.7200,,0.4,0.7200,,Zero_hazardous_waste_production,0.9904,,55.56,0.8000,,0.5,0.7000,,UHMW_Tip_Tail_Impact_Deflection,0.9868,,Birch_Internal_Sidewalls,0.8122,,0.55,0.5000,,Magne_Traction_present,0.8631,Magne_Traction_present:0.8631|Not_present_on_older_models:0.1369,3.2,0.7200,,Progressive_Elliptical,0.9923,,2.0,0.6800,,,,,0.7,0.7200,,Lib_Tech_Lost_Rocket_2018_2024,0.7200,,114.5,0.9979,,,,,0.2,0.7200,,,,,0.8,0.7200,,0.7,0.7200,,0.7,0.7200,,0.7,0.7200,
5mnaWv4Qc8,Nidecker_Group_NDK,Mens_Howler,,0.9237,,0.85,0.8000,,784.0,0.6108,,0.45,0.7000,,Similar_stats_comparable_freeride_option,0.7774,,Sintered_8000_UHMWPE_carbon,0.9917,,,,,8.0,0.9963,,2024,0.8000,,26.0,0.9923,,8.4,0.9963,,Intermediate_to_Expert,0.9678,,,,,0.5,0.5000,,Premium_Eco_Topsheet_castor_bean_bio_plastic,0.8916,,Victor_De_Le_Rue_and_Elena_Hight,0.9997,,2700.0,0.9865,,Dubai,0.8720,,,,,,,,25.4,0.9963,,,,,120.1,0.9963,,,,,,,,,0.9201,,Jones_Snowboards,0.9974,,2x4_Inserts_Standard_Pack,0.9963,,Tapered_Directional,0.9963,,152_155_158_161_157W_160W_163W,0.9708,152_155_158_161_157W_160W_163W:0.9708|155_158_157W_160W:0.0292,2027,0.9237,,Mens,0.9974,,Triax_Fiberglass_triaxial_stitched,0.9349,,Snowboard,0.9501,,7.0,0.9343,7.0:0.9343|8.0:0.0657,2.0,0.9923,,0.6,0.8000,,Fair_Trade_Certified_snowboards,0.6058,,56.0,0.9923,,0.9,0.9000,,Koroyd_aerospace_synthetic_core_in_nose_95pct_air_75pct_lighter,0.9921,,Recycled_ABS_rounded_finish,0.9349,,0.85,0.8000,,Oversized_recycled_German_steel_3mm,0.9911,,,,,,,,8.0,0.9963,,2x4_insert_pattern_ML_standard_L_wide,0.9923,,0.85,0.8000,,,,,112.5,0.9923,,0.45,0.7000,,,,,,,,,,,,,,,,,,,
5yKZxPj1b1,Salomon_SAS_Annecy_France,Abstract,,0.9963,,0.65,0.8000,,679.99,0.9948,,0.0,0.9940,,CAPiTA_DOA_hybrid_camber_true_twin,0.9620,,Sintered_base,0.9963,,80.0,0.9940,,5.0,0.9914,,2023,0.9839,,29.5,0.9960,,7.8,0.9940,,Intermediate,0.9868,,,,,,,,,,,crosby_sutter_pro,0.9793,,,,,Altenmarkt_Austria_skis_confirmed,0.9138,,,,,,,,25.2,0.9940,,87.5,0.8000,,120.5,0.9940,,,,,,,,,0.9963,,Salomon,0.9963,,2x4_Inserts,0.9925,,True_Twin,0.9966,,138_143_147_151_153_155_158_155W_158W,0.6651,138_143_147_151_153_155_158_155W_158W:0.6651|138_143_147_151_153_155_158_162_155W_158W:0.3349,2026,0.9963,,Unisex,0.9963,,BA_MD_Biax_Medium_Density_Fiberglass,0.5562,BA_MD_Biax_Medium_Density_Fiberglass:0.5562|Tri_Ax_HD_Fiberglass:0.4438,Snowboard,0.9963,,,0.9948,,0.0,0.9242,,0.5,0.8000,,FSC_certified_wood,0.9051,,55.0,0.9940,,0.7,0.8000,,Ghost_Carbon_Beams_Stringers_tip_tail,0.9127,,Royal_Rubber_Rails_full_length,0.8545,,,,,,,,1.8,0.8000,,Quadralizer_Equalizer_Quadratic,0.9967,,,,,,,,,,,Salomon_Villain_and_Gypsy,0.9466,,,,,,,,,,,,,,,,,,,,,,,,,
68pyZWjp7O,Rome_Snowboard_Design_Syndicate,Artifact_Pro,,0.9979,,0.7,0.8000,,949.99,0.8941,,0.45,0.7000,,CAPiTA_DOA_hybrid_camber_more_forgiving_20_more,0.8215,,SinterStrong_sintered_low_maintenance_durable,0.9995,,68.3,0.9207,59_to_77.5kg:0.9207|65_to_85kg:0.0793,5.0,0.9725,5.0:0.9725|6.0:0.0275,2022,0.8000,,,,,7.90,0.9890,,Advanced,0.8941,,2.0,0.6000,,0.85,0.8000,,,,,,,,2580,0.6000,,Unverified_not_explicitly_stated,0.3000,,,,,,,,25.65,0.8941,,,,,120.0,0.8941,,8.08,0.9890,,,,,,0.9949,,Rome_Snowboards_SDS,0.9928,,2x4_Inserts_fine_tuned_stance,0.9989,,True_Twin_fully_symmetrical,0.9979,,147_150_153_154W_156_157W_159_160W,0.9890,,2027_season_2026_2027,0.8941,,Mens,0.9890,,Biaxial_upper_lower_glass_torsionally_playful,0.9097,,Snowboard,0.8941,,9.0,0.8941,,0.0,0.8941,,0.3,0.8000,,,,,55.3,0.8000,,0.75,0.7000,,Carbon_Omega_HotRods_nose_tail,0.9990,,FlaxWalls_flax_reinforced_vibration_dampening,0.8602,,0.85,0.7309,,,,,,,,Radial_Sidecut_single_radius,0.9979,,0.0,0.8941,,Compatible_any_binding_standard_or_mini_disc_2x4,0.6397,,,,,Rome_Artifact_original,0.7895,,115.0,0.9890,,0.75,0.8000,,,,,,,,,,,,,,,,,,,
6c05alvB2T,Nidecker_Group_Switzerland,Tape_Deck,,0.9517,,0.7,0.6579,Light_Core_paulownia_poplar_beech:0.6579|Master_Wood_Core:0.2950,799.99,0.9974,,0.5,0.8000,,Burton_Custom_Camber_2027,0.9114,,N7000_Hybrid_extruded_sintered,0.9514,,77.5,0.9002,,6.0,0.9002,,2027,0.9777,,30.6,0.9002,,7.5,0.9002,,Intermediate_to_advanced,0.4790,Intermediate_to_advanced:0.4790|Intermediate:0.4755,2.0,0.6000,,,,,Size_specific_artwork_iconic_art,0.8213,,,,,,,,Titan_factory_Guangdong_China,0.9923,,,,,,,,25.7,0.9002,,87.5,0.6000,,126.0,0.9002,,7.6,0.9002,,31.1,0.9002,,,0.9521,,Nidecker,0.9517,,2x4_Inserts,0.9505,,True_Twin,0.9517,,147_150_153_156_159cm,0.9002,,2027,0.9938,,Mens,0.8246,,Premium_Sandwich_Biax_Plus_Fiberglass,0.9518,,Snowboard,0.9008,,,0.9002,,,,,,,,,,,54.0,0.9002,,0.8,0.8000,,Carbon_Kevlar_advanced_construction,0.8246,,,,,,,,,,,3.2,0.4000,,,,,,,,2x4_inserts_any_standard_mini_disk,0.8246,,0.75,0.7000,,None_new_addition,0.9777,,,,,,,,,,,,,,,,,,,,,,,,,
75e1VTYhj9,Mervin_Manufacturing,T_Rice_Pro,,0.9957,,0.75,0.8000,,1169.99,0.8571,,1.0,0.8000,,Jones_Mountain_Twin_softer_faster_edge,0.7293,,Eco_Sublimated_Sintered_Base,0.9974,,70.0,0.6000,,6.5,0.9957,,2005,0.8000,,30.1,0.9957,,8.1,0.9957,,Advanced_Expert,0.9672,Advanced_Expert:0.9672|Intermediate_Advanced:0.0185|Intermediate:0.0144,1.0,0.8000,,0.6,0.7000,,Eco_Sublimated_Poly,0.9974,,Travis_Rice,0.9957,,2500,0.6000,,Sequim_Washington_USA,0.9808,,0.6,0.7000,,5.0,0.7000,,25.5,0.9957,,70.0,0.6000,,,,,8.3,0.9957,,,,,,0.9957,,Lib_Tech,0.9957,,2x4_inserts,0.9974,,Twin,0.9957,,148_153_155_157_159_161_164_157W_161W_164W,0.9974,,2025_2026,0.9974,,Mens,0.5567,,TriAx_BiAx_Fiberglass_Basalt_Alloy,0.9974,,Snowboard,0.9957,,,0.6036,,0.0,0.9974,,0.6,0.7000,,Zero_hazardous_waste_facility,0.9490,,57.47,0.7000,,0.8,0.8000,,TriAx_0_45_45_torsional,0.7928,,Birch_Internal_UHMW_Sintered,0.6035,,0.75,0.7000,,Magne_Traction_7_serrations,0.9976,,2.6,0.5990,Pretty_quick_edge_to_edge:0.5990|Slow_edge_to_edge:0.4010,,,,0.0,0.9406,,,,,0.4,0.7000,,,,,121.0,0.9957,,0.6,0.4142,,,,,,,,0.8,0.8000,,0.8,0.7000,,,,,,,
8Nk5Gqy04H,Nitro_AG,Nitro_Alternator_FX_Splitboard_2027,,0.9923,,0.65,0.7000,,1399.99,0.9684,,0.4,0.7000,,Jones_Solution_directional_freeride_hybrid_camber_900usd,0.8642,,Sintered_Speed_Formula_II_nanotech_wax,0.9923,,70.0,0.9945,,7.0,0.9879,7.0:0.9879|8.0:0.0121,2025,0.8000,,29.55,0.9945,,6.8,0.8000,,Advanced_to_Expert,0.9580,,1.25,0.7261,,0.75,0.7000,,,,,Griffin_Siebert_Jared_Elston_Tommy_Delago,0.9991,,,,,,,,,,,,,,25.2,0.9974,,,,,109.0,0.7249,,,,,,,,,0.7106,,Nitro,0.9991,,Voile_Compatible,0.7106,,Directional_Splitboard,0.9923,,148_152_154_158_162cm,0.9608,,2027,0.9608,,,,,Bi_Lite_Laminates_with_Carbon_Tape,0.9963,,,,,,0.7106,,-1.5,0.9945,,0.7,0.7000,,Made_with_100pct_solar_power,0.9963,,56.0,0.8000,,0.85,0.8946,,Carbon_Tape_longitudinal,0.9551,Carbon_Tape_longitudinal:0.9551|V_Shape_Carbon_Tape_torsional:0.0449,ABS_35pct_recycled_cold_resistant,0.9923,,0.95,0.9000,,Recycled_steel_50pct_strong_durable_sharpenable,0.9923,,6.0,0.8000,,Dual_Degressive,0.9923,,,,,Requires_splitboard_specific_bindings_Spark_RD,0.9956,,,,,Alternator_Split,0.9923,,111.0,0.9945,,,,,,,,,,,,,,,,,,,,,,
8eKhhTup3r,Mervin_Manufacturing,MC_Wayfinder_III,,0.9974,,0.75,0.8000,,1169.99,0.9018,,0.8,0.8000,,Jones_Mind_Expander,0.7309,,High_density_UHMW_sintered_fast_rugged,0.9095,,75.0,0.6000,,7.0,0.9462,7.0:0.9462|6.0:0.0329|6.5:0.0210,2019,0.9138,,32.0,0.9782,32.0:0.9782|31.4:0.0218,6.2,0.9974,,Intermediate_Advanced,0.9579,,1.0,0.9974,,,,,Eco_Sublimated_Poly_Topsheet,0.9524,,Matt_Cummins_30_plus_years,0.9912,,,,,Sequim_Washington_USA,0.9974,,,,,,,,26.2,0.9974,,77.5,0.6000,,,,,7.0,0.9974,,,,,,0.7774,experiMENTAL_Freeride_Directional:0.7774|Freeride_Powder:0.2226,Lib_Tech,0.9974,,2x4_inserts,0.9416,,Tapered_Directional,0.9659,,155cm_160cm,0.9974,,2026,0.9974,,Mens,0.9231,,Tri_Ax_Bi_Ax_Fiberglass,0.9416,,Snowboard,0.9974,,,0.9261,,4.0,0.9974,,0.6,0.8000,,Zero_hazardous_waste_production,0.9413,,54.93,0.8000,,0.65,0.7000,,,,,Birch_internal_UHMW_sintered_sidewalls,0.9524,,,,,Magne_Traction_7_serrations,0.9931,,1.5,0.8000,,,,,1.2,0.9963,,,,,0.3,0.7000,,MC_Wayfinder_II,0.9892,,107.0,0.9974,,,,,,,,,,,,,,,,,,,,,,
9GjKvDBmW4,Mervin_Manufacturing,T.Rice_Orca_II,,0.9200,,0.6,0.7000,,1199.99,0.9300,,,0.9185,,Never_Summer_Harpoon_Orca_clone_softer_flex_better_freestyle,0.7895,,High_density_UHMW,0.8937,,85.0,0.6000,,7.0,0.9935,,2018,0.8000,,31.65,0.9677,32.2_31.1cm:0.9677|32.3_31.1cm:0.0323,7.0,0.9948,,Intermediate_to_Advanced,0.9001,,1.0,0.8000,,0.85,0.8000,,Ocean_Bound_Eco_Sublimated_Poly_Topsheet,0.9001,,Travis_Rice,0.9974,,,,,Sequim_Washington_USA,0.9979,,0.9,0.8000,,10.0,0.9669,,26.7,0.9948,,,,,,,,,,,,,,,0.9210,All_Mountain_Directional:0.9210|Freeride_Powder:0.0790,Lib_Tech,0.9974,,2x4_inserts,0.9300,,Tapered_Directional,0.9963,,138_144_147_150_153_156_159_162cm,0.9300,,2027_2626_2627_Early_Release,0.9974,,Unisex,0.9948,,Triaxial_Biaxial_Fiberglass_with_Basalt_Alloy,0.9558,,Snowboard,0.9974,,,0.9500,,2.5,0.5688,2.5:0.5688|2.0:0.4312,0.5,0.8000,,Hand_made_Mervin_Factory_zero_hazardous_waste,0.9349,,,,,,0.9669,,UHMW_Tip_Tail_Impact_Deflection,0.9001,,Birch_Internal_UHMW_Sintered_Sidewall,0.9544,,0.9,0.9000,,Magne_Traction,0.9300,,2.0,0.8000,,Tight_7m_trench_gouging_sidecut,0.9948,,10.0,0.5946,10.0:0.5946|11.0:0.4054,,,,0.9,0.9000,,Lib_Tech_T_Rice_Orca_2019_2026,0.9620,,113.0,0.9948,,,,,,,,91.15,0.9669,,0.9,0.8000,,,,,,,,0.9,0.8000,
9IjmPgVexs,Mervin_Manufacturing,Skunk_Ape,,0.8947,,0.75,0.8000,,818.99,0.9465,,0.75,0.7000,,K2_Party_Platter_157,0.4087,,Sintered_Knife_Cut,0.8947,,80.0,0.6000,140+lbs_65+kg:0.9176|70+kg:0.0824,7.0,0.9333,7.0:0.9333|6.0:0.0667,2010.0,0.9617,,30.4,0.9957,,8.5,0.9986,,Intermediate_Advanced,0.9886,,1.25,0.9416,,0.7,0.8000,,Eco_Sublimated_Poly_Topsheet,0.8947,,Trevor_Phillips_Krush_Kulesza_Neil_Green_Kurt_Jensen,0.9940,,,,,Sequim_Washington_USA,0.9997,,0.7,0.9617,,5.5,0.8000,,,,,82.5,0.6000,,,,,8.5,0.9957,,30.65,0.8000,,,0.9996,,Lib_Tech,0.9986,,2x4_inserts,0.8947,,Directional_Twin,0.9986,,157W_161W_163UW_165W_169W_170UW_173UW,0.9957,,2025,0.8947,,Mens,0.7157,,Triax_Biax_Basalt_alloy_glass,0.8947,,Snowboard,0.9974,,,0.8947,,1.0,0.8574,1.0:0.8574|-2.125:0.1426,0.5,0.8000,,FSC_certified,0.9988,,59.69,0.8000,,0.85,0.9000,,UHMW_Tip_Tail_Impact_Deflection,0.8947,,Birch_Internal_UHMW_Sintered,0.8947,,0.6,0.6000,,Magnetraction,0.8947,,3.2,0.8000,,,,,2.0,0.9617,,,,,,,,,,,115.0,0.9957,,,,,0.5,0.8000,,,,,0.7,0.8000,,0.8,0.8000,,0.6,0.8000,,0.8,0.8000,
9c7Iz9RRyA,Burton_Snowboards_B_Corp_certified,Blossom,,0.9928,,0.8,0.7000,,679.99,0.8006,,1.0,0.9987,,Both_twin_camber_DOA_hybrid_slightly_softer,0.9984,,Recycled_Sintered_WFO,0.9825,,56.5,0.9926,,7.5,0.5448,6-9:0.5448|7.5:0.2663|3-6:0.1889,2022,0.8000,,30.3,0.8006,,7.3,0.8006,,Intermediate_Advanced,0.9665,,3.0,0.8000,,,,,Playful_frog_stencil_bright_lily_pad_scene,0.9974,,Zeb_Powell,0.9911,,2900.0,0.9861,,,,,0.8,0.9892,,,,,,,,,,,,,,,,,,,,,0.9419,,Burton,0.9993,,The_Channel,0.9815,,True_Twin,0.9655,,144_149_152_155_158_162cm,0.9926,,2026,0.9805,,Unisex_Gender_neutral,0.9683,,Triax_Fiberglass,0.9800,,Snowboard,0.9993,,10.0,0.9587,,0.0,0.9926,,0.7,0.7000,,Super_Sap_reduces_carbon_50pct,0.9457,,53.0,0.8006,,0.7,0.8000,,Squeezebox_variable_thickness,0.9626,,,,,,,,Frostbite_Edges,0.9367,,3.0,0.5000,,,,,,,,Compatible_all_major_best_with_EST,0.9616,,,,,Absorbed_Free_Thinker_and_Talent_Scout,0.9951,,,,,,,,,0.9892,,87.2,0.6000,87.2:0.6000|84.3:0.4000,,0.9892,,,0.9892,,0.8,0.8000,,,,
9sPa6PPn6u,CAPiTA_C3_Worldwide_Core_Srl_Italy,Navigator_158_Miles_Fallon_LTD,,0.9974,,0.75,0.8000,,1099.99,0.8571,,,0.8029,,Jones_Storm_Chaser_Lib_Tech_Orca_Mind_Expander_Deep_Thinker_Warpig_Surfer,0.5112,,Hyperdrive_sintered_UHMW_UHDPE,0.9923,,79.5,0.9974,,5.5,0.9790,5.5:0.9790|6.0:0.0210,2018.0,0.8181,,29.9,0.9974,,7.0,0.7055,,Intermediate_to_advanced_not_beginners,0.9022,,2.0,0.8000,,0.7,0.7000,,Skinless_Core_Ash_Woodgrain_220g_lighter,0.9923,,Miles_Fallon,0.9923,,2450,0.6000,,MotherShip_Feistritz_Carinthia_Austria,0.8447,,0.65,0.6000,,9.0,0.5119,Excellent_more_floaty_than_BSOD:0.5119|Outstanding_excels_deep_snow:0.4881,25.6,0.9974,,,,,119.2,0.9737,1192.0:0.9737|1195.0:0.0263,,,,,,,,0.9974,,CAPiTA,0.9923,,Stainless_Steel_4x2_Inserts_4x4_compatible,0.6205,,Directional_with_0_8in_2cm_setback,0.6760,,158cm_only,0.9991,158cm_only:0.9991|155_to_167cm_range:0.0009,2025_2026_season,0.6070,,,,,HolySheet_Tri_Bi_fiberglass,0.6493,,Mens_snowboard,0.9923,,,0.9974,,,,,0.5,0.8000,,B_Impact_Score_98_9_exceeding_median_50_9,0.9839,,55.9,0.9974,,0.4,0.8000,,2x30mm_Technora_Flax_Boosters_aramid,0.9923,,Full_ABS1000_Sidewalls,0.6703,,0.65,0.7000,,360_Degree_HRC48_Steel_Edges,0.6703,,,,,Parabolic_Radical_Taper,0.9974,,12.0,0.7055,,,,,0.25,0.6087,Bucks_bounces_uneven_snow:0.6087|Technora_Flax_reduce_chatter:0.3913,,,,,,,0.4,0.5603,,,,,90.0,0.6087,90.0:0.6087|80.35:0.3913,,,,,,,,,,,,
AAkvfNUooz,Jones_Snowboards_Truckee_California,Mind_Expander_2.0,,0.9635,,0.7,0.8000,Master_Core_Poplar_Paulownia:0.8609|Boost_Surf_Core_Bamboo_Paulownia_Poplar:0.1391,1079.99,0.9635,,0.5,0.6000,,Lib_Tech_Orca_Korua_Dart_Storm_Chaser_Gentemstick_others,0.8427,,Sintered_8000_Base,0.9635,,79.0,0.9635,,6.0,0.9996,,2018,0.9840,,30.1,0.9635,,7.1,0.7000,,Intermediate_and_above,0.9972,,,,,0.7,0.7000,,Premium_Topsheet_durable_scratch_resistant,0.9944,,Chris_Christenson_surf_shaper,0.7349,,,,,SWS_factory_Dubai_UAE,0.9945,,,,,,,,30.2,0.9635,,,,,113.6,0.9635,,,,,,,,,0.9606,,Jones_Snowboards,0.9945,,2x4_Inserts,0.9635,,Tapered_Directional_High_3D_Contour_Base,0.9635,,142_146_150_154_158_162_166cm,0.6297,142_146_150_154_158_162_166cm:0.6297|142_146_150_154_158_162cm:0.3703,2027,0.7100,,Unisex,0.7349,,Biax_Fiberglass_BComp_Carbon_Flax_Stringer_Bio_Resin,0.9635,,Snowboard,0.7100,,,0.9635,,,,,0.5,0.8000,,Fair_Trade_Certified_via_SWS,0.9840,,56.0,0.9635,,,,,Carbon_pop_flax_chatter_reduction_Bcomp_Swiss,0.9887,,Recycled_ABS_Sidewalls,0.9635,,0.75,0.7000,,Recycled_German_Steel_Edges,0.9635,,,,,,,,1.0,0.9635,,,,,,,,Jones_Mind_Expander_2018_2025,0.9219,,,,,0.5,0.7000,,,,,,,,,,,,,,,,,,,
AVzDhRI1CH,Burton_Snowboards_B_Corp,Family_Tree_Gril_Master,,0.9451,,0.8,0.7000,,699.99,0.9504,,0.0,0.9569,,Jones_Frontier,0.9248,,Extra_absorbent_high_density_sintered_wax_infused,0.9106,,68.0,0.9504,,6.5,0.6588,6.5:0.6588|4-7:0.3412,2022,0.8000,,29.75,0.9504,,7.5,0.9504,,Advanced_Expert,0.7338,Advanced_Expert:0.7338|Intermediate_Expert:0.1500|Intermediate:0.1162,3.0,0.8000,,0.8,0.8000,,,,,Marko_Grilo_Grilc,0.9994,,2600,0.6000,,Austria_Kiel_Nindl_GMBH,0.8361,,0.85,0.9639,,8.0,0.8000,,25.7,0.9504,,100.0,0.8000,,114.6,0.9504,,7.8,0.9504,,30.63,0.8000,,,0.9305,,Burton,0.9997,,The_Channel,0.9359,,Freeride_Directional,0.9333,,130_140_145_150_155_160_165_155W,0.9889,,2024_W24,0.9980,,Gender_neutral_sizing,0.9774,,45_degree_Carbon_Highlights_tip_to_tail,0.9106,,Snowboard,0.9985,,,0.9007,,25.0,0.9504,,0.5,0.8000,,FSC_Certified,0.8384,,56.0,0.9504,,0.5,0.7000,,Squeezebox_enhanced_energy_transfer,0.9112,,,,,0.7,0.7000,,Frostbite_Edges,0.7492,,3.2,0.8000,,Balanced_Freeride_Geometry,0.8949,,15.0,0.9333,,Compatible_all_major_bindings,0.9359,,0.8,0.8000,,Gril_Master_LTD_2023,0.9965,,110.0,0.9504,,,,,0.5,0.8000,,,,,0.8,0.8000,,0.8,0.8000,,0.8,0.8000,,0.7,0.8000,
AYF3ZPQjRS,CAPiTA_C3_Worldwide,Spring_Break_Powder_Twin,,0.9948,,0.7,0.8000,,999.99,0.9200,,0.9,0.9000,,Bataleon_Party_Wave_Twin_3BT,0.9346,,Powder_Drive_die_cut,0.9978,,68.0,0.9948,,5.0,0.9978,,2021,0.9405,,31.6,0.9554,31.6/31.6:0.9554|31.5:0.0446,6.6,0.9948,,Intermediate_Advanced,0.9333,,2.0,0.9948,,0.8,0.8000,,PLT_Technology,0.9925,,,,,2750,0.5000,,Austria_Mothership,0.9887,Austria_Mothership:0.9887|China:0.0113,0.6,0.7000,,9.5,0.7000,,26.9,0.9554,26.9:0.9554|26.8:0.0446,77.0,0.8000,,113.8,0.9948,,6.7,0.9948,,32.2,0.8000,32.2/32.2:0.9554|32.1:0.0446,,0.9948,,CAPiTA,0.9963,,Stainless_Steel_2x4,0.9331,,True_Twin,0.9978,,153_156_159_162,0.9709,153_156_159_162:0.9709|153_156_159:0.0291,2026,0.9978,,Mens,0.6936,,HolySheet_Tri_Bi,0.9953,,Snowboard,0.9963,,,0.9948,,0.0,0.9978,,0.6,0.8000,,,,,55.9,0.8000,,0.65,0.8000,,4x30mm_Carbon_V_Tech,0.9607,4x30mm_Carbon_V_Tech:0.9607|Amplitex_Flax_Carbon_V_Tech:0.0393,Full_ABS1000,0.6927,,0.65,0.6000,,360_Degree_HRC48_Steel,0.6927,,5.5,0.8000,,Blended_Radial,0.7801,,,,,Standard_2x4_all_brands,0.8800,,0.8,0.8000,,,,,,,,1.0,0.7809,,0.48,0.6000,,,,,,,,,,,,,,,,
BWUpjhMSSe,,Alternator,,0.9789,,0.6,0.7000,,999.99,0.9513,,0.4,0.8000,,CAPiTA_Aeronaut_700USD_more_playful_Alternator_faster,0.9917,,Sintered_Speed_Formula_II,0.9513,,70.0,0.9974,,7.0,0.9843,7.0:0.9843|8.0:0.0157,2024,0.9760,,29.55,0.9513,,6.8,0.8000,,Advanced,0.9025,,2.0,0.9948,,0.75,0.7000,,,,,Torgeir_Bergrem_Mateo_Massitti_Sean_Miskiman_Yuto_Yamada_Griffin_Siebert,0.8152,,2600,0.6000,,,,,0.8,0.7000,,4.5,0.6000,,25.4,0.9997,,75.0,0.8000,,,,,7.3,0.8000,,29.75,0.8000,,,0.9025,,Nitro,0.9513,,2x4_inserts,0.9513,,Directional,0.9513,,154_157_160_162W,0.9513,,2027,0.9090,,Mens_unisex_womens_variant_separate,0.9344,,Bi_Lite_Laminates_two_directions,0.9897,,Snowboard,0.9513,,10.0,0.9974,,-1.5,0.9985,,0.4,0.7000,,FSC_responsibly_sourced_forestry,0.9513,,54.0,0.6000,,0.85,0.8941,,Carbon_Tape_V_Shape_longitudinal_reinforcement,0.9972,,ABS_Sidewall_35pct_recycled_polymers,0.9948,,0.8,0.8000,,Recycled_Steel_Edge_50pct,0.9948,,5.8,0.7000,,Dual_Degressive_Sidecut,0.9513,,0.1,0.6000,,2x4_insert_pattern,0.9513,,0.8,0.5500,Damp_flex_rubbery_absorbs_uneven_snow:0.5500|Can_chatter_icy_super_firm:0.4500,,,,111.0,0.9513,,,,,,,,,,,,,,,,,,,,,,
BpxGv47B0Y,Never_Summer_Industries,Mens_Swift,,0.9603,,0.7,0.8000,,1049.99,0.9974,,0.85,0.8000,,Korua_Dart_Cafe_Racer_Weston_Japow_Moss_Jellyfish_Gentemstick_Barracuda_Soul_Shift_Nidecker_Beta,0.9781,,Durasurf_XT_Sintered_5501_graphite,0.9540,,76.5,0.9300,,7.0,0.9603,,2016,0.9826,,30.6,0.9300,,8.0,0.6000,,Intermediate_to_Expert,0.5851,Intermediate_to_Expert:0.5851|Beginner_to_Expert:0.4149,3.0,0.8000,,,,,Co_Extruded_Polymer_Topsheet,0.9552,,Tim_Canaday,0.9922,,3140.0,0.9923,,Denver_Colorado_USA,1.0000,,0.7,0.9868,,8.0,0.8000,,25.9,0.9300,,,,,117.0,0.9300,,,,,,,,,0.9880,Mellow_Freeride_Snowsurf:0.9880|Freeride_Powder:0.0120,Never_Summer,0.9977,,2x4_Inserts,0.9300,,Tapered_Directional,0.9603,,153cm_158cm_163cm,0.9603,,2026,0.9991,,Mens,0.9500,,Bi_Lite_Fiberglass,0.9300,,Snowboard,0.9991,,,0.9300,,85.0,0.9171,85.0:0.9171|83.0:0.0829,0.3,0.8000,,,,,,,,0.7,0.8000,,,,,UHMW_Sidewalls,0.9300,,0.85,0.8000,,Fullwrap_Metal_Edge_Aluminium_Tail,0.9300,,3.2,0.8000,,Power_Grip_Sidecut_multiple_radii_flat_middle,0.9300,,2.0,0.8000,,,,,,,,,,,,,,,,,,,,92.8,0.9890,,0.7,0.8000,,0.7,0.8000,,0.6,0.8000,,,,
C9Vn2faiNl,,Santoku,,0.9974,,0.6,0.7000,,1099.99,0.9974,,0.5,0.8000,,Yes_Standard_Jones_MT_Capita_Mercury_Salomon_Assassin_K2_Broadcast,0.6141,,Sintered_Speed_Formula_II,0.9974,,70.0,0.9974,,5.0,0.8438,5.0:0.8438|6.0:0.1562,2020,0.8874,,29.3,0.9974,,5.5,0.8000,,Intermediate,0.9659,,2.0,0.9974,,0.8,0.8000,,,,,Elias_Elhardt,0.9974,,,,,Playmaker_factory_Taiwan,0.9285,,,,,,,,25.0,0.9974,,75.0,0.8000,,,,,6.9,0.6000,7.5/5.5/7.6:0.9676|7.5/5.5/7.5:0.0324,30.1,0.8000,,,0.8639,All_Mountain:0.8639|All_Mountain_Freestyle:0.1361,Nitro_Snowboards,0.9984,,2x4_Inserts,0.9742,,All_Terrain_Twin,0.9974,,156_159_162W,0.9635,156_159_162W:0.9635|156_159:0.0365,2027,0.9923,,Mens,0.9579,,Bi_Lite_Laminates_two_direction_glass,0.9985,,Snowboard,0.9984,,,0.9659,,0.0,0.9974,,,,,Made_with_100pct_solar_energy,0.9858,,54.0,0.7000,,,,,Carbon_Tape_V_Shape,0.9974,,ABS_35pct_recycled_polymers,0.9974,,,,,Recycled_Steel_Edge_50pct,0.9974,,,,,Dual_Degressive_Sidecut,0.9974,,,,,,,,0.3,0.8000,,Nitro_Uberspoon,0.9382,,100.5,0.9974,,,,,,,,,,,,,,,,,,,,,,
Cge1q0elpO,,Assassin,,0.9974,,0.6,0.8000,,719.99,0.9948,,0.0,0.9948,,Burton_Custom_CAPiTA_Mercury_Nitro_Team_K2_Broadcast_Yes_Standard_Jones_Mountain_Twin,0.8696,,Sintered_EG,0.9966,,70.0,0.9948,,5.0,0.8059,5.0:0.8059|6.0:0.1941,2014,0.9951,,29.3,0.9948,,7.5,0.9948,,Intermediate_to_Advanced,0.9946,,2.0,0.8000,,,0.9785,,ABC_Wrapper_wood_veneer,0.9889,,Victor_Daviet_Nils_Mindnich,0.9931,,,,,,,,,,,,,,25.3,0.9948,,77.5,0.8000,,116.0,0.9948,,7.7,0.9948,,29.6,0.9948,,,0.9999,,Salomon,0.9980,,2x4_Inserts,0.8221,2x4_Inserts:0.8221|5x2_Inserts:0.1256|4x2_Inserts:0.0523,Directional_Twin,0.9590,,150_153_156_159_162_165_158W_163W,0.9948,,2026,0.9967,,Mens,0.9966,,BA_MD_Fiberglass,0.9988,,Snowboard,0.9980,,,0.9942,,2.5,0.6000,,,,,FSC_certified_wood,0.9963,,56.0,0.9948,,0.65,0.8000,,Popster_Eco_Booster_carbon_bamboo,0.9998,,Royal_Rubber_Rails,0.5455,Royal_Rubber_Rails:0.5455|Recycled_ABS:0.4545,,,,,,,,,,Quadralizer_Sidecut,0.9268,,1.0,0.7000,,,,,0.6,0.7000,,Originally_True_Twin_changed_Directional_Twin_2019,0.9620,,,,,,,,,,,,,,,,,,,,,,,0.8,0.8000,
CvHHKqIbHd,,Burton_Custom_30th_Anniversary,,0.9737,,0.8,0.7000,,1049.99,0.9984,,0.4,0.6000,,Jones_Mountain_Twin_120_cheaper_similar_versatility,0.9620,,Sintered_WFO_extra_absorbent_high_density,0.9581,,79.5,0.9917,,6.0,0.5910,6.0:0.5910|6.5:0.4090,1995,0.8000,,29.4,0.9890,,7.8,0.9890,,Intermediate,0.9868,,3.0,0.8000,,0.4,0.7000,,Classic_1996_line_graphics_vary_by_length,0.9599,,,,,2620.0,0.9779,,Kiel_Nindl_GMBH_Austria,0.8653,,,,,,,,25.2,0.9951,,,,,119.5,0.9890,,7.9,0.9890,,,,,,0.9564,,Burton_Snowboards,0.9950,,The_Channel,0.9737,,Directional_Twin,0.9574,,150_154_156_158_162_154W_158W_162W_166W_170W,0.9973,,2026,0.9985,,Unisex,0.9146,,45_degree_Carbon_Highlights_tip_to_tail,0.9587,,Snowboard,0.9985,,10.0,0.9890,,-12.5,0.9927,,0.5,0.8000,,100_percent_FSC_certified_cores,0.9997,,53.0,0.9951,,0.65,0.8000,,Overbuilt_factory_broken_in_consistent_flex,0.9382,,,,,0.8,0.8000,,Frostbite_Edges_enhanced_edge_hold,0.9581,,2.4,0.7000,,,,,,,,Compatible_with_all_major_binding_brands,0.9390,,0.65,0.7000,,,,,,,,,,,,,,89.8,0.9726,,,,,,,,,,,,,
D4shrOp8jr,,Slash_Quiver_Slash,,0.9964,True_Camber:0.9964|Cam_Out_Camber:0.0036,0.6,0.7000,,999.99,0.9175,,0.8,0.8000,,Jones_Hovercraft_2_0_629_95_USD,0.9960,,Sintered_EcoSpeed_HD_Base,0.9942,,75.0,0.6000,,7.0,0.9610,,2011,0.6000,,30.4,0.9627,,6.7,0.7000,,Advanced_to_Expert,0.9942,,,,,0.5,0.3000,,EcoGuard_Topsheet_90pct_recycled,0.9942,,,,,2600,0.6000,,Playmaker_factory_Taiwan,0.9877,,0.85,0.9449,,7.0,0.8000,,26.5,0.9627,,,,,,,,,,,,,,,0.9245,,Nitro,0.9948,,2x4_Inserts,0.9315,,Tapered_Directional,0.9966,,144_151_156_162cm,0.9315,,2026,0.9943,,Mens,0.9490,,Bi_Lite_Laminates,0.9942,,Snowboard,0.9922,,,0.9952,,2.5,0.9315,,0.6,0.7000,,Made_with_100pct_solar_energy,0.9175,,,,,0.7,0.7000,,Convex_nose_transitioning_into_front_binding,0.9660,,ABS_Sidewall,0.9591,,0.65,0.7000,,Recycled_Steel_Edge,0.9591,,3.2,0.8000,,Progressive_Sidecut,0.9942,,,,,,,,0.7,0.8000,,,,,107.0,0.9627,,,,,0.5,0.8000,,,,,0.8,0.8000,,0.7,0.8000,,0.8,0.8000,,0.7,0.8000,
Dm94yBeX8K,Nitro_AG_Switzerland,Cannon,,0.9945,,0.6,0.7000,,1099.99,0.9042,,0.5,0.8000,,Korua_Dart_swallowtail_surfy_nimble,0.8155,,85pct_post_industrial_Ptex,0.9042,,80.0,0.6000,,7.0,0.9866,,2018,0.9449,,25.5,0.6000,,6.7,0.7000,7.1m_6.3m:0.8069|7.1m_8.9m:0.1931,Advanced_to_Expert,0.9219,,2.0,0.9945,,0.7,0.7000,,EcoGuard_Topsheet_90pct_recycled,0.9923,,Bryan_Fox_Marcus_Kleveland_Markus_Keller,0.9866,,,,,,,,0.7,0.6000,,,,,,,,,,,,,,,,,,,,,0.9219,,Nitro,0.9945,,2x4_inserts_10_Pack,0.9626,,Tapered_Swallowtail_Directional,0.9945,,163cm_and_203cm,0.9202,,2027,0.9122,,Unisex_marketed_as_Mens,0.7046,,Bi_Lite_Laminates,0.9278,,Snowboard,0.9945,,,0.9042,,-25.0,0.9044,,0.6,0.5629,,32.2,0.9866,,58.0,0.8000,,0.8,0.7778,,,,,ABS_Sidewall,0.9278,,0.85,0.7113,,Recycled_Steel_Edge_50pct,0.9923,,5.2,0.8000,,Progressive_Sidecut,0.9866,,,,,,,,0.7,0.7329,,,,,106.0,0.9044,,,,,,,,,,,,,,,,,,,,,,
Dvxb550TR1,,ThunderStorm,,0.6146,Low_Camber:0.6146|Medium_Camber_3BT_SideKick:0.3854,0.7,0.7400,,959.99,0.7800,,0.8,0.8000,,Jones_Flagship,0.7004,,Ultra_Glide_S_premium_7000_sintered,0.9905,,78.0,0.9554,68_to_88kg:0.9554|65_to_85kg:0.0446,6.0,0.9906,,2023,0.8000,,29.85,0.9554,30.1_29.6:0.9554|30.2_29.5:0.0446,7.5,0.7400,,Advanced,0.7400,,2.0,0.8000,,,,,Step_Down_Rails_Top_3D_reduces_weight_precision,0.9905,,,,,2600.0,0.9626,,Saudi_Arabia,0.5447,Saudi_Arabia:0.5447|Uncertain_moved_multiple_times:0.3152,,,,,,,25.6,0.7400,,,,,117.0,0.7400,,7.6,0.7400,,,,,,0.7800,,Bataleon,0.9984,,2x4_config_24_German_stainless_inserts,0.9905,,Tapered_Directional,0.9870,,144N_148N_152N_154_156_158_161_156W_159W_162W,0.9637,144N_148N_152N_154_156_158_161_156W_159W_162W:0.9637|156_158_161_156W_159W_162W:0.0363,2027,0.7800,,Unisex_listed_as_Mens_by_some,0.9905,,Tri_Ax_three_way_fiberglass_weave,0.9434,,Snowboard,0.9984,,,0.7400,,10.0,0.9449,,0.7,0.8000,,,,,55.0,0.7400,,0.7,0.8000,,DST_Dual_SuperTubes_hollow_carbon_cylinders,0.9967,,Flex_Walls_urethane_poured_shock_absorbing,0.9905,,0.75,0.6892,,,,,,,,Single_radius_sidecut,0.7400,,6.0,0.9396,,Standard_insert_compatible_non_Burton_EST,0.8941,,,,,Thunder_mens_and_Storm_womens_merged,0.9979,,,,,0.75,0.8000,,,,,84.4,0.9554,,,,,,,,,,,,,
DwdfjTb0PY,Burton_Snowboards_Burlington_Vermont_USA,Family_Tree_Hometown_Hero,,0.9890,,0.85,0.7000,,1049.99,0.9890,,0.5,0.8000,,Lib_Tech_Orca_more_powder_float_less_hardpack,0.9416,,Recycled_Sintered_WFO_high_density_wax_infused,0.9860,,79.5,0.9002,,7.0,0.9063,7.0:0.9063|6.5:0.0937,2020,0.9890,,30.02,0.9002,,7.4,0.9002,,Advanced_to_Expert,0.7392,Advanced_to_Expert:0.7392|Intermediate_Advanced:0.1307|Intermediate_Expert:0.1301,3.0,0.8000,,0.85,0.8000,,EcoZen_topsheet_unverified_for_2027,0.4504,,Bosco_Sodi_base_Dom_Berrini_topsheet,0.9524,,,,,Kiel_Nindl_GMBH_Austria,0.9865,,,,,,,,25.2,0.9002,,105.0,0.6000,,117.7,0.9002,,,,,,,,,0.4950,Mellow_Freeride:0.4950|All_Mountain_Freeride:0.4950,Burton,0.9958,,The_Channel_all_brands_best_with_EST,0.9890,,Freeride_Directional,0.8183,Freeride_Directional:0.8183|Tapered_Directional:0.1654,144_148_152_156_160_156W_160W_165W,0.9890,,2027,0.9958,,Unisex,0.9479,,45_degree_Carbon_Highlights_full_tip_to_tail,0.9002,,Snowboard,0.9958,,,0.9868,,40.0,0.9002,,0.4,0.8000,,FSC_Certified,0.9524,,56.0,0.9002,,0.6,0.7000,,,,,Inferred_sandwich_construction_unverified,0.5003,,0.8,0.8000,,,,,3.2,0.7000,,,,,12.0,0.9860,,,,,,,,,,,112.0,0.9002,,,,,,,,85.7,0.5000,85.7:0.5000|83.9:0.5000,,,,,,,0.83,0.6000,,,,
ESIYSaCdUS,Mervin_Manufacturing,T.Rice_Orca,,0.6562,,0.75,0.7787,,1199.99,0.9890,,,,,Warpig_Harpoon_Dancehaul_Flagship_MindExpander_Hovercraft_Mercury_Gremlin_Dart_Hybrid_PartyWave,0.5410,,Double_layer_UHMW_polyethylene,0.5842,,70.0,0.6000,,7.0,0.9945,7.0:0.9945|6.0:0.0055,2018,0.8000,,31.05,0.9957,,7.0,0.7000,,Intermediate_to_Expert,0.8947,,1.25,0.9557,,0.9,0.9000,,Eco_Sublimated_Poly_Topsheet,0.9890,,Travis_Rice,0.9957,,,,,Sequim_Washington_USA,0.9073,,,,,,,,,,,,,,,,,,,,,,,,0.9957,,Lib_Tech,0.9779,,2x4,0.9890,,Tapered_Directional,0.9890,,138_144_147_150_153_156_159_162cm,0.9957,,2025-2026,0.9957,,Unisex_Mens,0.8044,,Tri_Ax_Bi_Ax_Fiberglass_Basalt_Alloy,0.7787,,,,,,0.5909,Deep_powder_variable_snow_trees_steep:0.5909|Powder_tree_quiver_handles_resort:0.4091,5.0,0.9449,,0.3,0.4014,,Zero_hazardous_waste_producing_factory,0.9278,,55.56,0.8000,,0.9,0.9000,,Basalt_strength_higher_than_fiberglass_better_damping,0.7358,,Birch_Internal_Sidewalls,0.7400,,0.7,0.7000,,Magne_Traction_7_serrations_per_edge,0.6562,,2.2,0.8000,,,,,10.0,0.9449,,,,,0.9,0.9000,,Climax_and_Gold_Member,0.8767,,110.0,0.9957,,,,,,,,88.9,0.9278,,,,,,,,,,,,,
ET3uyMvXNe,Mervin_Manufacturing,Off_Ramp,,0.9998,Traditional_Camber:0.9998|C3_Camber:0.0002,0.65,0.6000,,678.99,0.9974,,1.0,0.9573,,Burton_Blossom,0.9742,,Eco_Sublimated_Sintered,0.9974,,70.0,0.6000,,7.0,0.9948,,2024,0.8000,,29.5,0.9974,,8.2,0.9974,,Intermediate_to_Advanced_Expert,0.9774,,,,,,,,Eco_Sublimated_Poly_Top,0.8813,,Phil_Hansen_and_Matteo_Soltane,0.9996,,,,,Sequim_Washington_USA,0.9994,,,,,,,,25.3,0.9974,,,,,,,,,,,,,,,0.7113,Freestyle_Park_Twin:0.7113|All_Mountain_Freestyle:0.2887,Lib_Tech,0.9984,,2x4_inserts,0.9013,,True_Twin,0.9974,,148_151_154_157_157W,0.9979,148_151_154_157_157W:0.9979|154_157:0.0021,2025,0.9974,,Mens,0.9804,,Tri_axial_and_Bi_axial_fiberglass,0.8813,,Snowboard,0.9991,,,0.8104,,0.0,0.9974,,0.7,0.8000,,Zero_hazardous_waste_renewable_energy_eco_sublimation,0.9924,,57.47,0.8000,,0.85,0.8000,,,,,Birch_internal_sidewalls_vertical_end_grain,0.8813,,0.7,0.7000,,Magne_Traction_serrated_edges_7_serrations,0.9974,,,,,,,,,,,Union_Ultra,0.9980,,,,,Lib_Tech_Box_Knife,0.9980,,115.0,0.9974,,,,,,,,84.4,0.9742,,,,,,,,,,,,,
EToYuxqbks,,Mystery_Day_Trader,,0.9733,,0.75,0.7000,,1539.99,0.9914,,0.0,0.9914,,Capita_Nitro_Salomon_K2_Yes_Jones,0.7309,,Methlon,0.9577,,68.0,0.9016,,6.0,0.9768,6.0:0.9768|6.0-9.0:0.0232,,,,29.23,0.9581,,7.4,0.9581,,Intermediate_to_Expert,0.6937,Intermediate_to_Expert:0.6937|Expert:0.3063,3.0,0.9974,,0.6,0.6000,,,,,,,,,,,Austria_Keil_factory,0.9970,,,,,,,,24.9,0.9581,,105.0,0.6000,,117.5,0.9016,,7.7,0.9016,,30.02,0.8000,,,0.9561,,Burton,0.9985,,The_Channel,0.9997,,Tapered_Directional,0.9553,,145_150_155_160cm,0.9524,,2025,0.9985,,Unisex,0.9663,,Mystery_Glass,0.9547,,Snowboard,0.9517,,7.0,0.9097,,-37.5,0.9914,,0.5,0.8000,,,,,56.0,0.9016,,,,,,,,,,,,,,Frostbite_Edges,0.9939,,,,,,,,12.0,0.9915,,All_major_bindings_best_with_Burton_EST,0.9006,,,,,Day_Trader_2014_then_FT_Day_Trader_2016_2021,0.9971,,,,,,,,,,,,,,,,,,,,,,,,,
EZ0IoSIe38,Low_Pressure_Studio_Nidecker_Group,The_Surfer,,0.9185,Low_Camber_3BT_SideKick:0.9185|Medium_Camber_3BT_SideKick:0.0815,0.8,0.8000,,1899.99,0.9974,,0.0,0.9940,,Burton_Fish_3D_679_95_USD,0.9692,,Nano_Speed_S_sintered_ISOSPORT_7000,0.9998,,77.0,0.9974,,4.0,0.9995,,2017,0.6000,,30.65,0.9974,,7.74,0.9974,,Intermediate_Advanced,0.9157,,3.0,0.8000,,0.4,0.7000,,Step_Down_Rails_Top_3D,0.9996,,,,,3000,0.9146,,Austria_CAPiTA_Mothership,0.9972,,0.65,0.6000,,,,,25.9,0.9974,,87.0,0.8000,,123.3,0.9974,,7.89,0.9974,,,,,,0.9969,,Bataleon,0.9974,,2x4_Inserts,0.9868,,Tapered_Directional,0.9959,,149cm_154cm_159cm_162cm,0.9974,,2027,0.5946,2027:0.5946|2025/2026:0.4054,Mens,0.9984,,Tri_Ax_triaxial_fiberglass,0.9974,,Snowboard,0.9984,,,0.9959,,-25.0,0.9687,,0.6,0.8000,,,,,55.0,0.8000,,0.6,0.6000,,Carbon_Stringers,0.9956,,Urethane_Flex_Walls,0.9490,Urethane_Flex_Walls:0.9490|ABS_Solid_Walls:0.0510,0.85,0.8000,,,,,,,,Progressive_sidecut,0.9940,,2.8,0.9000,,Standard_2x4_compatible_all_major_brands,0.9868,,,,,Surfer_LTD_limited_125_150_units,0.9969,,116.0,0.9146,,0.85,0.8000,,,,,,,,,,,,,,,,,,,
EmdmnQ5oQr,Mervin_Manufacturing,Wagyu,,0.9974,,0.85,0.8536,,899.99,0.9231,,0.85,0.8000,,Lib_Tech_also_Mervin_Manufacturing,0.9808,,Fast_tough_wax_retentive,0.9387,,65.0,0.6000,,8.0,0.9682,8.0:0.9682|6.0:0.0318,2025,0.8000,,29.3,0.9974,,8.0,0.9974,,Intermediate_to_Advanced,0.9278,,1.0,0.8000,,,,,Eco_Sublimated_Poly_Topsheet,0.8536,,Cannon_Cummins,0.8427,,,,,Carlsborg_WA_USA,0.9840,,,,,,,,25.3,0.9974,,67.5,0.6000,,,,,8.1,0.9974,,29.5,0.9974,,,0.9974,,GNU,0.9974,,2x4_Inserts,0.9832,,Directional_Twin,0.9977,,155_158_161cm,0.9974,,2025-2026,0.9974,,Mens,0.8502,,TriAx_BiAx_fiberglass_Carbon_Power_Bands,0.9387,,Snowboard,0.9974,,,0.9976,,0.5,0.9231,,,,,Zero_hazardous_waste_production,0.9777,,57.15,0.8000,,0.9,0.9000,,Carbon_Power_Bands,0.9371,,UHMW_Polyethylene,0.9371,,,,,MagneTraction_7_serrations,0.9928,,3.0,0.4000,,,,,,,,,,,,,,New_model_2025_2026_no_direct_predecessor,0.9490,,115.0,0.9974,,,,,,,,,,,,,,,,,,,,,,
ErS7nbbAfK,Nitro_AG_Hunenberg_Switzerland,Team,,0.9027,True_Camber:0.9027|Cam_Out_Camber:0.0973,0.6,0.7000,,899.99,0.9793,,0.5,0.8000,,Burton_Custom_CAPiTA_Mercury_Salomon_Assassin_K2_Broadcast_Yes_Standard_Jones_Mountain_Twin,0.5556,,Sintered_EcoSpeed_HD_Base,0.9584,,70.0,0.9827,,7.0,0.9827,,2000,0.6000,,28.9,0.9827,,7.3,0.8000,,Advanced_Expert,0.9142,Advanced_Expert:0.9142|Intermediate:0.0858,2.0,0.9945,,0.75,0.8000,,,,,,,,2600,0.6000,,Taiwan_Playmaker_factory,0.9971,,0.85,0.9219,,3.0,0.8000,,25.0,0.9827,,75.0,0.8000,,,,,7.3,0.8000,,,,,,0.9793,,Nitro,0.9827,,2x4_Inserts,0.9827,,Directional_Twin,0.9793,,152_155_157_159_162_157W_159W_162W_165W,0.9827,,2027,0.9861,,Mens,0.8904,,Bi_Lite_Laminates,0.9960,,Snowboard,0.9861,,,0.9793,,-1.5,0.9827,,0.6,0.8000,,Solar_FSC_water_inks_recycled,0.9950,,,,,0.5,0.7000,,,,,ABS_flexible_impact_resistant,0.9828,,0.75,0.8000,,Recycled_Steel_Edge,0.9793,,2.3,0.7000,,Dual_Degressive_Sidecut,0.9827,,,,,,,,,,,,,,117.0,0.9827,,,,,,,,,,,0.8,0.8000,,0.8,0.8000,,0.8,0.8000,,,,
FA7n3YKV1P,Mervin_Manufacturing,Terrain_Wrecker,,0.9982,,0.75,0.8000,,999.99,0.9963,,1.0,0.9999,,Korua_Otto_K2_Manifest_Jones_Frontier_Ride_Algorythm_etc,0.9406,,Eco_Sublimated_TNT_Base,0.9980,,65.0,0.6000,,6.5,0.4000,6.5:0.4000|6.0:0.3500|7.0:0.2500,2018,0.9979,,,,,,,,Beginner_to_Expert,0.6355,Beginner_to_Expert:0.6355|Intermediate_Advanced:0.2245|Intermediate:0.1400,1.0,0.8000,,,0.9406,,Eco_Sublimated_Poly_Topsheet,0.9979,,Schoph,0.9957,,2860.0,0.9499,,Sequim_Washington_USA,0.9991,,0.7,0.9462,,5.5,0.8000,,,,,67.5,0.6000,,,,,,,,,,,,0.9663,All_Mountain:0.9663|All_Mountain_Freeride:0.0300,Lib_Tech,0.9987,,2x4_Inserts,0.9948,,Directional_Twin,0.9965,,152_154_157_160_156W_161W,0.9979,,2025-2026,0.9979,,Mens,0.6891,,Tri_Ax_Bi_Ax_Fiber,0.9981,,Snowboard,0.9991,,,0.9965,,,,,0.4,0.7000,,Zero_hazardous_waste_producing_factory,0.9992,,57.47,0.8000,,0.9,0.9000,,,,,Birch_Internal_plus_UHMW_Sintered_Sidewalls,0.9551,,0.8,0.8000,,Magne_Traction_7_serrations,0.9981,,3.8,0.7000,,,,,,,,,,,0.3,0.8000,,,,,,,,1.0,0.7855,,0.7,0.8000,,87.3,0.9499,,0.7,0.8000,,0.8,0.8000,,0.6,0.8000,,0.8,0.8000,
FIrOush9ym,Nitro_AG_Hunenberg_Switzerland,Squash,,0.9985,,0.65,0.7000,,839.99,0.9974,,0.8,0.8000,,Jones_Hovercraft_2_0,0.9499,,Sintered_Speed_Formula_HD_Base,0.9974,,70.0,0.9974,,7.0,0.9974,,2017,0.7090,,29.9,0.9974,,7.2,0.7000,,Advanced,0.9974,,2.0,0.8000,,0.7,0.8000,,,,,Bryan_Fox_and_Austin_Smith,0.8989,,,,,,,,0.85,0.9595,,7.0,0.8000,,25.3,0.9974,,75.0,0.8000,,,,,7.4,0.8000,,,,,,0.8980,Freeride_Powder:0.8980|All_Mountain_Freeride:0.0531|Freeride_Powder_Carving:0.0489,Nitro,0.9985,,2x4_Inserts,0.9974,,Tapered_Swallowtail,0.7966,Tapered_Swallowtail:0.7966|Tapered_Directional:0.2034,156cm_159cm,0.9030,156cm_159cm:0.9030|156mw_159mw_163w:0.0970,2026,0.9985,,Mens_also_womens_youth,0.9044,,Bi_Lite_Laminates_biaxial_fiberglass,0.9974,,Snowboard,0.9985,,,0.9974,,-2.5,0.9974,,0.5,0.7000,,FSC_Certified_Wood_Core,0.9203,,54.0,0.8000,,0.7,0.8000,,,,,ABS_flexible_impact_resistant,0.9974,,0.75,0.8000,,Recycled_Steel_Edge_50_percent,0.9974,,4.2,0.7000,,Progressive_Sidecut,0.9974,,6.0,0.9465,,,,,,,,Nitro_Quiver_Squash_2017_2018,0.7090,,112.0,0.9974,,,,,0.2,0.8000,,,,,0.8,0.7000,,0.7,0.8000,,0.95,0.9000,,0.5,0.8000,
Fe6JmaxXS2,Mervin_Manufacturing,Golden_Orca,,0.9985,,0.7,0.7000,60pct_Makah_Hemlock_40pct_Paulownia:0.9777|60pct_Aspen_40pct_Paulownia:0.0223,1399.99,0.9963,,0.5,0.7000,,Yes_PYL_Burton_FA_Jones_Flagship_Cartographer_Instigator_Korua_Otto_Frontier,0.9219,,Sintered_Knife_Cut_Base,0.9922,,80.0,0.6000,140_plus_lbs_65_plus_kg:0.9554|70_plus_kg:0.0446,8.0,0.7828,8.0:0.7828|7.0:0.1993|6.0:0.0179,2021,0.8000,,30.1,0.9637,30.1:0.9637|30.2:0.0363,,,,Intermediate_Advanced,0.9922,,,,,0.75,0.7000,,Ocean_bound_PBT_recycled_PET,0.9772,Ocean_bound_PBT_recycled_PET:0.9772|Eco_Sublimated_Poly_Topsheet:0.0228,Travis_Rice,0.9985,,2700,0.6000,,Sequim_Washington_USA,0.9840,,,,,,,,,,,87.5,0.6000,155_plus_lbs_75_plus_kg:0.9554|80_plus_kg:0.0446,,,,,,,31.1,0.9637,31.1:0.9637|31.3:0.0363,,0.8666,All_Mountain_Directional:0.8666|Freestyle_Powder_Directional_Freeride:0.0971|Freeride_Powder:0.0364,Lib_Tech,0.9975,,2x4_Inserts,0.9937,,Tapered_Directional,0.9937,,150_153_155_157_159_161_164cm,0.9948,,2027,0.9985,,Mens,0.8949,,Tri_Ax_Bi_Ax_Fiber_Basalt_Alloy_Carbon_X,0.9922,,Snowboard,0.9985,,,0.9922,,25.0,0.9989,,0.7,0.6000,,Zero_hazardous_waste_89pt6pct_hydroelectric_biodiesel,0.9284,,50.8,0.8000,,0.9,0.9000,,UHMW_Tip_Tail_Impact_Deflection_reduces_swing_weight,0.9922,,Birch_Internal_UHMW_Sintered_Sidewall,0.9922,,0.7,0.7000,,Magne_Traction_7_serrations,0.9937,,2.5,0.7000,,,,,9.0,0.9548,,,,,0.5,0.7000,,,,,,,,,,,,,,85.9,0.9186,,,,,,,,,,,,,
FfsQXy5GNw,,Stale_Fish,,0.9681,,0.7,0.8000,,1049.99,0.9681,,0.5,0.8000,,Jones_Hovercraft_Lib_Tech_Orca_NS_Harpoon_and_others,0.9405,,SinterStrong_low_maintenance_sintered_fast,0.9910,,84.0,0.9743,,7.0,0.9091,7.0:0.9091|6.0:0.0909,2021,0.9405,,,,,,,,Advanced,0.9681,,2.0,0.8000,,0.85,0.8000,,,,,Stale_Sandbech,0.9990,,2800,0.6000,,SWS_factory_Dubai_UAE,0.9906,,0.85,0.9405,,8.0,0.8000,,26.71,0.9743,,,,,119.9,0.9743,,,,,,,,,0.9681,,Rome,0.9979,,2x4_Inserts,0.9681,,Tapered_Directional,0.6293,Tapered_Directional:0.6293|Directional_Twin:0.3707,154cm_157cm,0.9681,,2027,0.9681,,Mens,0.9681,,Triax_Upper_Glass_torsional_rigidity_snap,0.9681,,Snowboard,0.9979,,,0.9681,,-1.5,0.9405,,0.5,0.8000,,,,,53.34,0.9743,,0.7,0.8000,,Single_Directional_Carbon_HotRod_in_nose_stability_speed,0.9681,,Directional_Flax_Walls_natural_lightweight_I_beam_reinforced,0.9853,,,,,,,,4.2,0.8000,,Bi_Radial_Sidecut_wider_tail_smaller_nose,0.9681,,15.52,0.5798,15.52:0.5798|15.0:0.4202,,,,,,,Shape_from_Rome_Pow_Division_added_camber_nose_lift,0.9343,,,,,0.75,0.8000,,0.2,0.8000,,,,,0.8,0.8000,,0.8,0.8000,,0.8,0.8000,,0.5,0.8000,
FiIDCwcDut,Salomon_SAS_founded_1947_Annecy_France,Reflect,,0.9961,,0.55,0.8000,,599.99,0.9974,,0.8,0.8000,,K2_Raygun_popular_beginner,0.5405,,Extruded,0.9961,,75.0,0.9963,,2.0,0.9953,,2023,0.6892,,29.6,0.9962,,,,,Beginner,0.9941,,2.0,0.8000,,,,,,,,,,,,,,,,,,,,,,,25.1,0.9962,,,,,117.5,0.9962,,,,,30.0,0.8000,,,0.9925,,Salomon,0.9941,,4x2_Inserts,0.9955,,Directional_Twin,0.9961,,142_145_149_152_156_160_163_158W_162W,0.5946,142_145_149_152_156_160_163_158W_162W:0.5946|145_149_152_156_158W_160_162W:0.4054,2023_2024_2025_2026,0.9910,,Mens,0.7923,,BA_LD_Glass_low_density_fiberglass,0.9955,,Snowboard,0.9941,,,0.5854,All_Mountain:0.5854|Park_Freestyle_All_Mountain:0.4146,10.0,0.9754,,0.4,0.8000,,FSC_Certified_wood_core,0.9953,,55.0,0.8000,,,,,None_listed_entry_level_construction,0.9548,,ABS,0.9961,,0.75,0.7000,,Bite_Free_Edges,0.9961,,,,,Radial,0.9961,,,,,Standard_4x2_insert_all_major_binding_brands,0.9694,,,,,,,,,,,,,,,,,,,,,,,,,,,,,,,
FiYL0Z6Hud,Nitro_AG_Hunenberg_Switzerland,Nomad,,0.9687,Cam_Out_Camber:0.9687|Flat_Out_Rocker:0.0313,0.55,0.7000,,839.99,0.9974,,0.0,0.9948,,Rossignol_Escaper_affordable,0.9140,,Low_maintenance_ultra_clear,0.7606,,65.0,0.6000,,6.0,0.9970,,2018,0.5372,2018_2019:0.5372|2015:0.4628,30.5,0.9948,,7.0,0.7219,,Entry_level_to_intermediate,0.9856,,2.0,0.9963,,,,,Water_based_inks,0.9941,,,,,3300.0,0.9900,,,,,,,,,,,25.2,0.9555,,75.0,0.6000,,,,,7.0,0.8000,,,,,,0.9951,,Nitro,0.9951,,Voile_Compatible,0.9941,,Directional_Splitboard,0.9970,,159_162cm,0.8271,159_162cm:0.8271|156_159_162cm:0.1440|156_161_165cm:0.0289,2025,0.9998,,Men,0.6182,,Bi_Lite_Laminates_two_direction,0.9970,,Splitboard,0.9951,,,0.8079,,-25.0,0.9948,,0.5,0.8000,,Yes_Carbon_Neutral,0.9941,,,,,0.75,0.6000,,T7075_Forged_Aluminium_Hooks,0.9941,,,,,0.65,0.7000,,Standard_Steel_Edges,0.7499,,,,,Radial_Sidecut,0.7258,Radial_Sidecut:0.7258|Dual_Degressive_Sidecut:0.2742,,,,Requires_splitboard_specific_bindings,0.9547,,,,,,,,104.0,0.7219,,,,,,,,,,,,,,,,,,,,,,
FwO44ugEfM,,Skate_Banana,,0.9963,,0.75,0.8000,,969.99,0.6311,,1.0,0.9999,,CAPiTA_DOA_more_aggressive_hybrid_camber,0.8333,,Sintered_Knife_Cut_Base,0.7492,,50.0,0.6000,,4.0,0.6311,,2007,0.5500,2007:0.5500|2006:0.4500,28.8,0.9963,,8.3,0.9963,,Beginner_to_Pro,0.9963,,1.0,0.7292,,0.65,0.7000,,Eco_Sublimated_Poly_Topsheet,0.7492,,Brandon_Reis,0.9896,,2860.0,0.9595,,Sequim_Washington_USA,0.9245,,,,,,,,25.5,0.9963,,42.5,0.6000,,,,,8.4,0.9963,,,,,,0.9926,,Lib_Tech,0.9995,,2x4_Inserts,0.6311,,Twin,0.9926,,150_152_154_156_159cm,0.9963,,2027,0.9926,,Mens,0.6173,,Tri_Ax_Bi_Ax_Fiber,0.8127,,Snowboard,0.9926,,,,,0.0,0.9974,,0.3,0.8000,,FSC_wood_eco_sublimation_zero_waste_biodiesel_hydroelectric,0.9986,,54.93,0.8000,,0.75,0.8000,,No_carbon_stringers_or_layers_basic_construction,0.8812,,Birch_internal_sidewalls,0.7292,,0.8,0.8000,,Magne_Traction_7_serrations,0.9977,,4.5,0.9595,,,,,,,,,,,0.4,0.9595,,,,,117.0,0.9963,,,,,,0.9595,,84.2,0.9595,,,0.9595,,,0.9595,,,,,,,
G1bWhqfcdm,Burton_Snowboards_Vermont_1977,Custom_Flying_V,,0.9537,,0.8,0.7000,,999.99,0.9230,,0.9,0.8000,,Jones_Mountain_Twin_camrock_TractionTech,0.9990,,Sintered_WFO_high_density,0.9529,,79.5,0.9301,,4.5,0.9301,,2010,0.8000,,29.4,0.9301,,7.8,0.9301,,Intermediate_Expert,0.7217,Intermediate_Expert:0.7217|Intermediate_Advanced:0.2669|Beginner_Intermediate:0.0114,3.0,0.8000,,0.6,0.7000,,Not_explicitly_specified,0.9990,,,,,2600,0.3000,,Not_specified_in_sources,0.9990,,,,,,,,25.2,0.9301,,79.5,0.8000,,119.5,0.9301,,7.9,0.9301,,29.7,0.9301,,,0.9524,,Burton,0.9543,,The_Channel_system,0.9563,,Directional,0.9537,,150_154_154W_156_158_158W_162_162W_166W,0.5631,150_154_154W_156_158_158W_162_162W_166W:0.5631|150_154_156_158_158W_162W:0.3456|154_156_158:0.0913,2027,0.9534,,Mens,0.9951,,45_degree_Carbon_Highlights_tip_to_tail,0.9562,,Snowboard,0.9543,,5.0,0.9001,,-1.25,0.9301,,0.4,0.8000,,Super_Sap_Epoxy_50pct_carbon_reduction,0.9386,,53.0,0.9301,,,,,Squeezebox_profiled_core,0.9562,,Not_explicitly_specified_2027,0.7309,,0.75,0.8000,,Frostbite_Edges_extended_under_bindings,0.9368,,,,,Standard_radial_sidecut,0.9301,,,,,Channel_compatible_all_major_binding_brands,0.9563,,,,,,,,,,,,,,,,,,,,,,,,,,,,,,,
G88zCxeQiC,Mervin_Manufacturing,C_Money,,0.9974,,0.7,0.8000,Aspen_Paulownia:0.8037|Poplar_Paulownia:0.1963,524.99,0.9914,,1.0,1.0000,In_stock:1.0000|Some_sizes_sold_out:0.0000,Lib_Tech_Off_Ramp_C3_MagneTraction,0.9212,,Eco-Sublimated_Co-Ex,0.9974,,,,,6.0,0.8813,6.0:0.8813|5.0:0.1187,2024,0.7774,,,,,,,,Intermediate_to_Advanced,0.9772,,,,,,,,Eco_Sublimated_Poly_Top,0.9974,,Jay_Howell,0.9890,,2780.0,0.9840,,Carlsborg_WA_USA,0.9996,,0.3,0.8000,,,,,,,,,,,,,,,,,,,,,0.9974,,GNU,0.9974,,2x4_Inserts,0.9982,,True_Twin,0.9979,,144_148_150W_152_154_154W_156_158W_159,0.9781,144_148_150W_152_154_154W_156_158W_159:0.9781|152_154_156_159_150W_154W_158W:0.0219,2025,0.9974,,Mens,0.9018,,Tri-Ax_Bi-Ax_with_Rubber_Dampening,0.6565,Tri-Ax_Bi-Ax_with_Rubber_Dampening:0.6565|Tri-Ax_Bi-Ax_Glass:0.3435,Snowboard,0.9974,,,0.9994,,0.0,0.9979,,0.6,0.7000,,FSC_Certified,0.9870,,57.47,0.8000,,0.8,0.8000,,,,,UHMW_polyethylene,0.9340,,0.6,0.6000,,Magne-Traction_7_serrations,0.9975,,,,,,,,,,,,,,0.3,0.9741,,,,,,,,1.0,0.9000,,,,,83.2,0.9840,,,,,,,,,,,,,
GG1fxPkGjX,RIDE_Snowboards,Vantum,,0.7941,Directional_Standard_Camber:0.7941|Hybrid_Positive_Camber:0.1900,0.85,0.8000,,999.99,0.9974,,0.6,0.7000,Coming_Soon:0.7214|Some_in_stock_some_pre_order:0.2786,Jones_Flagship_top_freeride_stiff_expert,0.9195,,Sintered_4000_PTEX,0.9829,,70.0,0.8000,,6.5,0.6914,Mid_Stiff:0.6914|Mid:0.3086,,,,30.25,0.8000,,7.2,0.6000,,Intermediate_Advanced,0.9897,,2.0,0.6000,,,,,Topless_Construction_graphics_on_fiberglass,0.9897,,,,,,,,Seattle_WA,0.9382,,,,,,,,25.7,0.9760,,75.0,0.8000,,116.8,0.9760,,7.5,0.6000,,30.55,0.9914,,,0.9912,,RIDE_Snowboards,0.9958,,2x4_Inserts,0.9897,,Tapered_Directional,0.9829,,155_157_159,0.4724,155_157_159:0.4724|145_148_151_153_155_157_159_162_166:0.3239|154_156_158:0.1546|153_155_157_159_162:0.0491,2027,0.9922,,Mens,0.9698,,Hybrid_Glass_triaxial_top_biaxial_base,0.9735,,Snowboard,0.9922,,,0.9912,,-1.9,0.9974,,,,,Edges_contain_30_percent_recycled_materials,0.9259,,53.3,0.9914,,0.8,0.8000,,Roll_In_Construction_3D_sidewall_integration,0.9735,,Slimewalls_urethane_sidewalls_85A_90A,0.9946,,,,,Standard_Steel_Austrian_full_perimeter,0.9992,,3.5,0.5000,,Linear_Quadratic_Sidecut,0.9569,Linear_Quadratic_Sidecut:0.9569|Reducing_Tri_Radial_Sidecut:0.0431,,,,,,,,,,,,,,,,,,,,,,,,,,,,,,,,,,,,
GSsp6zdE7M,Nitro_AG_Hunenberg_Switzerland,Phase_x_Motorhead,,0.9959,,0.55,0.7000,,799.99,0.9312,,0.5,0.8000,,Burton_Custom_go_to_all_mountain_camber,0.6897,,Premium_Extruded_FH_Base,0.9552,Premium_Extruded_FH_Base:0.9552|Sintered_Extruded_FH_Base:0.0448,65.0,0.9959,,6.0,0.9959,,,,,29.8,0.9959,,6.5,0.8000,,Intermediate,0.9312,,2.0,0.9949,,0.5,0.5000,,Motorhead_band_themed_collaboration_artwork,0.9738,,,,,,,,Taiwan_Playmaker_factory,0.7953,,,,,,,,25.5,0.9959,,80.0,0.6000,,,,,6.9,0.8000,,30.0,0.9959,,,0.9312,,Nitro,0.9312,,2x4_Inserts,0.9545,,Directional,0.9959,,155cm_Mid_Wide,0.9312,,2027_FW_2026_27,0.9815,,Mens,0.8968,,Bi_Lite_Laminates,0.9959,,Snowboard,0.9312,,10.0,0.9949,,-1.5,0.9959,,,,,Yes,0.9959,,54.0,0.8000,,,,,,,,ABS_Sidewall,0.9959,,,,,Recycled_Steel_Edge,0.9959,,,,,Dual_Degressive_Sidecut,0.9959,,,,,Standard_2x4_compatible_any_standard_or_mini_disk,0.7953,,,,,,,,109.0,0.9959,,,,,,,,,,,,,,,,,,,,,,
GkH4jd6Ct4,CAPiTA_C3_Worldwide_Austria,Mega_Death,,0.9965,,0.65,0.7000,,1999.99,0.9974,,0.5,0.7000,,Black_Snowboard_of_Death_bigger_better_brother,0.9944,,Megadrive_XT_sintered_race_base_UHMW_carbon_fluoro,0.9969,,72.5,0.9303,,6.5,0.9404,6.5:0.9404|7.0:0.0596,2024,0.8000,,29.55,0.9303,,7.87,0.7000,,Advanced_to_Expert,0.9553,,2.0,0.9940,,0.3,0.8000,,Screen_Print_Metallic_Underlay,0.9055,,,,,2000,0.6000,,Handcrafted_at_The_Mothership_Austria,0.9995,,0.85,0.7000,,7.0,0.8000,,25.6,0.9303,,76.5,0.8000,,119.7,0.9303,,8.1,0.8000,,29.95,0.8000,,,0.9650,,CAPiTA,0.9975,,2x4_Stainless_Steel_Inserts,0.9329,,Directional,0.9996,,156_159_162_157W_161W_165W,0.9963,,2027,0.9558,,Mens,0.9553,,Pure_Megacarbon_Marine_Grade_Epoxy,0.9258,,Snowboard,0.9991,,,0.8294,,20.0,0.9953,,0.5,0.8000,,Certified_B_Corp,0.9827,,55.9,0.9303,,0.85,0.8000,,Pure_Megacarbon_full_carbon_tip_to_tail,0.9900,,Fortress_Kevlar_Bound_Sidewalls,0.4569,Fortress_Kevlar_Bound_Sidewalls:0.4569|Full_ABS1000_Sidewalls:0.4495,0.65,0.6000,,360_Degree_HRC48_Steel_Edges,0.8843,,6.5,0.6667,Torsionally_stiff_difficult_not_agile_slow:0.6667|Smooth_easy_all_speeds:0.3333,New_Age_Progressive_Death_Grip,0.9371,,1.1,0.9204,,,,,0.65,0.8000,,,,,,,,1.0,0.9000,,,,,,,,,,,,,,,,,,,
HCIRfP46Dh,Nitro_AG_Hunenberg_Switzerland,Quiver_Dinghy,,0.9957,,0.65,0.7000,,999.00,0.9995,,1.0,1.0000,,Gentemstick_Mantaray_Jones_Hovercraft_Korua_TF_Rome_Stalefish_Cardiff_Powgoda_Jones_ME_Yes_PYL,0.9771,,Sintered_EcoSpeed_HD_Base,0.9940,,80.0,0.6000,,7.0,0.9964,,2023,0.7742,,31.1,0.9940,,6.95,0.7000,,Advanced_Expert,0.8615,Advanced_Expert:0.8615|Intermediate_Advanced:0.0984|Intermediate:0.0400,2.0,0.7935,,0.5,0.6000,,EcoGuard_Topsheet_90pct_recycled,0.9940,,Bryan_Fox_Austin_Smith,0.7321,,,,,Playmaker_factory_Taiwan,0.6923,,0.85,0.9726,,8.0,0.8000,,26.7,0.9940,,87.5,0.6000,,,,,7.3,0.8000,,31.5,0.8000,,,0.6911,,Nitro,0.9974,,2x4_Inserts,0.9138,,Tapered_Directional,0.9957,,150W_155W_160W,0.9957,,2026,0.9940,,Unisex,0.7547,,Bi_Lite_Laminates,0.9940,,Snowboard,0.9957,,10.0,0.9940,,-15.0,0.9998,,0.4,0.8000,,Made_with_100pct_solar_power,0.9940,,54.0,0.8000,,0.7,0.8000,,3D_Surf_Tech_convex_nose_concave_tail,0.7452,,ABS_Sidewalls_35pct_recycled,0.9940,,0.6,0.5000,,50pct_Recycled_Steel_Edge,0.9940,,4.2,0.8000,,Progressive_Sidecut,0.9957,,,,,,,,,,,,,,,,,,,,0.5,0.8000,,,,,0.7,0.8000,,0.7,0.8000,,0.8,0.8000,,0.5,0.8000,
HMNCaRzQ4Q,Burton_Snowboards_B_Corp,Rewind,,0.9731,,0.95,0.9000,,559.99,0.9974,,0.1,0.6000,,CAPiTA_Paradise_529_95_at_evo,0.9569,,Sintered_durable_high_wax_absorption,0.9634,,68.0,0.9963,,2.5,0.5504,2.5:0.5504|1-4:0.4496,,,,29.42,0.8000,,7.5,0.9963,,Intermediate_to_Expert,0.9568,,3.0,0.8000,,0.75,0.8000,,Graphics_inspired_by_spray_paint_on_cardboard_punk_graffiti,0.9383,,,,,,,,,,,,,,,,,25.1,0.9963,,79.5,0.8000,,118.5,0.9963,,7.7,0.9963,,29.72,0.9000,,,0.9948,,Burton,0.9714,,The_Channel_mounting_system,0.9731,,True_Twin,0.9752,,140_145_148_151_155_158cm,0.9963,,2025,0.9963,,Unisex_2025,0.9948,,Womens_Specific_Triax_Fiberglass,0.6587,Womens_Specific_Triax_Fiberglass:0.6587|Triax_Fiberglass:0.3413,Snowboard,0.9714,,,0.6464,Park_7_AllMtn_7_Powder_4:0.6464|Park_4_AllMtn_7_Powder_4:0.3536,0.0,0.9963,,0.4,0.8000,,FSC_Certified_FSC_C124994,0.9380,,56.0,0.9963,,0.8,0.8000,,Off_Axis_Squeezebox_Low_15deg_core_zones,0.9023,,,,,0.75,0.7000,,Off_Axis_Frostbite_Edges,0.9543,,,,,,,,,,,Compatible_all_major_brands_best_with_Burton_EST,0.9023,,,,,Burton_Rewind_womens_specific_since_2018,0.9945,,,,,,,,,,,,,,,,,,,,,,,,,
HSn0VCB7NE,Salomon_SAS,HPS_Takaharu_Nakai,,0.9882,,0.7,0.6000,,569.99,0.8974,,0.3,0.6000,,Amplid_Souly_Grail,0.9517,,Sintered_EG_Electra_Gallium,0.9963,,85.0,0.8974,,6.0,0.9932,Medium:0.9932|Soft:0.0068,2019,0.9517,,30.4,0.8974,,,,,Intermediate_to_Advanced_Expert,0.9906,,,,,0.75,0.8000,,,,,Wolle_Nyvelt_and_Takaharu_Nakai,0.9592,,,,,China,0.9946,,,,,,,,26.2,0.8974,,92.5,0.6000,,117.0,0.8974,,,,,30.6,0.8000,,,0.9451,Freeride:0.9451|All_Mountain_Freeride_Versatile_Powder:0.0549,Salomon,0.9870,,2x4_Inserts,0.9552,,Tapered_Directional,0.9882,,155_158_161cm,0.8974,,2024,0.9870,,Mens_Unisex,0.9966,,BA_MD_Glass_medium_density_fiberglass,0.9561,,Snowboard,0.9870,,,0.8974,,30.0,0.8974,,0.5,0.8000,,FSC_certified_woodcore,0.8295,,55.0,0.3000,,0.7,0.8000,,ABC_Wrapper_bamboo_veneers_40pct_reduction,0.9963,,Bamboo_Cork_Rails,0.6779,Bamboo_Cork_Rails:0.6779|Recycled_ABS:0.3221,0.6,0.6000,,All_Mountain_Edge_Bevel,0.9552,,3.2,0.8000,,Radial,0.9601,Radial:0.9601|Quadratic:0.0399,12.0,0.9988,,,,,,,,,,,,,,,,,,,,,,,,,,,,,0.7,0.8000,,,,
HXoqrJ8jg6,Never_Summer_Industries_Denver_Colorado,Mens_Proto_T3_FR,,0.9584,,0.8,0.8000,,1049.99,0.9963,,0.5,0.8000,,Capita_Super_DOA_similar_carbon_NS_better_ice,0.7911,,Durasurf_XT_Sintered_5501_graphite,0.9981,,76.5,0.9963,,7.0,0.9981,,2026,0.6800,,,,,,,,Intermediate_Advanced,0.9980,,3.0,0.9963,,0.3,0.8000,,CoExtruded_Polymer_T3_Carbon_Mapping,0.9963,,Holden_Samuels_Freeride_World_Tour,0.4396,,2500,0.5000,,Handcrafted_Denver_Colorado_USA,0.8295,,,,,,,,25.6,0.9963,,79.0,0.8000,,118.0,0.9963,,,,,,,,,0.9535,,Never_Summer,0.9963,,2x4_inserts,0.9963,,Tapered_Directional,0.9535,,152_156_160_157W_161W_165W_162DF_166DF,0.9539,152_156_160_157W_161W_165W_162DF_166DF:0.9539|Standard_Wide_DF_up_to_170X:0.0406,2027,0.9974,,Mens,0.9538,,Bi_Lite_Fiberglass,0.9963,,Snowboard,0.9963,,,,,-19.0,0.9963,,0.7,0.8000,,,,,,,,0.9,0.9000,,T3_Directional_Carbon_Mapping_Embossment,0.7806,,UHMW_Sintered_PTex,0.9982,,0.8,0.8000,,RIP_Edge_Hold_Technology,0.9982,,2.8,0.6634,,Vario_Power_Grip_Sidecut_multi_radii,0.9654,,5.0,0.9980,,,,,0.9,0.9000,,Proto_FR_original_Triple_Camber_2021_22,0.9840,,,,,,,,,,,,,,,,,,,,,,,,,
HfNrXM61pa,Jones_Snowboards,Storm_Wolf,,0.6914,Directional_Camber_Rocker_Surf_Camber:0.6914|Directional_Hybrid_Camber:0.3086,0.85,0.8000,Bamboo_Surf_Core_Paulownia_Bamboo:0.9894|Master_Core_Poplar_Paulownia:0.0047|Boost_Core_Bamboo_Paulownia_Poplar:0.0033|V_Core_variable_density:0.0026,1199.99,0.9175,,0.8,0.8000,,Comparable_versatile_swallowtail_softer_flex,0.9654,,Sintered_8000_UHMWPE_carbon,0.7217,,70.5,0.9896,,8.0,0.6892,8.0:0.6892|9.0:0.3108,2021,0.8000,,29.5,0.7100,,8.6,0.7100,,Advanced,0.7100,,,,,0.75,0.8000,,ECO_Plastic_castor_bean_bio_plastic,0.7217,,Chris_Christenson_and_Jeremy_Jones,0.7381,,3240.0,0.9423,,SWS_factory_Dubai_UAE,0.8275,,,,,,,,26.1,0.7100,,,,,113.0,0.7100,,,,,,,,,0.9607,Swallowtail_Directional_Freeride:0.9607|Powder_Freeride:0.0349,Jones_Snowboards,0.9986,,2x4_Inserts,0.7100,,Tapered_Directional_Swallowtail,0.9974,,150_154_158_162cm,0.9896,,2027,0.9798,,Unisex,0.9726,,Biax_Fiberglass_dual_layer_dual_directional,0.9205,,Snowboard,0.9561,,,0.9423,,35.0,0.9896,,0.5,0.8000,,100pct_solar_power,0.9883,,58.0,0.7100,,,,,BComp_Carbon_Flax_Stringer,0.9948,,Recycled_ABS_rounded_finish,0.9205,,0.85,0.8000,,Recycled_oversized_German_steel_edges,0.7100,,,,,Long_progressive_sidecut,0.9897,,10.0,0.9186,10.0:0.9186|8.0:0.0814,Any_standard_or_mini_disk,0.7100,,,,,Jones_Lone_Wolf_retired,0.9654,,,,,,,,,,,87.0,0.9315,,,,,,,,,,,,,
I5UEUCsOlz,Nidecker_Group_NDK,Mens_Aviator_2_0,,0.9985,,0.85,0.8000,,1099.99,0.9147,,0.6,0.7000,,Korua_Otto_LibTech_TW_CAPiTA_Mercury_YES_NSB_more,0.8947,,Sintered_8000_UHMWPE_carbon,0.9985,,70.4,0.8000,,8.0,0.5266,8.0:0.5266|7.0:0.4734,2022,0.8044,,29.3,0.9945,293.0:0.9945|2.3:0.0055,7.7,0.9985,,Intermediate_to_Expert,0.9985,,,,,0.85,0.8000,,Premium_Eco_Topsheet_castor_bean_bioplastic,0.9985,,Victor_de_la_Rue_and_Jimmy_Goodman,0.8713,,3000.0,0.9985,,SWS_Dubai_UAE,0.9777,,0.9,0.8000,,,,,24.9,0.9974,,79.4,0.8000,,119.0,0.9517,1190.0:0.9517|1194.0:0.0483,,,,,,,,0.9978,,Jones_Snowboards,0.9974,,2x4_Inserts_Standard_Pack,0.9647,2x4_Inserts_Standard_Pack:0.9647|12_Pack_Inserts:0.0353,Directional_Twin,0.9985,,147_150_153W_154_156_157W_158_159W_160_162_163W,0.9979,,2027,0.9464,,Mens,0.9985,,Triax_Fiberglass_3layer_multiaxis,0.9985,,Snowboard,0.9985,,10.0,0.9517,10.0:0.9517|8.0:0.0483,20.0,0.9985,,0.6,0.7000,,Fair_Trade_Certified,0.9278,,56.0,0.9974,,0.8,0.4585,Great_grip_ice_Traction_Tech_3_0:0.4585|Washy_edgeless_without_pressure_3D_contour:0.3668|Good_holds_edge_effective_edge_stiff:0.1747,BComp_Carbon_Flax_Stringer,0.9999,,Recycled_ABS_rounded,0.9985,,0.75,0.7000,,Traction_Tech_strategic_contact_points,0.9985,,4.0,0.8000,,Progressive_Sidecut,0.9517,,0.0,0.9985,,M_L,0.9974,,0.3,0.4335,Chattery_in_uneven_snow:0.4335|Good_stable_damp_not_much_chatter:0.4310|Super_damp_absorbs_all_chatter:0.1355,Jones_Aviator_last_2021,0.8713,,108.6,0.9985,,0.5,0.7000,,,,,,,,,,,,,,,,,,,
Iw95Ih7EIL,Mervin_Manufacturing,T_Rice_Pro,,0.9986,,0.75,0.8000,,1169.99,0.9974,,1.0,0.9692,,Jones_Mountain_Twin_similar_twin_slightly_easier,0.9653,,Eco_Sublimated_Sintered,0.9520,,65.0,0.6000,,7.0,0.9813,7.0:0.9813|6.5:0.0123|6.0:0.0064,2005,0.6000,,30.1,0.9969,,8.2,0.9969,,Intermediate_to_Advanced,0.9584,,1.0,0.8000,,0.7,0.7000,,Eco_Sublimated_Poly,0.9562,,Travis_Rice,0.9985,,3000.0,0.9892,,Sequim_Washington_USA,0.9865,,,,,,,,25.8,0.9969,,62.5,0.6000,,,,,8.3,0.9969,,30.2,0.9969,,,0.9993,,Lib_Tech,0.9986,,2x4_inserts,0.9204,,True_Twin,0.9986,,148_153_155_157_157W_159_161_161W_164_164W,0.9702,148_153_155_157_157W_159_161_161W_164_164W:0.9702|153_155_157_159_157W_161W_164W:0.0298,2025-2026,0.9986,,Mens_unisex,0.9579,,TriAx_BiAx_Fiberglass_Basalt_Alloy,0.9986,,Snowboard,0.9985,,,0.9922,,0.0,0.9985,,0.6,0.8000,,Last_major_US_factory_zero_hazardous_waste,0.9935,,57.47,0.8000,,0.65,0.7000,,Volcanic_basalt_fiber_stronger_than_fiberglass,0.9113,,Birch_vertical_end_grain_pop_durability,0.9328,,0.7,0.7000,,MagneTraction_7_serrations,0.9986,,2.0,0.8000,,,,,0.0,0.9004,,,,,,,,,,,121.0,0.9969,,,,,0.6,0.7000,,85.6,0.9839,,0.6,0.7000,,,,,,,,,,
J0feyXOlNL,Rome_SDS,Agent,,0.9963,,0.65,0.5563,Pop_Core_Poplar_Paulownia:0.5563|Fully_Poplar_Core:0.4284,949.99,0.8974,,0.5,0.8000,,Burton_Custom_Salomon_Assassin_YES_Standard_Capita_DOA_Ride_Burnout_Nitro_Team_Arbor_Coda,0.4199,,SinterStrong_Sintered,0.9963,,70.0,0.9945,,6.5,0.6982,,2001,0.9295,,,,,8.11,0.9945,,Low_intermediate_beginner_to_advanced_expert_park,0.3651,Low_intermediate_beginner_to_advanced_expert_park:0.3651|Intermediate_to_Advanced:0.3347|Intermediate:0.2869,,,,0.85,0.8000,,,,,,,,3100,0.9350,,,,,,,,,,,25.7,0.9945,,75.5,0.8000,,121.9,0.9945,,,,,,,,,0.8602,,Rome,0.9963,,2x4_Inserts,0.8602,,True_Twin,0.9963,,148_151_154_155W_157_158W_160_161W,0.7394,148_151_154_155W_157_158W_160_161W:0.7394|154_157_155W:0.2542,2027,0.8974,,Mens,0.9923,,Biax_Upper_Glass,0.8974,,Snowboard,0.9963,,7.0,0.8602,,0.0,0.9963,,0.3,0.8000,,,,,52.8,0.7000,,,,,Twin_Single_Bamboo_Omega_HotRods,0.8974,,,,,0.65,0.6000,,,,,2.5,0.6000,,Radial_Sidecut,0.9963,,,,,,,,,,,Continues_year_over_year_incremental_updates,0.8475,,107.0,0.9945,,0.75,0.8000,,,,,87.0,0.9350,,,,,,,,,,,,,
JAWS7vetxZ,,Dark_Horse,,0.9996,,0.6,0.7000,,949.99,0.9465,,0.5,0.7000,,Better_option_for_riders_wanting_powder_performance,0.8824,,Superdrive_Base_sintruded_hybrid,0.9996,,68.0,0.9945,,6.0,0.9445,,2026,0.9970,,29.7,0.9975,,8.0,0.9975,,,,,2.0,0.8000,,,,,PLT_Topsheet_Pearlescent_Screen_Gloss_Matte,0.9976,,,,,2620.0,0.9735,,Feistritz_Carinthia_Austria_MotherShip,0.9950,,,,,,,,25.4,0.9945,,,,,118.8,0.9945,,,,,,,,,0.9988,,CAPiTA,0.9977,,2x4_Inserts,0.6931,,True_Twin_symmetrical,0.9975,,148_150_152_154_156_158cm,0.9996,,2027,0.9139,,Mens,0.9101,,HOLYSHEET_Tri_Bi_fiberglass,0.9945,,Snowboard,0.9977,,8.0,0.9062,,0.0,0.9975,,0.6,0.8000,,100pct_self_generated_clean_energy,0.9996,,53.3,0.9945,,,0.9342,,2x30mm_Carbon_Aramid_Boosters,0.9975,,,,,0.8,0.8000,,,,,4.0,0.9554,,Radial_single_radius,0.9975,,0.0,0.9945,,Union_Ultra_medium_flex_jumps_pressing,0.9190,,,0.9342,,CAPiTA_Outsiders,0.9970,,,,,0.8,0.8000,,,,,84.4,0.9554,,,,,,,,,,,,,
JP2TzCtiXM,Mervin_Manufacturing,dPr_Developmental_Project_Realized,,0.9975,,0.75,0.8000,,799.99,0.9513,,0.5,0.8000,,CAPiTA_DOA_679_95_industry_standard_freestyle_all_mountain,0.8475,,Knife_Cut_TNT_Base,0.9522,,55.0,0.6000,,6.0,0.5063,6.0:0.5063|5.0:0.3720|4.5:0.1217,2025,0.8000,,29.5,0.9974,,7.6,0.9974,,Intermediate_to_Advanced,0.9992,,1.0,0.7858,,,,,Eco_Sublimated_Poly_Texture_Topsheet,0.8600,,Led_by_Travis_Rice,0.6386,,,,,Sequim_Washington_USA,0.9971,,,,,,,,25.5,0.9974,,57.5,0.6000,,,,,7.7,0.9974,,29.7,0.9974,,,0.9974,,Lib_Tech,0.9980,,2x4_inserts,0.8600,,Directional_Twin,0.9975,,147_150_152_154_156_158_159W_160_162W,0.8427,147_150_152_154_156_158_159W_160_162W:0.8427|152_154_156_158_159W_160:0.1404|154_156_158_159W:0.0169,2027_26_27_season,0.9526,,Mens_unisex_sizing,0.7800,,Tri_Ax_Bi_Ax_Fiberglass,0.9513,,Snowboard,0.9974,,,0.9963,,0.5,0.9000,,0.8,0.7000,,Zero_hazardous_waste_producing_factory,0.9868,,57.47,0.8000,,0.9,0.9000,,3_way_fiber_orientation_increases_snap_decreases_vibrations,0.6600,,Birch_internal_plus_UHMW_Sintered_Sidewalls,0.9514,,0.85,0.8000,,Magne_Traction,0.9535,,,,,Radial_sidecut_with_Mini_Magne_Traction,0.9974,,,,,,,,,,,,,,116.0,0.9974,,,,,,,,,,,,,,,,,,,,,,
JgQggXCuDH,Low_Pressure_Studio_BV,ThunderStorm,,0.9068,Medium_Camber:0.9068|Low_Camber:0.0932,0.65,0.8000,,949.99,0.8556,,0.8,0.8000,,Salomon_Sickstick,0.6151,,Ultra_Glide_S_7000_grade_sintered,0.9957,,78.0,0.9940,,6.0,0.9957,,2023,0.8000,,29.85,0.9940,,7.5,0.9940,,Advanced_Intermediate_to_Advanced,0.9892,,3.0,0.8000,,0.8,0.8000,,Step_Down_Rails_Top_3D,0.9957,,Ethan_Morgan_Tor_Lundstrom_Klaudia_Medlova,0.9926,,2600.0,0.9754,,Austria_CAPiTA_Mothership,0.9938,,,,,,,,25.6,0.9940,,82.0,0.8000,,117.0,0.9940,,,,,,,,,0.9857,,Bataleon,0.9957,,2x4_inserts,0.8899,,Tapered_Directional,0.8899,,144N_148N_152N_154_156_158_161_156W_159W_162W,0.9957,,2025/2026,0.9957,,Unisex_Genderless,0.9957,,Tri_Ax_Lamination,0.9957,,Snowboard,0.9957,,,0.8899,,10.0,0.9635,,0.7,0.8000,,FSC_certified_wood_cores,0.6329,,57.0,0.8000,,0.7,0.8000,,Triple_Base_Technology_3BT,0.9965,,Flex_Walls_urethane_poured,0.9957,,0.75,0.5970,,,,,,,,,,,6.0,0.9626,,Standard_2x4_compatible_non_Burton_EST,0.6892,,,,,Thunder_men_Storm_women_combined,0.9462,,,,,0.75,0.8000,,,,,84.4,0.9635,,,,,,,,,,,,,
Jivj8Q457u,Burton_Snowboards_founded_1977,Process_Flying_V,,0.9636,,0.8,0.7000,,703.99,0.9974,,1.0,0.9996,Available:0.9996|Sold_out:0.0004,Never_Summer_Proto_Type_Two_better_edge_hold,0.8836,,Sintered_durable_porous,0.9544,,79.5,0.9931,,2.5,0.9580,,2011,0.8400,2011:0.8400|2025:0.1600,29.49,0.9931,,8.1,0.9931,,Beginner,0.9742,,3.0,0.9963,,0.8,0.8000,,Flower_by_Annie_Spratt_soft_afar_intense_detailed,0.9726,,Mark_McMorris,0.9938,,,,,Austria_and_China,0.9990,,,,,,,,25.1,0.9931,,79.5,0.8000,,119.5,0.9931,,8.2,0.9931,,,,,,0.9401,,Burton,0.9980,,The_Channel,0.9636,,Twin,0.9581,,152_155_157_159_155W_157W_159W_162W,0.9419,,2026,0.9980,,Mens,0.9952,,Triax_fiberglass_three_layers,0.9581,,Snowboard,0.9890,,,0.9868,,0.0,0.9931,,0.5,0.8000,,Certified_B_Corporation,0.9991,,56.0,0.9931,,0.3,0.9000,,Dualzone_EGD_wood_grain_heel_toe,0.9414,,,,,0.65,0.7000,,Frostbite_Edges_enhanced_edge_hold,0.9544,,1.8,0.8000,,,,,,,,Compatible_all_major_best_Burton_EST,0.9360,,,,,,,,,,,,,,,,,,,,,,,,,,,,,,,
Jk0bK4iLtE,Burton_Snowboards_founded_1977,Custom_X,,0.9530,,0.8,0.7000,,879.99,0.9963,,0.9,0.9000,,Jones_Mountain_Twin_more_forgiving_better_ice_Custom_X_better_carver,0.8242,,Sintered_WFO,0.9529,,79.5,0.9963,,8.0,0.9107,8.0:0.9107|6-9_range:0.0893,2004,0.9945,,29.7,0.9963,,7.9,0.9963,,Advanced_to_Expert,0.9904,,,,,,,,Skull_inspired_lenticular_effect,0.9914,,,,,2720.0,0.8921,2720.0:0.8921|3520.0:0.0634|3002.0:0.0445,Keil_factory_Austria,0.9983,,,,,,,,25.0,0.9963,,,,,117.5,0.9963,,,,,,,,,0.5514,All_Mountain:0.5514|Aggressive_All_Mountain_Freeride:0.4486,Burton,0.9984,,The_Channel_all_major_bindings_best_Burton_EST,0.9529,,Directional_Twin,0.9530,,150_154_156_158_162cm,0.9923,,2026,0.9984,,Mens,0.9984,,Triax_fiberglass_with_Carbon_I_Beam,0.9868,,Snowboard,0.9984,,,0.9890,,-12.5,0.9923,,0.5,0.8000,,Bio_based_resin_reducing_carbon_footprint_50pct,0.9529,,56.0,0.9963,,0.7,0.8000,,End_grain_woods_in_impact_zones_lighter_elsewhere,0.9529,,,,,0.85,0.8000,,Frostbite_Edges_extended_under_bindings_hardpack_ice,0.9521,,,,,,,,,,,,,,,,,,,,,,,,,,,,,91.5,0.9785,,,0.9743,,,,,,,,,,
K4BocAbogb,Nidecker_SA_Rolle_Switzerland,Sensor_Pro,,0.9998,,0.7,0.8000,Light_Core_Paulownia_Poplar_Beech:0.9244|Light_Core_Paulownia_Poplar_Beech_Spruce:0.0756,899.99,0.9974,,0.4,0.8000,,DOA_more_playful_buttery_hybrid_profile_Nidecker_better_edge_hold,0.7692,,N9000_Sintered_super_dense_high_carbon,0.9794,N9000_Sintered_super_dense_high_carbon:0.9794|N7000:0.0206,77.5,0.9969,,8.0,0.9308,8.0:0.9308|7.0:0.0569|6.0:0.0124,,,,29.7,0.9969,,7.9,0.9969,,Advanced,0.9969,,2.0,0.8000,,0.8,0.8000,,Absorbnid_Topsheet_vibration_dampening,0.9993,,Taylor_Gold_Craig_McMorris,0.9972,,,,,Swiss_designed_assembled_in_Asia,0.9742,,,,,,,,25.2,0.9969,,,,,120.0,0.9969,,,,,,,,,0.9822,,Nidecker,0.9969,,2x4_inserts_6_rows_2cm_intervals,1.0000,,True_Twin_symmetrical,0.9972,,150_154_158_158W_162,0.9969,,2027,0.9969,,Mens,0.9969,,Premium_Sandwich_Construction_with_carbon_stringers,0.9972,,Snowboard,0.9969,,,0.9804,,0.0,0.9969,,,,,One_percent_for_the_Planet,0.9742,,58.0,0.8000,,0.8,0.8000,,Orbital_Cushioning_shock_absorbing_urethane_around_inserts,0.9564,,,,,,,,,,,,,,,,,0.0,0.9969,,All_bindings_except_Burton_EST_channel,0.9341,,,,,Nidecker_Sensor_Plus_renamed_to_Sensor_Pro_for_MY2025,0.9782,,112.0,0.9969,,0.65,0.7000,,,,,76.0,0.6000,,,,,,,,,,,,,
KJWWonfftq,Burton_Snowboards_founded_1977,Fish_3D_Splitboard,,0.9519,,0.95,0.9000,,1119.99,0.9984,,0.8,0.8000,,Jones_Solution_Lib_Tech_Escalator_CAPiTA_Navigator,0.9868,,Sintered_WFO_high_density_wax_infused,0.9519,,79.5,0.9923,,6.0,0.7444,6.0:0.7444|4.5:0.2556,2025,0.6000,2025.5:0.7000|2021:0.3000,31.53,0.9923,,6.1,0.9923,,Advanced_Expert,0.5789,Advanced_Expert:0.5789|Expert_Powder_Backcountry:0.3330|Intermediate:0.0881,3.0,0.9940,,0.7,0.7000,,,,,,,,2900.0,0.9341,,Austria_Keil_and_China,0.9988,,,,,,,,26.0,0.9923,,105.0,0.6000,,109.5,0.9923,,6.4,0.9923,,,,,,0.9201,,Burton,0.9712,,The_Split_Channel_with_pre_mounted_pucks,0.9519,,Tapered_Directional,0.9301,,146_151_156_161cm,0.9907,,2026,0.9536,,Unisex,0.9571,,45_degree_Carbon_Highlights_tip_to_tail,0.9890,,Splitboard,0.9519,,,0.9519,,-50.0,0.9923,,0.4,0.8000,,FSC_Certified_core_woods,0.8633,,56.0,0.9923,,,,,,,,Slimrail_slanted_sidewalls_reduced_weight,0.9579,,0.85,0.8000,,,,,1.5,0.8000,,Hourglass_sidecut_instantaneous_short_medium_turns,0.9931,,3.0,0.8000,,Compatible_with_all_major_bindings,0.9038,,,,,Burton_Fish_Splitboard_discontinued,0.9950,,104.0,0.9539,,0.6,0.7000,,,,,,,,,,,,,,,,,,,
KO9P8mnjWD,Salomon_SAS_Amer_Sports,Sleepwalker,,0.9944,,0.75,0.9000,,489.99,0.9963,,0.8,0.8000,,Ride_Twinpig,0.8416,,Sintered,0.8146,Sintered:0.8146|Extruded_EG:0.1854,70.0,0.9955,,2.2,0.6522,Soft:0.6522|Medium:0.3478,2017,0.8000,,29.7,0.9963,,,,,Beginner_Intermediate,0.9963,,2.0,0.6000,,0.8,0.8000,,,,,Tommy_Gesme,0.9989,,,,,China_Asian_OEM,0.8445,,,,,,,,25.2,0.9955,,77.5,0.8000,,120.5,0.9955,,,,,29.9,0.9000,,,0.9940,,Salomon,0.9967,,2x4_Inserts,0.9963,,True_Twin,0.9954,,148_151_153_155_158_155W_158W,0.9967,,2025,0.9967,,Mens,0.9967,,Biaxial_Medium_Density_Fiberglass,0.9954,,Snowboard,0.9967,,,0.9948,,0.0,0.9963,,,,,FSC_certified_wood,0.9932,,57.91,0.8000,,,,,Royal_Rubber_Pads_2mm,0.9951,,ABS_Sidewalls,0.8082,,0.75,0.8000,,Freestyle_Edge_Bevel,0.9901,,,,,EQ_Rad_Sidecut,0.9828,EQ_Rad_Sidecut:0.9828|Quadratic_Sidecut:0.0172,,,,Standard_2x4_most_bindings,0.9963,,,,,Salomon_Villain,0.9692,,,,,,,,,,,,,,,,,,,,,,,,,
KR9ULnqSpB,Jones_Snowboards_Truckee_CA,Mens_Flagship_Pro,,0.9976,,0.85,0.8000,,1449.99,0.9974,,1.0,1.0000,,Amplid_Souly_Grail_K2_Alchemist_YES_PYL_Weston_Backwoods_Cardiff_Powgoda_United_Shapes_Cadet_Burton_Gril_Master,0.9839,,Ultra_Base_sintered_carbon_top_speed_wax,0.9281,,70.5,0.9940,,9.0,0.6205,9.0:0.6205|10.0:0.3795,2010,0.8836,,29.4,0.9940,,8.5,0.9940,,Advanced,0.9925,,3.0,0.6000,,0.8,0.8000,,Ash_Wood_Veneer_Topsheet,0.9082,,,,,,,,Dubai_Solico_Winter_Sport_Factory,0.9883,,,,,,,,24.6,0.9940,,,,,114.2,0.9940,,,,,,,,,0.5254,Directional_freeride:0.5254|Freeride-Powder:0.4746,Jones_Snowboards,0.9996,,2x4_Inserts,0.9940,,Tapered_Directional,0.9980,,154_158_159W_161_162W_164_165W,0.9872,154_158_159W_161_162W_164_165W:0.9872|154_158_159W:0.0128,2026,0.9978,,Mens,0.9988,,Fusion_Carbon_ultralight_tip_to_tail_carbon_fiberglass,0.9065,,Snowboard,0.9988,,,0.9925,,20.0,0.9940,,0.4,0.7873,,1pct_annual_sales_to_environment,0.9655,,60.0,0.9940,,,,,Koroyd_aerospace_lightest_most_advanced_dampening,0.9168,,Recycled_ABS_sidewalls_rounded_finish_reduce_chipping,0.9974,,0.75,0.7873,,Traction_Tech_3_0_three_bumps_per_edge,0.9281,,,,,Progressive_Sidecut_increasing_radius,0.7941,,12.5,0.7782,12.5:0.7782|12.0:0.2218,,,,,,,Carbon_Flagship_2013_2020_then_Ultra_Flagship_now_Pro,0.9959,,,,,0.45,0.7000,,,,,91.3,0.9317,,,,,,,,,,,,,
KUkP8e4cJC,Salomon_Group_founded_1947_Annecy_French_Alps,Abstract,,0.9976,,0.6,0.8000,,939.99,0.9466,,0.8,0.8000,,Capita_DOA_hybrid_camber_twin_464,0.9891,,Medium_Stone_Finish_sintered,0.9966,,77.5,0.9620,,5.0,0.7162,5.0:0.7162|6.0:0.2838,2023,0.8000,,29.9,0.9620,,8.0,0.9620,,Intermediate,0.9579,,2.0,0.9931,,,,,Desiree_Melancon_unity_human_connection,0.5500,Desiree_Melancon_unity_human_connection:0.5500|Emma_Crosby_Gian_Sutter:0.4500,Desiree_Melancon,0.9980,,,,,AMER_factory_Altenmarkt_Austria,0.9455,AMER_factory_Altenmarkt_Austria:0.9455|Contract_manufacturing_Asia:0.0545,,,,4.0,0.6250,,25.2,0.9620,,87.5,0.8000,,120.5,0.9620,,8.2,0.9620,,,,,,0.9988,,Salomon,0.9966,,2x4_Inserts,0.9956,,True_Twin_symmetrical,0.9976,,s138_143_147_151_153_155_158_155W_158W,0.9579,,2027,0.9956,,Unisex,0.9954,,Tri_Ax_Glass,0.9620,,Snowboard,0.9966,,,0.6428,Park_streets_all_mountain:0.6428|Park_primary_groomer_friendly:0.3515,,,,,,,FSC_certified_wood_strips,0.9466,,56.0,0.9620,,0.65,0.6000,,Ghost_Carbon_Beams_tip_tail,0.9726,,Royal_Rubber_Rails_full_length,0.7731,Royal_Rubber_Rails_full_length:0.7731|Royal_Rubber_ABS_high_pressure_zones:0.2095,,,,,,,1.9,0.8000,,Quadralizer_Sidecut,0.9976,,,,,2x4_insert_compatible_most_major_brands,0.9620,,0.95,0.9000,,Gypsy_and_Villain,0.9921,,,,,,,,,,,,,,,,,,,,,,,,,
KbdOmGMFUr,CAPiTA_Core_Srl_C3_Worldwide,Spring_Break_Resort_Twin,,0.9974,,0.7,0.7079,,1049.99,0.8500,,0.5,0.7000,,Burton_Good_Company_Lib_Tech_Off_Ramp_GNU_Money_Jones_Mountain_Twin,0.9994,,Powder_Drive_Base_sublimation,0.8500,,72.5,0.9709,59-86kg:0.9709|52-79kg:0.0291,5.0,0.9974,,2024,0.8000,,30.4,0.9974,,7.96,0.6000,,Intermediate_to_Advanced,0.6653,Intermediate_to_Advanced:0.6653|Beginner_to_Expert:0.3149,2.0,0.7840,,0.65,0.7000,,PLT_Technology_exclusive_no_lacquer,0.9963,,,,,2920.0,0.9548,,Austria_The_MotherShip,0.9945,,0.65,0.7000,,5.0,0.7000,,25.8,0.9974,,77.0,0.8000,63-91kg:0.9637|61-88kg:0.0363,121.1,0.9974,,8.06,0.6000,,30.8,0.8000,,,0.9608,,CAPiTA,0.9500,,2x4_Inserts,0.8500,,True_Twin,0.9974,,152_154_156_158_160_155W_158W,0.9458,152_154_156_158_160_155W_158W:0.9458|152_154_156_158_155W_158W:0.0542,2027,0.9500,,Mens,0.8222,,HolySheet_Tri_Bi_configuration,0.9963,,Snowboard,0.9500,,,0.9245,,0.0,0.8500,,0.3,0.8000,,Certified_B_Corporation,0.9995,,55.9,0.8000,,0.75,0.7000,,4x30mm_Carbon_VTech_Carbonflax,0.8500,,Not_specified,0.6667,,0.8,0.8000,,,,,3.2,0.8000,,New_Age_Radial_Death_Grip,0.9974,,0.0,0.9974,,,,,0.25,0.8000,,,,,,,,,,,0.75,0.7000,,86.7,0.9548,,0.4,0.7000,,0.8,0.8000,,0.7,0.8000,,,,
KroxkN1Bec,Never_Summer_Industries_Denver_CO,Propacamba,,0.9995,,0.65,0.7000,,599.99,0.8400,,0.75,0.7000,,CAPiTA_DOA_safest_park_recommendation_poppy,0.9212,,Durasurf_Sintered_4501_UHMWPE,0.9627,,82.0,0.8100,,7.0,0.9997,,2018,0.8000,,30.5,0.9978,,7.28,0.6000,,Intermediate_to_advanced_park_riders,0.9866,,,,,,,,Poly_Thermo_durable_lightweight_scratch_chip_resistant,0.9993,,,,,,,,Denver_Colorado_USA,0.9995,,,,,,,,25.1,0.9978,,,,,114.3,0.9589,114.3:0.9589|122.0:0.0411,,,,,,,,0.9992,,Academy_Snowboard_Co,0.9999,,2x4_Inserts_stainless_10mm,0.8800,,True_Twin,0.9627,,145_150_153_155_156W_158W,0.9963,,2024,0.9995,,Mens,0.8600,,Bi_Lite_Fibreglass,0.9518,,Snowboard,0.9986,,10.0,0.9912,,,,,0.7,0.6000,,,,,,,,0.9,0.9000,,Featherweight_Damping_System,0.9971,,Sintered_P_Tex_Sidewall,0.9518,,0.75,0.7000,,Full_Wrap_Metal_Edges,0.9971,,,,,Vario_Power_Grip_Sidecut,0.9518,,,,,,,,,,,,,,,,,,,,,,,,,,,,,,,,,,,,,
L7ACf8KAB8,Burton_Corporation_Burlington_Vermont,Instigator,,0.5396,PurePop_Camber_evolution_of_traditional_camber:0.5396|Flat_Top_flat_between_feet_early_rise:0.4604,0.95,0.9000,,629.99,0.8800,,0.85,0.7000,,Held_own_vs_Jones_Mountain_Twin_better_than_Capita_Mercury,0.9517,,Extruded,0.9928,,68.0,0.8000,,2.0,0.8800,,2018,0.9847,,29.4,0.8800,,7.1,0.8800,,Beginner_Intermediate,0.5537,Beginner_Intermediate:0.5537|Beginner:0.4463,3.0,0.8000,,0.75,0.8000,,Bold_lines_fleetingness_of_life_soft_light_tones,0.6333,,,,,,,,China,0.9681,,0.5,0.8000,,7.5,0.8000,,25.2,0.8800,,,,,117.0,0.8800,,,,,,,,,0.9505,,Burton_Snowboards,0.9967,,The_Channel_Mounting_System_all_major_bindings,0.9871,,Directional,0.9539,,140_145_150_155_160_155W_160W_165W,0.7519,140_145_150_155_160_155W_160W_165W:0.7519|145_150_155_160_155W_160W_165W:0.2481,2025,0.9974,,Mens,0.9945,,Biax_Glass_biaxial_fibreglass_torsionally_soft,0.8153,,Snowboard,0.9974,,,,,-2.5,0.8800,,0.6,0.8000,,B_Corp_Certified,0.9827,,56.0,0.8800,,0.85,0.8000,,Infinite_Ride_overbuilt_machine_broken_in,0.9255,,Five_layer_topsheet_glass_core_glass_base,0.6625,,,,,Frostbite_Edges_extend_beneath_bindings,0.9965,,3.2,0.8000,,,,,5.0,0.9925,,All_major_brands_ReFlex_EST_disc,0.9887,,0.8,0.8000,,,,,,,,,,,0.5,0.8000,,,,,0.7,0.8000,,0.7,0.8000,,0.7,0.8000,,0.7,0.8000,
L7yAqDhlVO,,Fish_3D,,0.9572,,0.8,0.7000,,1049.99,0.9958,,0.8,0.8000,,Jones_Storm_Chaser,0.9806,,Sintered_WFO,0.8845,Sintered_WFO:0.8845|Recycled_Sintered_WFO:0.1155,79.5,0.9931,,4.5,0.6875,4.5:0.6875|6.0:0.3125,2021,0.9317,,30.03,0.9931,,6.1,0.9931,,Intermediate_Expert,0.3761,Intermediate_Expert:0.3761|Intermediate:0.3116|Intermediate_Advanced:0.2308|Advanced_Expert:0.0460|Expert:0.0354,3.0,0.8000,,0.5,0.3000,,,,,,,,2900,0.9517,,China,0.9793,,0.5,0.8000,,9.0,0.8000,,26.0,0.9931,,105.0,0.6000,,109.5,0.9931,,6.4,0.9989,,30.41,0.8000,,,0.9925,,Burton,0.9986,,The_Channel,0.9569,,Tapered_Directional,0.9572,,146_151_156_161cm,0.9988,,2027,0.9931,,Mens,0.8166,Mens:0.8166|Unisex:0.1834,Triax_45_Carbon_Highlights,0.9578,,Snowboard,0.9963,,10.0,0.9989,,-50.0,0.9991,,0.6,0.8000,,B_Corporation,0.9890,,56.0,0.9931,,0.5,0.7000,,,,,,,,0.8,0.8000,,,,,3.8,0.7000,,,,,3.0,0.8000,,Channel_requires_channel_bindings,0.9252,,0.8,0.8000,,,,,,,,,,,0.5,0.8000,,,,,0.7,0.8000,,0.7,0.8000,,0.7,0.8000,,0.5,0.8000,
LEdpx3Bvui,,Beast,,0.9974,,0.6,0.7000,,919.99,0.9974,,0.85,0.8000,,Burton_Custom_Camber_gold_standard_aggressive_AM_freestyle,0.6627,,Nanotech_wax_infused_sintered,0.9963,,65.0,0.9963,,9.0,0.9193,9.0:0.9193|8.0:0.0807,,,,29.5,0.9963,,7.6,0.9963,,Advanced,0.9940,,2.0,0.9945,,,,,,,,Ettala_Bergrem_Billtoft,0.9483,Ettala_Bergrem_Billtoft:0.9483|Ettala_Kleveland_Bergrem:0.0517,,,,,,,,,,,,,25.3,0.9963,,70.0,0.8000,,,,,8.0,0.9963,,30.0,0.9000,,,0.5714,Freestyle_Park:0.5714|Freestyle_All_Mountain:0.4286,Nitro,0.9974,,2x4_inserts_tighter_pattern,0.9818,,Twin,0.9974,,151mw_155mw_158mw_162mw,0.9733,151mw_155mw_158mw_162mw:0.9733|152_155_158_162:0.0174|151_155_157_158:0.0093,2026,0.9974,,Mens,0.6074,,Tri_Lite_Laminates,0.9963,,Snowboard,0.9974,,10.0,0.9948,,0.0,0.9974,,0.6,0.8000,,Made_with_100pct_solar_power,0.9963,,54.0,0.8000,,0.9,0.8442,,Carbon_Tape_longitudinal_reinforcement,0.9963,,Ureshred_Polyurethane,0.9764,Ureshred_Polyurethane:0.9764|ABS_Sidewall:0.0236,0.8,0.8000,,Recycled_Railkiller_50pct_recycled_steel,0.9963,,,,,Radial,0.9963,,,,,Standard_or_mini_disk,0.8185,,,,,,,,115.0,0.9963,,0.5,0.5032,,,,,,,,,,,,,,,,,,,
LFznRrY3J3,Mervin_Manufacturing,Lib_Rig,,0.8085,Early_Rise_Directional_Camber:0.8085|Hybrid_Rocker_behaves_like_camber:0.1509|C3_Camber:0.0406,0.75,0.8000,,1099.99,0.9977,,0.5,0.7000,,Korua_Otto_K2_Manifest_Yes_Typo_Jones_Frontier_Ride_Algorythm_etc,0.9594,,Sintered_Knife_Cut_Base,0.9974,,80.0,0.6000,65plus_kg:0.9615|60plus_kg:0.0385,7.0,0.9925,7.0:0.9925|6.0:0.0075,2024,0.8000,2024_season:0.8741|February_2023:0.1259,29.75,0.9969,,8.0,0.9969,,Intermediate_to_Advanced_Expert,0.9896,,1.0,0.7462,,0.8,0.8000,,Squiggle_by_Josh_Pine_riders_line_down_mountain,0.8371,,Austen_Sweetin_first_pro_model,0.9974,,2550,0.6000,,Sequim_Carlsborg_Washington_USA,0.9871,,,,,,,,25.3,0.9969,,80.0,0.6000,,,,,8.0,0.9969,,29.85,0.8000,30.1/29.6:0.9615|30.0/29.5:0.0385,,0.9974,,Lib_Tech,0.9974,,2x4_Inserts,0.9839,,Tapered_Directional,0.9969,,153_155_157_159_160W_162,0.9974,,2025-2026,0.9963,,Mens,0.9974,,Tri_Ax_Bi_Ax_Fiberglass,0.9969,,Snowboard,0.9974,,,0.9917,,1.5,0.9766,1.5:0.9766|1.75:0.0234,0.5,0.8000,,FSC_certified_fast_growing_renewable_forest,0.9554,,57.5,0.8000,,0.8,0.8000,,2_way_fiber_max_snap_decrease_chatter,0.7458,,Birch_Internal_UHMW_Sintered_Sidewall,0.5291,,0.7,0.7000,,Magne_Traction_7_serrated_bumps,0.9994,,3.0,0.7000,,Deep_carving_sidecuts,0.9974,,5.0,0.9488,,,,,,,,Partially_replaces_BRD,0.8674,,105.0,0.9615,105.0:0.9615|107.0:0.0385,,,,,,,83.2,0.9488,,,,,,,,,,,,,
LGRB7MpPPZ,Burton_Snowboards,Family_Tree_3D_Deep_Daze,,0.9621,Directional_Flat_Top:0.9621|Flat_to_Rocker:0.0379,0.8,0.7000,,699.99,0.9502,,0.4,0.6000,,Capita_Spring_Break_158_Powder_Glider,0.7400,,Sintered_WFO,0.9980,,68.0,0.9302,,4.5,0.5391,4.5:0.5391|5.0:0.4609,2021,0.7301,,29.54,0.9003,,6.2,0.9003,,Intermediate,0.8804,,3.0,0.8000,,0.6,0.7400,,,,,,,,2760.0,0.6901,,Austria_Keil_Factory,0.9696,,0.5,0.7400,,9.0,0.7400,,25.5,0.9302,,79.5,0.8000,,107.5,0.9003,,6.5,0.9003,,30.24,0.8000,,,0.9973,,Burton,0.9971,,The_Channel,0.9986,,Freeride_Directional,0.9979,,Yes,0.9003,,2024,0.9979,,Gender_neutral_unisex,0.8551,,45_degree_Carbon_Highlights,0.9980,,Snowboard,0.9519,,,0.9254,,-25.0,0.9502,,0.5,0.7000,,B_Corp_Certified,0.9820,,53.0,0.9003,,0.5,0.7000,,45_degree_fibre_angle_uni_carbon_glass,0.8552,,ABS_Recycled,0.9327,,0.85,0.7400,,,,,3.2,0.7400,,,,,2.0,0.8000,,All_major_brands_best_with_EST,0.9231,,,,,,,,100.0,0.9003,,,,,0.5,0.7400,,83.1,0.6901,,0.7,0.7400,,0.7,0.7400,,0.7,0.7400,,0.5,0.7400,
LLlc7aKIkS,Mervin_Manufacturing,Doughboy,,0.9622,,0.7,0.8000,,1349.99,0.9890,,0.0,0.9890,,Jones_Storm_Chaser_Rome_PD_Yes_420,0.8530,,Eco_Sublimated_TNT_Base,0.9963,,80.0,0.6000,,7.0,0.9738,7.0:0.9738|6.0:0.0262,1989,0.6000,,32.2,0.9792,32.2:0.9792|31.6:0.0208,9.0,0.9985,,Advanced_Expert,0.5681,Advanced_Expert:0.5681|Advanced:0.3839,1.0,0.8000,,0.8,0.8000,,Eco_Sublimated_Poly_Top_Sheet,0.9406,,EJack_Jamie_Lynn_Fredi_K,0.8089,,,,,Handbuilt_in_the_USA,0.9948,,0.8,0.7000,,9.5,0.8000,,,,,,,,,,,,,,,,,,0.9944,All_Mountain_Directional_Twin:0.9944|All_Mountain_Freeride:0.0049,Lib_Tech,0.9998,,2x4_Inserts,0.8000,,Directional_Twin,0.9985,,,,,2025_2026_season,0.9974,,Mens,0.9793,,Tri_Ax_Glass_Magnesium_Techno_Fiber_Bands_and_Carbon,0.9406,,Snowboard,0.9985,,,0.8000,,0.0,0.9985,,0.6,0.8000,,Zero_hazardous_waste_producing_factory,0.9999,,57.47,0.8000,,0.95,0.9000,,High_magnesium_glass_fiber_high_tensile_strength,0.7262,,Birch_Internal_Sidewalls_vertical_end_grain_pop_durability,0.8219,,,,,Magne_Traction_serrated_edges,0.9406,,7.0,0.9000,,,,,,,,,,,0.85,0.8000,,Original_Doughboy_Shredder_late_1980s_196cm_plus,0.9828,,152.0,0.9792,152.0:0.9792|135.0:0.0208,,,,,,,,,,,,,,,,,,,,,
LmqmuuOFZu,Salomon_Group_Amer_Sports,Huck_Knife_Pro,,0.9948,,0.8,0.8000,,1089.99,0.9974,,0.5,0.8000,,CAPiTA_DOA_similar_twin_slightly_stiffer_than_HK,0.9620,,Sintered_EG_Gallium_Electra,0.9975,,65.0,0.9958,,8.0,0.9199,8.0:0.9199|9.0:0.0801,2019,0.8000,,29.5,0.9958,,7.5,0.9958,,Advanced,0.9948,,2.0,0.8000,,0.85,0.8000,,,,,Dusty_Henricksen_and_Sven_Thorgren,0.9860,Dusty_Henricksen_and_Sven_Thorgren:0.9860|Sven_Thorgren:0.0140,,,,China_designed_in_France,0.9212,,,,,,,,25.5,0.9958,,77.5,0.8000,,121.6,0.9958,,,,,,,,,0.9839,,Salomon,0.9974,,2x4_Inserts,0.9958,,True_Twin,0.9953,,153_156_159_156W_159W,0.8228,153_156_159_156W_159W:0.8228|149_153_156_159_156W_159W:0.1772,2027,0.9948,,Mens,0.8000,,TriAx_HD_Popster_Ghost_Carbon_Damplifier_Lite_30pct_BioResin,0.9948,,Snowboard,0.9974,,,0.9937,,0.0,0.8353,,0.4,0.8000,,FSC_certified_wood,0.7396,,56.0,0.9958,,0.8,0.8000,,Core_milled_inside_inserts_natural_flex,0.9948,,Royal_Rubber_Rails_full_length,0.9975,,0.65,0.7000,,Freestyle_Edge_Bevel,0.9948,,1.3,0.8000,,Equaliser_Rad_Sidecut,0.9948,,,,,,,,,,,,,,,,,,,,,,,,,,,,,,,,,,,,,
LpgUDviRzN,Mervin_Manufacturing,C_Money,,0.9968,,0.7,0.6000,G_Lite_1:0.9882|G_Lite_2:0.0118,599.99,0.9963,,0.0,0.9963,,Salomon_Huck_Knife_sintered_quad_camber_carbon,0.9922,,Eco_Sublimated_Co_Ex_Base_extruded,0.9906,,,,,6.0,0.9728,6.0:0.9728|5.0:0.0272,2025,0.8502,,,,,,,,Intermediate,0.9937,,1.0,0.8000,,,,,Eco_Sublimated_Poly_Topsheet,0.9906,,Jay_Howell_punksgitcut,0.9923,,6620,0.6000,,Carlsborg_Sequim_WA_USA,0.9840,,,,,,,,,,,,,,,,,,,,,,,,0.9963,,GNU,0.9963,,2x4_Inserts,0.9870,,True_Twin,0.9972,,144_148_150W_152_154_154W_156_158W_159,0.9703,144_148_150W_152_154_154W_156_158W_159:0.9703|152_154_156_158W:0.0297,2026,0.9963,,Mens,0.9571,,Tri_Ax_Bi_Ax_Fiber_alloy_glass,0.9578,,Snowboard,0.9963,,,0.9922,,0.0,0.9963,,,,,Zero_hazardous_waste_water_based_solvents,0.9954,,,,,0.9,0.9000,,,,,UHMW_polyethylene,0.9882,,,,,Magne_Traction_7_serrations,0.9914,,4.0,0.9930,,Magne_Traction_serrated,0.8571,,,,,Any_binding_standard_or_mini_disk_2x4,0.8520,,0.25,0.8000,,,,,,,,,,,,0.9554,,83.2,0.9554,,,,,,0.9554,,,,,,,
Lwq6GUWWui,,Shadowban,,0.9890,,0.8,0.8000,Aspen_Bamboo_Paulownia:0.9709|Aspen_Bamboo:0.0291,949.99,0.9923,,0.5,0.8000,,Jones_Mountain_Twin,0.6365,,Sintered_Stone_Ground_4000_PTEX,0.9978,,74.8,0.8000,,3.5,0.6000,Mellow:0.9554|Mid:0.0446,2023,0.9948,,30.0,0.9839,,6.8,0.8000,,Beginner_Intermediate,0.4812,Beginner_Intermediate:0.4812|Intermediate_Advanced:0.4787|Intermediate:0.0401,3.0,0.8000,,0.75,0.7000,,Topless_Topsheet_graphics_on_fiberglass_urethane,0.9978,,,,,2600,0.5000,,Asia_based_facility,0.9449,,,,,,,,25.4,0.9923,,77.1,0.8000,,117.2,0.9923,,6.9,0.8000,,30.4,0.9839,,,0.9595,All_Mountain:0.9595|All_Mountain_Freestyle:0.0405,Ride,0.9986,,2x4_Inserts,0.9890,,Directional_Twin,0.9997,,147_151_154_157_161_155W_160W_164W,0.9978,,2027,0.9890,,Unisex,0.9219,,Pre_Cured_Glass_USA_made,0.9996,,Snowboard,0.9986,,,0.9890,,19.0,0.9978,,0.5,0.8000,,30_percent_recycled_materials,0.9923,,55.9,0.9978,,0.75,0.7000,,Carbon_Array_3_three_carbon_stringers,0.9978,,Slimewalls_urethane_with_Roll_In_Construction,0.9978,,0.8,0.7000,,Standard_Steel_Edge_30pct_recycled,0.9978,,2.4,0.6051,,Quadratic_Sidecut_blend_of_three_radii,0.9978,,,,,,,,0.6,0.6000,,Machete_GT_more_approachable,0.6716,,,,,,,,,,,,,,,,,,,,,,,,,
M0jRRVbDtJ,,Goliath_Plus,,0.9793,,0.75,0.7000,,1199.99,0.9742,,0.5,0.8000,,,,,Nano_Speed_S_ISOSPORT_7000_sintered,0.9994,,75.0,0.9793,,7.0,0.9005,7.0:0.9005|8.0:0.0995,2004,0.8696,,29.8,0.9793,,7.9,0.9793,,Intermediate_to_Advanced,0.5510,Intermediate_to_Advanced:0.5510|Advanced:0.3446|Advanced_Expert:0.1044,,,,,,,,,,,,,,,,,,,,,,,,,25.4,0.9793,,81.0,0.8000,,120.2,0.9793,,8.0,0.9793,,30.1,0.9793,,,0.9922,,Bataleon,0.9922,,2x4_Inserts,0.9793,,Directional_Twin,0.9985,,153_156_159_158W_161W_164W,0.9793,,2027,0.9922,,Mens,0.9948,,Tri_Ax_Carbon_Stringers_DRST_Aramid_XPly,0.9943,,Snowboard,0.9730,,,,,,,,,,,,,,55.0,0.9793,,,,,DRST_Dual_Radial_SuperTubes_six_hollow_carbon,0.9994,,Flex_Walls_urethane_bonded_to_core,0.9994,,,,,,,,,,,,,,,,,Standard_pattern_non_Burton_EST,0.8410,,,,,,,,,,,,,,,,,,,,,,,,,,,,,,,
M3A5mzYKtT,Salomon,Abstract,,0.9998,,0.6,0.6585,Aspen_Select:0.6585|Aspen:0.2927,594.99,0.9974,,0.7,0.7000,,Burton_Process_Flying_V,0.9317,,Sintered,0.9985,,70.0,0.9000,,6.0,0.9968,,2023,0.9726,,29.7,0.9000,,,,,Intermediate_Advanced,0.9545,,,,,,,,Castor_Bean_Bio_Sourced,0.9922,,Estee_Preda,0.9434,,2600,0.3000,,,,,,,,,,,25.2,0.9534,,77.5,0.8000,,120.5,0.9534,,,,,29.9,0.9000,,,0.9943,,Salomon,0.9958,,2x4_Inserts,0.9534,,True_Twin,0.9998,,10_sizes_with_162,0.9930,10_sizes_with_162:0.9930|9_sizes_no_162:0.0060,2025,0.9958,,Unisex,0.9975,,Triax_BA_MD_3_intersecting_layers,0.9965,,Snowboard,0.9975,,,0.9545,,0.0,0.9890,,0.4,0.8000,,FSC_certified,0.8831,,,,,,,,Ghost_Carbon_Beam_tip_tail,0.9574,,Royal_Rubber_Rails_full_length,0.9450,Royal_Rubber_Rails_full_length:0.9450|Royal_Rubber_4mm_pads:0.0292|Rubber_2mm_blocks:0.0215,0.6,0.6000,,,,,2.1,0.8000,,Quadralizer_Sidecut,0.9572,,,,,Salomon_District,0.9569,,,,,Combination_of_Salomon_Gypsy_and_Villain,0.9990,,,,,,,,,,,,,,,,,,,,,,,,,
M6QYHtT461,Rome_SDS,Boneless,,0.9997,,0.65,0.7100,,899.99,0.9073,,0.5,0.7100,,CAPiTA_DOA_twin_hybrid_camber_flex_5_5,0.9931,,SinterStrong_sintered,0.9983,,62.8,0.9518,53.5_to_72kg:0.9518|54_to_77kg:0.0482,5.0,0.9723,5.0:0.9723|6.0:0.0277,2025,0.8000,,,,,6.8,0.8000,,Intermediate,0.9637,,,,,0.75,0.8000,,,,,,,,2680.0,0.9754,,,,,,,,,,,,,,,,,,,,,,,,,,,0.9590,,Rome,0.9998,,2x4_Inserts,0.9979,,True_Twin,0.9997,,138N_141N_144N_147N_150_153_156_157W_159_160W_163W,0.9997,,2027,0.7100,,Unisex,0.9995,,Biaxial_fiberglass,0.9979,,Snowboard,0.9998,,,0.9983,,0.0,0.9979,,0.3,0.8000,,,,,55.3,0.8000,49.3_to_61.3cm:0.9554|53.3cm:0.0446,0.65,0.7000,,Twin_Single_Bamboo_Omega_HotRods,0.9982,,,,,0.8,0.8000,,,,,1.8,0.8000,,Tri_Radial_Sidecut,0.9983,,0.0,0.9979,,2x4_compatible_all_major_brands,0.9979,,0.4,0.7000,,,,,108.4,0.9940,,0.75,0.8000,,0.72,0.7000,,85.9,0.9694,,,,,,,,,,,,,
MMQRE33uii,CAPiTA_Snowboards_founded_Seattle_2000,Mega_Mercury,,0.9085,,0.7,0.7000,,1699.99,0.9315,,0.4,0.8000,,Jones_Ultra_Bataleon_Plus_Salomon_Pro_Nitro_Pro_NS_Proto_Burton_GC,0.9933,,Megadrive_XT_sintered_race_base_UHMW_carbon_fluoro,0.9999,,72.5,0.9315,,7.0,0.6479,7.0:0.6479|6.5:0.3521,2021,0.8000,,29.8,0.9315,,7.5,0.6000,,Advanced_to_Expert,0.9591,,2.0,0.8000,,0.7,0.7000,,Megalite_Skin_Topsheet_super_thin_matte,0.9572,,,,,,,,The_MotherShip_Feistritz_Austria,1.0000,,0.65,0.6000,,7.0,0.7000,,25.5,0.9315,,76.5,0.8000,,119.9,0.9315,,8.0,0.8000,,,,,,0.9999,,CAPiTA,0.9974,,2x4_Stainless_Steel_Inserts,0.9107,,Directional,0.9974,,153_155_157_159_161_156W_158W_160W,0.9671,153_155_157_159_161_156W_158W_160W:0.9671|155_157_159_158W_160W:0.0329,2027,0.9315,,Mens,0.9268,,Hybrid_Carbon_Holysheet_Tri_Tri,0.9986,,Snowboard,0.9315,,,0.9004,,12.7,0.9986,,0.5,0.8000,,100pct_clean_energy_hydroelectric_solar,1.0000,,55.9,0.9315,,0.6,0.7000,,Carbon_interwoven_into_Holysheet_fiberglass,0.9992,,Milled_sidewalls_added_strength,0.8475,,,,,1_5mm_bump_each_edge_3mm_extra_waist,0.9465,,,,,New_Age_Progressive_Death_Grip,0.9112,,0.0,0.9449,,,,,,,,CAPiTA_Mercury,0.9946,,,,,,,,0.55,0.6000,,91.0,0.8000,,,,,0.8,0.7000,,,,,,,
Mkb0Q9lZ1o,,Outerspace_Living,,0.9605,Resort_V3_Profile:0.9605|Rocker_Camber_Rocker:0.0395,0.65,0.7000,,719.99,0.8447,,0.8,0.8000,,Outsiders_DOA_NS_ProtoTwo_NitroFury_YesGreats_Jibsaw_BoxK,0.9434,,Superdrive_ADV_sintruded,0.8403,,72.5,0.9914,,5.0,0.9981,,2017,0.9434,,,,,7.9,0.9914,,Intermediate,0.9979,,,,,1.0,0.9681,,PLT_Technology_digital_screen_print_metallic,0.9979,,,,,2400,0.6000,,Feistritz_Carinthia_Austria,0.8609,,0.5,0.7000,,7.5,0.7000,,25.2,0.9914,,,,,118.4,0.9914,,,,,,,,,0.9979,,CAPiTA,0.9979,,2x4_Inserts,0.7086,,Directional_Twin,0.9980,,150_152_154_156_158_160_155W_157W_159W_161W,0.9963,,2026,0.9979,,Mens,0.9951,,Special_Blend_Biaxial_Fiberglass_626g_m2,0.9603,,Snowboard,0.9979,,,0.9979,,12.7,0.9912,,0.5,0.8000,,Certified_B_Corporation,0.9865,,55.9,0.9914,,0.4,0.8000,Less_edge_hold_harder_snow_not_ideal_icy:0.8029|Not_bad_for_soft_board_grippy_camber:0.1971,4x30mm_Carbon_Boosters_tip_tail,0.9646,,Full_ABS_Sidewalls,0.5180,,0.6,0.6000,,360_Degree_Steel_Edges,0.5180,,2.0,0.8000,,Radial_single_radius,0.9921,,,,,,,,,,,,,,,,,,,,,,,,,,,,,,,,,,,,,
MqjXyoxok9,Mervin_Manufacturing,Gremlin,,0.9963,,0.85,0.9000,,969.99,0.9839,,0.9,0.8000,,Lib_Tech_Orca_more_stable_precise_vs_nimble,0.8929,,Fast_tough_holds_wax_knife_cut_waste_reduction,0.9093,,80.0,0.6000,,6.0,0.9991,,2020,0.8000,,30.7,0.8801,,7.2,0.8801,,Advanced_Expert,0.9453,Advanced_Expert:0.9453|Intermediate_Advanced:0.0547,1.0,0.8000,,,,,Eco_Sublimated_Poly_Texture,0.9001,,By_GNU_Gift_Shop,0.9923,,2800,0.6000,,Sequim_Washington_USA,0.9992,,0.9,0.8000,,6.5,0.6000,,26.4,0.8801,,82.5,0.6000,,,,,7.5,0.8801,,31.45,0.8000,,,0.9890,,GNU,0.9974,,2x4_Inserts,0.9868,,Tapered_Directional,0.9974,,144_148_152_155_158_161cm,0.9963,,2027,0.9839,,Mens,0.8066,,Tri_Ax_Bi_Ax_Alloy_Glass,0.9549,,Snowboard,0.9890,,,0.9001,,51.0,0.9868,,0.4,0.8000,,FSC_certified_wood,0.9549,,54.93,0.8000,,0.9,0.9000,,,,,UHMW_Polyethylene,0.9001,,,,,Magne_Traction_7_serrations,0.9989,,4.2,0.8000,,,,,12.0,0.9592,,Bent_Metal_Axtion_Transfer_Union_Ultra,0.8418,,0.7,0.8000,,,,,108.0,0.8801,,,,,0.5,0.8000,,,,,0.7,0.8000,,,,,0.8,0.8000,,,,
NqInYDuKpj,Bataleon_Snowboards_Amsterdam_Netherlands,Mens_Stereo,,0.9726,,0.6,0.7000,,939.99,0.9726,,0.1,0.7000,,CAPiTA_Horrorscope_freestyle_twin_soft_flex_park,0.5714,,Hyper_Glide_S_standard_sintered,0.9726,,75.0,0.9726,,4.0,0.9946,,2026,0.6509,,29.9,0.9726,,7.2,0.8000,,Intermediate,0.9726,,,,,,,,,,,Ethan_Morgan,0.9726,,,,,Austria_CAPiTA_MFG_Mothership,0.9954,,,,,,,,25.5,0.9726,,79.0,0.8000,,116.2,0.9726,,7.3,0.8000,,30.2,0.9726,,,0.9726,,Bataleon,0.9912,,2x4_Inserts,0.9726,,Twin_3D_Twin_symmetrical,0.9946,,150_152_154_156_158_153W_156W_159W,0.9726,,2027_season_26_27,0.9726,,Mens,0.9726,,Bi_Ax_fiberglass_with_Carbon_Stringers,0.9726,,Snowboard,0.9726,,,0.9726,,0.0,0.9726,,,,,,,,55.5,0.9726,,,,,Carbon_stringers_fine_tune_flex_response_feel,0.9726,,Flex_Walls_urethane_durable_damp,0.9726,,0.75,0.7000,,Triple_Base_Technology_3BT_reduces_edge_catch,0.9726,,,,,Tri_radial,0.9726,,0.0,0.9726,,Standard_2x4_insert_compatible_all_standard_bindings,0.9726,,,,,,,,,,,0.75,0.8000,,,,,,,,,,,,,,,,,,,
OUkTiHWBdD,Burton_Snowboards_B_Corp_Burlington_VT,Cartographer,,0.6983,,0.9,0.9000,,639.99,0.9963,,0.8,0.8000,,Nidecker_Escape_similar_price_AM_Freeride,0.5952,,Sintered_WFO,0.9963,,68.0,0.9963,,5.5,0.7826,4-7:0.7826|5.5:0.2174,2022,0.9997,,29.75,0.9963,,7.0,0.9963,,Beginner_Intermediate,0.9793,,3.0,0.8000,,0.65,0.7000,,,,,Julio_Desmont_Vermont_artist,0.8904,,2600,0.5000,,,,,,,,6.5,0.7000,,25.5,0.9963,,79.5,0.8000,,114.2,0.9922,,7.3,0.9963,,30.25,0.8000,,,0.9915,,Burton,0.9981,,The_Channel,0.9922,,Freeride_Directional,0.8423,Freeride_Directional:0.8423|Tapered_Directional:0.1577,144_149_154_159_162_154W_159W,0.9963,,2026,0.9981,,Unisex,0.9884,,Triax_Fiberglass,0.9709,Triax_Fiberglass:0.9709|Mystery_Glass:0.0291,Snowboard,0.9963,,,0.9921,,-2.5,0.9963,,0.3,0.8000,,FSC_Certified_core_wood,0.9915,,56.0,0.9963,,,,,Dualzone_EGD_perpendicular_wood_grain,0.9907,,,,,0.7,0.7000,,,,,2.6,0.7000,,,,,5.0,0.9635,,,,,,,,,,,,,,1.0,0.9000,,,,,,,,,,,,,,0.85,0.7000,,,,
PYpPM9tM1r,,Mens_Mountain_Twin,,0.9965,,0.8,0.9000,,1029.99,0.7602,,0.85,0.6400,,Capita_Mercury,0.4365,,Sintered_8000,0.9940,,70.4,0.8000,,6.0,0.7744,6.0:0.7744|7.0:0.2256,2010,0.8000,,23.5,0.9940,,7.8,0.9940,,Beginner_to_Expert,0.8904,Beginner_to_Expert:0.8904|Intermediate:0.1096,2.0,0.6000,,0.8,0.8000,,Premium_Topsheet_castor_bean_bioplastic,0.9991,,Jeremy_Jones_Victor_de_Le_Rue,0.9654,,,,,SWS_Dubai_UAE,0.9972,,0.7,0.9943,,5.5,0.7000,,25.4,0.9940,,,,,121.0,0.9940,,8.0,0.9940,,,,,,0.9963,,Jones_Snowboards,0.9940,,2x4_Inserts,0.7602,,Directional_Twin,0.9965,,149_151_153W_154_156W_157_158UW_159W_160_161UW_162W_163_164UW_165W_168W,0.9940,,2027,0.9963,,Mens,0.9940,,Biax_Fiberglass_dual_layer,0.9940,,Snowboard,0.9940,,,0.7602,,0.0,0.9963,,0.7,0.8000,,1pct_for_the_Planet_since_2015,0.9138,,58.0,0.8394,580.0:0.8394|600.0:0.1606,0.65,0.8000,,BComp_Carbon_Flax_stringers,0.9969,,Recycled_ABS_rounded,0.9940,,0.65,0.6000,,Traction_Tech,0.9965,,3.7,0.7000,,,,,0.0,0.9963,,S_M,0.9940,,0.75,0.7000,,,,,111.0,0.9940,,0.55,0.7000,,0.7,0.8000,,,,,0.7,0.7000,,0.8,0.8000,,0.7,0.8000,,0.7,0.8000,
PglUt7Orx0,Annecy_France_founded_1947,Assassin_Pro,,0.9963,,0.75,0.8000,,692.99,0.8100,,0.0,0.8100,,Korua_Otto_Ride_Algorythm_Shadowban_Salomon_Highpath_Yes_Standard_Uninc_Yes_Basic_Uninc_Capita_BSOD_Jones_Rally_Cat_Cardiff_Crane_Lynx,0.9595,,Sintered_EG_Electra_Gallium,0.9963,,70.0,0.8100,,8.2,0.9923,,2018,0.8000,,29.8,0.8100,,,,,Advanced_to_Expert,0.9966,,2.0,0.7215,,0.5,0.9595,,ABC_Wrapper_bamboo_veneers_reduce_40pct,0.6049,,Bode_Merrill,0.9965,,2600,0.3000,,China,0.9499,,0.85,0.9595,,5.5,0.8000,,25.3,0.8100,,77.5,0.8000,,118.0,0.8100,,,,,30.1,0.8100,,,0.7800,,Salomon,0.9963,,2x4_Inserts,0.7800,,Directional_Twin,0.9963,,150_153_156_159_162_158W_163W,0.8100,,2025,0.9963,,Mens,0.9341,,BA_MD_Glass_Biaxial_Medium_Density_Fiberglass,0.9310,,Snowboard,0.9963,,,0.9458,All_Mountain_Freestyle:0.9458|Park_to_Powder:0.0542,20.0,0.9937,,0.2,0.8000,,Bio_epoxy_resin_30pct_molecular_from_plants,0.9905,,,,,0.7,0.8000,,Ghost_Carbon_Beam_two_carbon_beams_tip_tail,0.9963,,Recycled_ABS_2025_reduced_chatter,0.9988,,0.8,0.8000,,,,,3.2,0.8000,,Quadralizer,0.9963,,,,,,,,,,,Changed_True_Twin_to_Directional_Twin_2019,0.8029,,,,,0.95,0.5574,,0.5,0.8000,,,,,0.7,0.8000,,0.8,0.8000,,0.7,0.8000,,0.8,0.8000,
PleYrgV9IN,Mervin_Manufacturing,Apex_Orca_II,,0.9369,,0.65,0.7000,,2199.99,0.9445,,0.7,0.7000,,Ride_Warpig_short_wide_park_leaning_cheaper_less_edge_hold,0.6365,,Fast_sintered_die_cut_to_reduce_waste,0.9369,,80.0,0.6000,w70_plus_kg_156:0.6429|75_plus_kg:0.3571,7.0,0.7297,7.0:0.7297|6.0:0.2703,2018,0.8000,,31.7,0.9448,,7.0,0.9448,,Advanced,0.9369,,1.0,0.9923,,0.4,0.7000,,Eco_Sublimated_Bio_Beans_Topsheet,0.9627,,Travis_Rice,0.9252,,,,,Handmade_Sequim_WA_USA,0.9923,,0.8,0.7000,,,,,26.7,0.8000,,82.5,0.6000,w70_plus_kg_159:0.6429|w75_plus_kg_159:0.3571,,,,,,,,,,,0.6414,All_Mountain_Directional:0.6414|All_Mountain_Freeride_Powder:0.2183|Freeride_Powder:0.1403,Lib_Tech,0.9923,,2x4_Inserts,0.9448,,Tapered_Directional,0.9369,,150_153_156_159cm,0.6471,150_153_156_159cm:0.6471|153_156_159cm:0.3529,2027,0.9369,,Unisex_Mens,0.9369,,Unidirectional_Carbon_tip_to_tail,0.9369,,Snowboard,0.9369,,,0.8716,,2.5,0.9448,,0.6,0.7000,,Zero_hazardous_waste_production,0.9923,,55.88,0.7000,,0.9,0.9000,,30deg_Carbon_Mega_X_14_strands,0.9369,,Birch_Internal_UHMW_Sintered_Sidewall,0.9369,,0.6,0.6000,,Magne_Traction_7_serrations,0.9369,,2.5,0.7000,,,,,11.0,0.8929,,,,,0.8,0.8000,,,,,113.0,0.9448,,,,,,,,90.0,0.8000,,,,,,,,,,,0.85,0.6000,
Pze4R5DtmS,,Artifact,,0.9985,,0.45,0.7442,,849.99,0.9015,,0.3,0.7000,,Capita_DOA_hybrid_camber_forgiving,0.7720,,High_end_durable_faster_than_expected_extruded,0.9945,,68.3,0.9677,59-77.5kg:0.9677|65-85kg:0.0323,4.0,0.9985,,2004,0.9923,,,,,7.90,0.9945,,Intermediate-Advanced,0.9337,Intermediate-Advanced:0.9337|Beginner-Intermediate:0.0663,,,,0.6,0.6000,,,,,,,,3080.0,0.9626,,Quebec_Canada,0.8427,,,,,,,,25.7,0.9945,,73.5,0.8000,64.5-82.5kg:0.9607|71-91kg:0.0393,120.0,0.9945,,8.14,0.9945,,,,,,0.9985,,Rome,0.9985,,2x4_inserts,0.9945,,True_Twin,0.9985,,147_150_153_154W_156_157W_159_160W,0.9945,,2027,0.9974,,Mens,0.9985,,Biaxial_fiberglass_torsionally_playful,0.9985,,Snowboard,0.9985,,9.0,0.9985,,0.0,0.9974,,0.1,0.6264,,,,,55.3,0.7000,,,,,Twin_Single_Bamboo_HotRods,0.9738,Twin_Single_Bamboo_HotRods:0.9738|Bamboo_Omega_HotRods:0.0225,Dampening_sidewall_material,0.9882,,0.7,0.6264,,,,,1.9,0.8000,,Radial_Sidecut_single_radius,0.9985,,0.0,0.9974,,2x4_insert_compatible_all_major_bindings,0.4801,,,,,,,,115.0,0.9945,,0.75,0.8000,,,,,83.2,0.9554,,,,,,,,0.65,0.6000,,,,
Q7xh2FmEa3,Mervin_Manufacturing,Turbo_Gremlin,,0.9963,,0.85,0.9000,,1099.99,0.9346,,0.7,0.7000,,Gremlin_better_edge_chunder_Orca_better_deep_pow,0.5970,,Sintered_Knife_Cut_UHMW,0.9617,,80.0,0.6000,,8.0,0.9759,8.0:0.9759|7.0:0.0241,2026,0.8000,,30.5,0.9963,,7.2,0.9963,,Advanced_to_Expert,0.9617,,1.0,0.9923,,0.5,0.5000,Ride_normal_size_do_not_size_down:0.8133|Ride_2cm_shorter:0.1867,Eco_Sublimated_Poly_Texture_Topsheet,0.9346,,,,,2900,0.6000,,Carlsborg_Sequim_Washington_USA,0.9912,,,,,,,,25.5,0.9963,,82.5,0.6000,,,,,7.5,0.9963,,,,,,0.9278,,GNU,0.9963,,2x4_Inserts,0.9617,,Tapered_Directional_Mild_Volume_Shift,0.9804,,155cm_158cm_161cm,0.9963,,2026-2027_designated_2027,0.9963,,Mens,0.9617,,Triax_Biax_fiberglass_torsional_smooth,0.9617,,Snowboard,0.9963,,,0.9346,,2.0,0.9760,2.0:0.9760|3.0:0.0240,0.6,0.8000,,Zero_hazardous_waste_manufacturing,0.9436,,54.93,0.8000,,0.9,0.8197,,Carbon_Power_Bands_snap_energy_stability,0.9985,,UHMW_Ultra_High_Molecular_Weight_PE,0.9617,,0.75,0.7000,,Magne_Traction_seven_serrations,0.9980,,2.4,0.7000,,,,,,,,Bent_Metal_Axtion_Transfer_Union_Ultra,0.8427,,,,,GNU_Gremlin_first_released_2021,0.6897,,108.0,0.9963,,,,,,,,,,,,,,,,,,,,,,
QOPmTCjmdH,Elevate_Outdoor_Collective,Psychocandy,,0.9840,,0.85,0.7705,,949.99,0.9595,,0.6,0.7000,,Salomon_Dancehaul_Pro_easier_engage_snap,0.8418,,Sintered_4000_PTEX,0.9808,,82.0,0.8000,,6.0,0.9595,,2019,0.8000,,31.3,0.9595,,6.0,0.7000,,Intermediate_to_Advanced,0.9062,,3.0,0.8000,,0.8,0.8000,,Durable_urethane_topsheet,0.9101,Durable_urethane_topsheet:0.9101|Topless_Topsheet:0.0899,,,,,,,China_Guangzhou,0.7682,,0.7,0.9212,,8.0,0.8000,,26.7,0.9595,,92.5,0.6000,,,,,6.3,0.8000,,31.5,0.8000,,,0.9595,,Ride_Snowboards,0.9963,,2x4_Inserts,0.9595,,Tapered_Directional,0.9595,,146_150_154_158cm,0.8900,146_150_154_158cm:0.8900|138_142_146_150_154_158cm:0.1100,2027,0.9595,,Unisex,0.9963,,Carbon_Infused_Glass_Carbon_Array_5_Double_Impact_Plates,0.9595,,Snowboard,0.9963,,,0.9595,,20.0,0.8188,20.0:0.8188|19.0:0.1812,0.3,0.8000,,44pct_sustainable_solar_energy,0.9808,,53.3,0.9595,,0.65,0.8000,,90deg_carbon_fibers_in_glass_pop_response,0.9808,,Carbon_Slimewalls_urethane_Roll_In_Construction,0.9994,,0.8,0.8000,,Standard_steel_edge,0.9595,,4.2,0.8000,,Tapered_Bi_Radial_Sidecut,0.9595,,,,,,,,,,,Ride_Hellcat_mixed_with_Warpig_DNA,0.8763,,,,,,,,0.5,0.8000,,,,,0.7,0.8000,,0.7,0.8000,,0.7,0.8000,,0.7,0.8000,
Qa2ZCrTUIY,Salomon_SAS_Annecy_France,Huck_Knife_Pro_Dusty_LTD,,0.9550,,0.8,0.8000,,1029.99,0.9979,,0.75,0.7000,,Burton_Process_stiffer_Pure_Pop_bigger_jumps_HK_better_rails,0.9946,,Sintered_EG_Gallium_infused_Electra_finish,0.9681,,77.5,0.9949,,8.0,0.9660,8.0:0.9660|5.0:0.0340,2017.0,0.9986,,29.5,0.9959,,7.5,0.9959,,Advanced_to_Expert,0.9429,,2.0,0.8000,,0.85,0.8000,,Southern_California_tribute_Big_Bear_bottom_Minarets_top,0.9853,,Dusty_Henricksen,0.9959,,2700,0.6000,,Austria_Bulgaria_France_Finland_Canada_US,0.9702,,,,,,,,25.5,0.9959,,80.0,0.8000,,,,,7.7,0.9959,,29.8,0.9959,,,0.9858,,Salomon,0.9979,,2x4_Inserts,0.9949,,True_Twin_symmetrical,0.9550,,153_156_159cm,0.5295,153_156_159cm:0.5295|149_153_156_156W_159_159W:0.4705,2026,0.9546,,Mens,0.9948,,Tri_Ax_Glass_three_angles_durability,0.9742,,Snowboard,0.9937,,,0.6044,Park_jumps_rails_urban_side_hits_all_mountain:0.6044|Park_freestyle_jumps_rails_halfpipes:0.3956,0.0,0.9550,,0.4,0.8000,,FSC_certified_wood,0.9373,,56.0,0.9949,,0.8,0.8000,,Ghost_Carbon_Beams_tip_tail_pop_stability,0.5704,Ghost_Carbon_Beams_tip_tail_pop_stability:0.5704|Carbon_stringers_sewn_into_triax:0.4296,Royal_Rubber_Rails_full_length_dampening,0.9388,,,,,Freestyle_Edge_Bevel,0.9742,,1.4,0.8000,,EQ_Rad_Sidecut,0.9550,,,,,,,,0.6,0.7000,,Salomon_Huck_Knife_medium_flex_579_MSRP,0.9681,,,,,,,,,,,83.7,0.9569,,,,,,,,,,,,,
R42CHMu4uJ,German_snowboard_company_co_founded_by_Wolken_and_Maurer,Pencil,,0.9890,,0.5,0.8000,,1099.99,0.9312,,0.85,0.8000,,Ride_Peace_Seeker_similar_carving_powder,0.4090,,PTEX_2000_Sintered,0.5880,PTEX_2000_Sintered:0.5880|PTEX_3000:0.4120,72.5,0.9948,,7.0,0.8027,,2015,0.6000,,31.1,0.9948,,8.1,0.9948,,Intermediate_to_Expert_only,0.9389,Intermediate_to_Expert_only:0.9389|Beginner_to_Expert:0.0611,,,,0.5,0.3000,,Classic_gloss_UV_lacquer,0.9890,,,,,3100.0,0.9948,,Poland_and_China,0.9890,,,,,,,,,,,,,,,,,,,,,,,,0.6000,,Korua_Shapes,0.9923,,4x4,0.5567,,Tapered_Directional,0.9952,,138_147_153_159_164cm,0.9890,,,,,Unisex,0.9890,,Biaxial_Fiberglass,0.9890,,Snowboard,0.9923,,,0.8027,,35.0,0.9923,,0.6,0.8000,,1pct_for_the_Planet_member,0.9777,,55.0,0.8000,,0.75,0.8000,,,,,,,,0.8,0.8000,,Steel_edges,0.6042,,2.3,0.6000,,,,,2.8,0.9000,28.0:0.9671|19.0:0.0329,,,,0.45,0.7000,,,,,103.0,0.9948,,,,,,,,,,,,,,,,,,,,,,
R4V6xLvD9C,Burton_Snowboards_Inc_Burlington_VT_USA,Process_Recut,,0.9557,,0.85,0.7000,,879.99,0.9923,,0.0,0.9998,,Bataleon_Goliath_Bataleon_Evil_Twin,0.5405,,Durable_highly_porous_added_strength_wax_absorption,0.9726,,79.5,0.9726,,6.0,0.7697,6.0:0.7697|4.0:0.1220|3.5:0.1083,2011,0.6000,,,,,8.1,0.9726,,Intermediate_to_advanced,0.4376,Intermediate_to_advanced:0.4376|Progressing_beginner_or_intermediate:0.3907|Intermediate_Expert:0.1340|Beginner_Intermediate:0.0377,,,,0.5,0.5000,,,,,Mark_McMorris,0.9998,,6620,0.4255,,Kiel_Nindl_GmbH_Austria,0.9548,,0.6,0.6000,,,,,25.1,0.9726,,79.5,0.8000,,119.5,0.9726,,8.2,0.9726,,,,,,0.8649,All_Mountain_Freestyle:0.8649|All_Mountain:0.1218,Burton,0.9978,,The_Channel,0.9556,,True_Twin_symmetrical_tip_and_tail,0.9559,,152_155_157_159_162_157W_159W_162W,0.9890,,Winter_2025_2026,0.9826,,Mens,0.8721,,Triax_Fiberglass,0.9556,,Snowboard_deck_bindings_not_included,0.9186,,5.0,0.9595,,0.0,0.9890,,0.4,0.8000,,FSC_Certified,0.9994,,53.0,0.9726,,0.8,0.7000,,Process_uses_only_Triax_fiberglass_no_carbon,0.9953,,ABS_recycled,0.8949,,0.7,0.7000,,Frostbite_Edges,0.9556,,2.2,0.8000,,,,,,,,Compatible_with_all_major_binding_brands,0.9726,,0.2,0.8949,,Burton_Process_Camber,0.9845,,,,,,,,,,,,,,,,,,,,,,,,,
RB3NCPUwch,Elevate_Outdoor_Collective,Smokescreen,,0.9091,Directional_Standard_Camber:0.9091|Directional_Hybrid_Rocker:0.0909,0.85,0.8000,,879.99,0.9974,,0.5,0.7000,,Jones_Flagship_Cardiff_Bonsai_Arbor_AFrame_Burton_Leaderboard_Commissioner,0.9620,,Sintered_4000_PTEX,0.9974,,74.8,0.8000,,9.0,0.4925,Very_stiff:0.4925|Mellow:0.4669|Medium:0.0406,2021,0.8000,,30.0,0.9974,,9.0,0.9974,,Intermediate_Advanced,0.9958,,1.0,0.8000,,0.65,0.7000,,Durable_Urethane,0.9635,Durable_Urethane:0.9635|Topless_Topsheet:0.0365,,,,2600,0.6000,,China_factory_design_Seattle,0.8824,,,,,,,,25.4,0.9974,,,,,117.7,0.9974,,,,,,,,,0.8279,All_Mountain:0.8279|All_Mountain_Freeride:0.1121|Freeride_Powder:0.0600,Ride,0.9896,,2x4_Inserts,0.9692,,Tapered_Directional,0.9979,,153_155_157W_158_162_165,0.9974,,2026,0.7879,2026:0.7879|2027:0.2121,Mens,0.9730,,Hybrid_Glass_triaxial_top_biaxial_base,0.9974,,Snowboard,0.9896,,,0.9925,,-19.0,0.9974,,0.4,0.8000,,FSC_Certified_base_stickers_shipping,0.9974,,55.9,0.9974,,0.65,0.7000,,Carbon_Array_3_three_carbon_stringers_binding_zone,0.9974,,Slimewalls_urethane_impact_absorbing,0.9974,,0.75,0.7000,,Standard_Steel_Edge_Rockwell_48C,0.9579,,2.7,0.6000,,Tapered_Elliptical_Progressive_Sidecut,0.9971,,10.0,0.9839,,,,,,,,Shared_lineage_Ride_Timeless,0.7309,,,,,,,,,,,,,,,,,,,,,,,,,
RCHZy5MVY9,K2_Sports_LLC,Sky_Pilot,,0.9969,,0.85,0.8000,,949.99,0.6408,,1.0,0.9999,,Nidecker_Megalight_Burton_Counterbalance_Amplid_Souly_Grail_etc,0.9594,,Wax_Infused_Sintered_4001,0.9977,,70.0,0.9969,,6.0,0.9516,,2025,0.6000,,30.3,0.8000,,7.5,0.9969,,Intermediate_Advanced_Expert,0.9948,,5.0,0.8000,,0.5,0.3000,,,,,Sage_Kotsenburg,0.9979,,,,,China,0.9992,,0.85,0.9646,,7.0,0.8000,,,,,75.0,0.8000,,119.0,0.9969,,7.7,0.9969,,30.7,0.8000,,,0.8060,Snowsurf:0.8060|All_Mountain_Freeride:0.1940,K2,0.9979,,2x4_tighter_hole_pattern,0.9975,,Directional,0.7103,Directional:0.7103|Tapered_directional_longer_nose_shorter_tail:0.2897,148_151_154_157_160_163cm,0.9851,148_151_154_157_160_163cm:0.9851|154_157_160cm:0.0149,2027,0.9264,,Unisex_all_gender_scaled_sizing,0.9971,,Triaxial_45_45_0,0.9975,,Snowboard,0.9979,,,0.9998,,-1.9,0.9996,,0.5,0.8000,,,,,53.3,0.9969,,0.65,0.8000,,Carbon_Y_Beam_snap_stability,0.9998,,Hybritech_sidewall_capped_tip_tail,0.9943,,0.65,0.7000,,3D_Base_Contour_3mm_spoon_tip_tail,0.9998,,3.2,0.8000,,,,,10.0,0.9995,,,,,,,,K2_Instrument_discontinued,0.9955,,,,,,,,0.5,0.8000,,,,,0.8,0.8000,,0.7,0.8000,,0.7,0.8000,,0.7,0.8000,
RVjoANFEjw,Bataleon_Low_Pressure_Studio_Amsterdam,Evil_Twin_Plus,,0.9976,,0.8,0.8000,,1189.99,0.9268,,0.55,0.7000,,CAPiTA_DOA_full_camber_stiffer_aggressive_ET_more_forgiving,0.9955,,Nano_Speed_S_ISOSPORT_7000_Ptex_sintered,0.9993,,80.0,0.8196,70-90kg:0.8196|65-90kg:0.1804,6.0,0.7527,6.0:0.7527|5.5:0.2473,2003,0.9692,,29.4,0.9416,,8.03,0.9416,,Advanced,0.9268,,,,,,,,,,,,,,,,,SWS_Dubai_or_overseas,0.7890,SWS_Dubai_or_overseas:0.7890|CAPiTA_Austria:0.1136,,,,,,,25.3,0.9416,,84.0,0.8000,74-94kg:0.8196|70-95kg:0.1804,120.2,0.9416,,8.09,0.9416,,29.7,0.9416,,,0.9548,,Bataleon,0.9964,,2x4_inserts,0.9268,,True_Twin,0.9578,,151_154_157_159_156W_159W,0.9917,,2027,0.9027,,Mens,0.9998,,Tri_Ax_fiberglass,0.9415,,Snowboard,0.9979,,,0.8500,,0.0,0.9254,,0.4,0.7000,,,,,57.0,0.8000,,0.6,0.6000,,AirRide_urethane_filled_channels_dampen_vibrations_nose_and_tail,0.9993,,Flex_Walls_urethane_poured,0.9976,,0.75,0.7000,,,,,2.8,0.6000,,,,,0.0,0.9220,,Standard_insert_pattern_non_Burton_EST,0.9070,,0.85,0.8000,,,,,,,,0.75,0.8000,,,,,,,,,,,,,,,,,,,
RZq38d3rtm,Annecy_France_design_center,Assassin,,0.9985,,0.65,0.8000,,989.99,0.9998,,0.5,0.8000,,NS_Photosynthesis_Yes_Greats_Ride_TwinPig_Burton_Good_Company_Yes_Typo,0.9219,,Sintered_EG_Base_Gallium_Electra,0.9985,,70.0,0.9502,,6.0,0.9303,,2014,0.8899,,29.3,0.9502,,7.5,0.9502,,Intermediate-Advanced,0.9951,Intermediate-Advanced:0.9951|Intermediate:0.0049,2.0,0.8000,,,0.8721,,ABC_Wrapper_Topsheet_wood_veneer,0.9520,,Victor_Daviet,0.9998,,,,,Austria_AMER_factory_or_OEM,0.6268,Austria_AMER_factory_or_OEM:0.6268|China:0.3000,,,,6.5,0.6000,,25.3,0.9502,,77.5,0.8000,,116.0,0.9502,,7.7,0.9726,,,,,,0.9923,,Salomon,0.9979,,5x2_inserts_per_foot,0.7980,5x2_inserts_per_foot:0.7980|2x4_inserts:0.1870,Directional_Twin,0.9986,,150_153_156_159_162cm,0.9502,,2027,0.9312,,Mens,0.9995,,BA_MD_Fiberglass_medium_density,0.9520,,Snowboard,0.9945,,,0.9572,,0.0,0.9771,,0.6,0.8000,,FSC_certified_wood,0.6536,,56.0,0.9502,,0.8,0.8000,,Popster_Eco_Booster_milled_core_carbon_stringers_bamboo_rods,0.9986,,Royal_Rubber_Rails_full_length_rubber,0.9502,,0.8,0.8000,,,,,2.8,0.6000,,Quadralizer_Sidecut,0.9792,Quadralizer_Sidecut:0.9792|Quadrilizer:0.0197,,,,,,,0.75,0.7000,,,,,,,,,,,0.6,0.7000,,,,,,,,,,,,,,,,
RwPNZ6wlqH,Mervin_Manufacturing,Money,,0.9976,,0.8,0.8205,,524.99,0.9963,,0.8,0.8000,,Salomon_Huck_Knife_better_board_sintered_base,0.9941,,Eco_Sublimated_Co_Ex,0.8205,,60.0,0.6000,,6.0,0.8060,6.0:0.8060|5.0:0.1940,2018,0.6000,,29.6,0.9937,,8.2,0.9937,,Beginner_to_Expert,0.6814,Beginner_to_Expert:0.6814|More_aimed_toward_beginners:0.3186,,,,0.7,0.8000,,Eco_Sublimated_Poly_Top,0.8205,,Jay_Howell_punksgitcut,0.9923,,,,,Carlsborg_WA_USA,0.9406,,0.5,0.8000,,5.5,0.8000,,25.5,0.9937,,75.0,0.6000,,,,,8.2,0.9937,,29.8,0.9937,,,0.9963,,GNU,0.9963,,2x4_inserts,0.9937,,True_Twin,0.9000,True_Twin:0.9000|Directional_Twin:0.1000,130_135_140_144_148_152_154_156_159_150W_154W_158W,0.9963,,2026,0.5556,2026:0.5556|2025:0.4444,,,,Triaxial_Biaxial_fiberglass,0.8205,,Snowboard,0.9974,,,,,0.0,0.9551,0.0:0.9551|-12.5:0.0449,0.6,0.8000,,Zero_hazardous_waste_factory,0.9983,,57.47,0.8000,,0.9,0.9000,,,,,UHMW_polyethylene,0.9891,,0.8,0.8000,,Magne_Traction_7_serrations,0.8205,,3.8,0.7000,,,,,,,,,,,,,,,,,117.0,0.9937,,,,,0.7,0.8000,,,,,0.5,0.8000,,0.7,0.8000,,0.6,0.8000,,0.7,0.8000,
SGwEPDW3ct,Salomon_SAS_Annecy_France,Dancehaul,,0.9861,,0.7,0.9000,,679.99,0.9793,,0.8,0.8000,,Lib_Tech_Orca_YES_Hybrid_Gnu_Gremlin_Ride_Psychocandy_Korua_K2,0.9284,,Sintered_base,0.9827,,87.5,0.9793,,5.0,0.9793,,2020,0.8000,,31.4,0.9793,,7.2,0.9793,,Intermediate,0.9861,,,,,1.0,0.9405,,Bright_red_top_sheet,0.5100,,Max_Buri_Swiss_Salomon_pro,0.8899,,2650,0.6000,,Austria_Bulgaria_France_Finland_Canada_US,0.8899,,,,,,,,26.9,0.9793,,,,,117.0,0.9793,,,,,,,,,0.9861,,Salomon,0.9913,,2x4_Inserts,0.9827,,Tapered_Directional,0.9861,,143_147_152_154_157cm,0.9793,,2026,0.9913,,Unisex,0.9913,,BA_MD_Biaxial_Medium_Density_Fiberglass,0.9517,,Snowboard,0.9726,,,0.8571,,0.0,0.9499,,0.3,0.8000,,FSC_certified_wood_core,0.9594,,56.5,0.9793,,,,,Ghost_Basalt_Stringers_triax,0.9827,,Recycled_ABS_sidewall,0.9945,,0.85,0.6714,,,,,2.6,0.7000,,Radial_Sidecut,0.9861,,12.0,0.9081,,,,,,,,,,,,,,,,,,,,86.1,0.9081,,,,,,,,,,,,,
SKfJIjbUYN,Burton_Snowboards_Burlington_VT,Family_Tree_Sketch_Artist,,0.9914,,0.8,0.7000,,1099.99,0.9974,,0.8,0.8000,,Jones_Hovercraft_Gnu_Gremlin_Korua_TF_Salomon_Dancehaul_K2_Excavator_Jones_ME_YES_PYL,0.9620,,Sintered_WFO,0.9742,,,,,7.5,0.5268,7.5:0.5268|6-9:0.4732,2026,0.8000,,,,,,,,Intermediate_Advanced,0.9692,,3.0,0.8000,,0.8,0.8000,,Peregrine_falcon_Audubon_bird_graphic,0.9425,,,,,,,,Austria_by_The_Mothership,0.9620,,0.85,0.9742,,8.0,0.8000,,,,,,,,,,,,,,,,,,0.5783,All_Mountain_Freeride:0.5783|All_Mountain_Powder:0.4090,Burton,0.9981,,The_Channel,0.9742,,Tapered_Directional,0.9600,,147_151_155_159_163cm,0.9576,147_151_155_159_163cm:0.9576|151_155_159cm:0.0424,2026,0.9981,,Unisex,0.9480,,45_degree_Carbon_Highlights_full_tip_to_tail,0.9742,,Snowboard,0.9978,,,0.9231,,-1.25,0.9890,,0.3,0.8000,,Certified_B_Corporation,0.9865,,,,,0.45,0.8000,Medium_Snow_lets_go_in_hard_conditions:0.8322|Excellent_super_good_edge_hold:0.1678,Squeezebox_core_profiling,0.9742,,,,,0.65,0.6000,,,,,4.2,0.8000,,Progressive_sidecut,0.9692,,18.0,0.9923,,EST_best_all_major_compatible,0.9030,,,,,,,,,,,,,,0.2,0.8000,,,,,0.8,0.8000,,0.7,0.8000,,0.8,0.8000,,0.5,0.8000,
SuVit8RW96,Mervin_Manufacturing,Mayhem_Rocket,,0.7907,,0.75,0.8000,,1099.99,0.9974,,0.7,0.7000,,Jones_Hovercraft_iconic_freeride_powder_cult_following,0.6634,,Sintered_Knife_Cut_Base_UHMW,0.7907,,75.0,0.6000,,6.5,0.9957,,2016,0.9278,,30.7,0.9957,,7.0,0.7000,,Intermediate_Advanced,0.6594,Intermediate_Advanced:0.6594|Advanced:0.2954,,,,0.5,0.3000,,Eco_Sublimated_Poly_Top_Sheet,0.9940,,Matt_Mayhem_Biolos,0.9923,,,,,Sequim_Carlsborg_Washington_USA,0.9882,,,,,,,,,,,,,,,,,,,,,,,,0.7749,All_Mountain_Directional:0.7749|Freeride_Powder:0.2197,Lib_Tech,0.9957,,2x4_inserts,0.9533,,Tapered_Directional,0.8841,,152.5_157.5_161.5_cm,0.9957,,2027,0.9278,,Unisex,0.7295,,Tri_Ax_Bi_Ax_Fiberglass,0.7659,,Snowboard,0.9974,,,0.9035,,2.5,0.9957,,0.6,0.8000,,FSC_certified_wood,0.9681,,55.55,0.8000,,0.8,0.6927,Strong_edge_hold_with_Magne_Traction_current_model:0.6927|No_Magne_Traction_older_models:0.2645,UHMW_Tip_Tail_Impact_Deflection,0.8550,,Birch_Internal_Sidewalls,0.7660,,0.75,0.7000,,Magne_Traction_Serrated_Edges,0.7662,,2.4,0.7000,,Elliptical_sidecut,0.9957,,2.0,0.8000,,ReFlex_and_Disc_mounting,0.7289,,,,,,,,114.5,0.9957,,,,,,,,,,,,,,,,,,,,,,
Sw61ssrD4v,Mervin_Manufacturing,Upgrade,,0.9980,,0.85,0.9000,,999.99,0.6801,,1.0,0.9923,,Lib_Tech_Terrain_Wrecker_Upgrade_has_better_base,0.9594,,Eco_Sublimated_Sintered_Base,0.9501,,65.0,0.6000,,7.5,0.6808,7.5:0.6808|5.5:0.2979|6.0:0.0213,2025,0.8000,,29.8,0.9957,,7.6,0.8000,7.6/7.7/7.5:0.9738|7.7/7.7/7.5:0.0262,Intermediate_Advanced,0.9492,Intermediate_Advanced:0.9492|Intermediate:0.0508,1.0,0.7403,,,,,Eco_Sublimated_Poly_Topsheet,0.9501,,Jeff_Hendo_Henderson,0.9961,,2920.0,0.9799,,Sequim_Washington_USA,0.9992,,,,,,,,25.5,0.9974,,67.5,0.6000,,,,,7.8,0.9000,,30.0,0.8000,30.0/30.0:0.9676|30.3/30.3:0.0324,,0.9882,,GNU,0.9961,,2x4_Inserts,0.6801,,Directional_Twin,0.9963,,151_153_156_157W_159_160W,0.9957,,2025-2026,0.9882,,Mens,0.9501,,Tri_Ax_Bi_Ax_fiberglass_Carbon_Power_Bands,0.9501,,Snowboard,0.9882,,,0.9963,,0.75,0.9963,,,,,FSC_Certified,0.9539,,57.15,0.8000,,0.8,0.8000,,Carbon_pop_enhancement_fiber_package,0.9824,,UHMW_polyethylene,0.9501,,,,,Magne_Traction_7_serrations,0.9937,,2.3,0.7000,,Directional_triple_curve_on_demand_sidecut_blend,0.9882,,0.0,0.9594,,,,,,,,GNU_Hyper,0.9594,,114.0,0.9974,,0.4,0.6801,,,,,88.6,0.9799,,,,,,,,,,,,,
T5n37httxV,Salomon_SAS_Annecy_France,HPS_Louif_Paradis,,0.9882,Rock_Out_Camber:0.9882|Powder_Camber:0.0118,0.8,0.8000,,664.99,0.9974,,0.0,0.8363,,Jones_Stratos_Burton_Custom_Flying_V,0.8802,,Sintered_EG_Electra_Gallium,0.9580,,77.5,0.9963,,6.0,0.9382,Medium:0.9382|Medium_Stiff:0.0288|Stiff:0.0173|Soft:0.0157,2021,0.8000,,29.95,0.9963,,,,,Expert,0.9963,,,,,0.85,0.8000,,,,,Louif_Paradis,0.9980,,,,,Likely_shared_Amer_Sports_Austria_France,0.6707,,,,,,,,25.5,0.9963,,85.0,0.8000,,118.0,0.9963,,,,,30.45,0.8000,,,0.9733,,Salomon,0.9733,,2x4_Inserts,0.9963,,Tapered_Directional,0.9985,,155_159_163cm,0.9526,,2025,0.9733,,Unisex,0.9425,Unisex:0.9425|Mens:0.0575,BA_MD_Glass_biaxial_medium_density,0.9567,,Snowboard,0.9732,,,0.9963,,20.0,0.9963,,,,,50pct_recycled_sintered_base,0.9948,,,,,0.8,0.8000,,Ghost_Carbon_Stringers_tip_to_tail,0.8528,,Recycled_ABS_Sidewalls,0.9963,,,,,,,,2.5,0.7000,,Quadralizer,0.9844,Quadralizer:0.9844|Quadratic_Sidecut:0.0156,1.1,0.8000,,,,,,,,,,,,,,,,,,,,,,,,,,,,,,,,,,
TD7mNjqTl8,Burton_Snowboards_founded_1977,Family_Tree_Time_Thief,,0.9793,,0.85,0.7000,,1099.99,0.9793,,0.8,0.7000,,Lib_Tech_Orca_prominent_nose_rocker_loose_on_hardpack,0.7088,,Sintered_WFO,0.9793,,79.5,0.9793,,5.5,0.9793,,,,,29.85,0.9793,,7.7,0.9793,,Intermediate-Advanced,0.9793,,3.0,0.8000,,,,,Fusion_of_art_nature_and_sound,0.9462,,Dom_Berrini_cymatics_Chladni_plates_topsheet,0.9462,,,,,Keil_factory_Austria,0.9957,,,,,,,,25.6,0.9793,,105.0,0.6000,,116.4,0.9793,,7.9,0.9793,,,,,,0.9793,,Burton,0.9827,,The_Channel,0.9793,,Tapered_Directional,0.9793,,148cm_152cm_156cm_160cm,0.9793,,2027,0.9346,,Unisex_gender_neutral,0.9726,,Triax_fiberglass,0.9793,,Snowboard,0.9827,,,0.9742,,-1.7,0.9793,,,,,FSC_certified_wood_and_Super_Sap_bio_epoxy,0.9963,,56.0,0.9793,,0.75,0.7000,,,,,,,,,,,,,,2.6,0.7000,,,,,5.0,0.9548,,Compatible_all_major_bindings_best_with_Burton_EST,0.9793,,,,,,,,,,,0.8,0.8000,,,,,,,,,,,,,,,,,,,
UErcuZkI8Q,Burton_Snowboards,Family_Tree_Full_Nelson,,0.9952,,0.85,0.7000,,999.99,0.9997,,0.5,0.7000,,Jones_Flagship_directional_freeride_3D_base,0.7731,,Sintered_WFO,0.9945,,,,,7.5,0.9948,,2026,0.9931,,,,,,,,Intermediate_Advanced,0.9948,,3.0,0.9222,,,,,Fusion_art_nature_sound_2027_FT_theme,0.9405,,Bosco_Sodi_raw_textures_natural_elements,0.9405,,,,,Kiel_Nindl_GmbH_Uttendorf_Austria,0.9997,,,,,,,,,,,,,,,,,,,,,,,,0.9931,,Burton,0.9931,,The_Channel,0.9945,,Tapered_Directional,0.9945,,153cm_157cm,0.5882,153cm_157cm:0.5882|153cm_157cm_161cm:0.4118,2027,0.9909,,Gender_neutral_Unisex,0.9918,,Triax_Fiberglass,0.9945,,Snowboard,0.9931,,,0.9931,,,,,,,,FSC_Certified_core,0.9931,,,,,0.75,0.7000,,Dualzone_EGD,0.9945,,,,,,,,,,,,,,,,,6.0,0.9945,,All_major_bindings_best_with_Burton_EST,0.9968,,,,,Burton_Family_Tree_Crowsnest,0.7004,,,,,0.8,0.8000,,,,,,,,,,,,,,,,,,,
Uak0Y2xszD,Bataleon_Low_Pressure_Studio_Amsterdam,Cameleon,,0.9965,,0.75,0.8000,70_30_Paulownia_Poplar:0.9984|Swiss_Paulownia_Poplar:0.0016,1149.99,0.9974,,0.5,0.7000,,CAPiTA_Navigator_preferred_Cameleon_in_powder,0.9341,,Ultra_Glide_S_7000_grade_sintered,0.9969,,81.0,0.9965,,5.0,0.9965,,2024,0.8000,,30.8,0.9965,,6.83,0.9965,,Intermediate-Advanced,0.9331,,2.0,0.8000,,0.5,0.8000,,Step_Down_Rails_Top_3D,0.9969,,,,,2500,0.5000,,Austria_CAPiTA_Mothership,0.9919,Austria_CAPiTA_Mothership:0.9919|Saudi_Arabia_SWS:0.0081,,,,,,,26.0,0.9965,,91.0,0.8000,,118.3,0.9965,,6.95,0.9965,,31.4,0.8000,,,0.5699,All-Mountain_Directional_Freeride:0.5699|Freeride-Powder:0.4301,Bataleon,0.9963,,2x4_Inserts,0.9332,,Tapered_Directional,0.9965,,157cm,0.9965,,2027,0.9940,,Mens,0.7404,Mens:0.7404|Unisex:0.2596,Tri_Ax_fiberglass,0.9969,,Snowboard,0.9974,,,0.9573,,,,,0.3,0.8000,,,,,57.0,0.8000,,,,,DRST_SuperTubes_six_hollow_carbon_cylinders,0.9994,,Flex_Walls_urethane_poured,0.9969,,0.8,0.8000,,SideKick_hull_like_shape_for_float,0.9996,,2.3,0.7000,,,,,15.0,0.9692,,,,,0.75,0.7000,,Camel_Two,0.9859,,,,,0.75,0.8000,,,,,,,,,,,,,,,,,,,
UjsSk0ptvk,Salomon_SAS_Annecy_France,Jetstream,,0.9956,Rock_Out_Camber:0.9956|Rocker_Flat_Rocker:0.0040|Flat_with_Camber:0.0005,0.6,0.8000,,759.99,0.9963,,0.8,0.8000,,K2_Embassy_All_Mountain,0.8256,,50pct_Recycled_Sintered_Base,0.9967,,77.5,0.9963,,7.0,0.9967,,,,,32.0,0.9963,,7.3,0.9963,,Intermediate-Advanced,0.8362,Intermediate-Advanced:0.8362|Advanced_to_Expert:0.1638,2.0,0.6916,,,,,Olive_wood_veneer,0.9044,,,,,,,,,,,,,,,,,26.6,0.9963,,82.5,0.8000,,115.3,0.9963,,7.5,0.9963,,,,,,0.9999,,Salomon,0.9986,,2x4_Inserts,0.9963,,Tapered_Directional,0.9999,,146_149_153_157_160_163_166,0.9574,146_149_153_157_160_163_166:0.9574|146_149_153_157_160_163:0.0426,2026,0.9999,,Unisex,0.9726,,BA_MD_Fiberglass,0.9964,,Snowboard,0.9986,,,0.9437,All_Mountain_Freeride_Groomers_Powder:0.9437|Powder_variable_groomed:0.0316|Carving_precision_deep_snow_float:0.0247,20.0,0.9964,,0.6,0.8000,,FSC_certified_wood_core,0.9970,,55.0,0.9963,,0.9,0.9987,,Ghost_Carbon_Beams_Plus,0.9994,,66pct_Recycled_ABS,0.9041,66pct_Recycled_ABS:0.9041|100pct_Recycled_ABS:0.0959,0.8,0.7000,,20pct_recycled_aluminum_edges,0.9044,,2.4,0.7000,,Radial_Sidecut,0.9999,,1.1,0.8000,,Standard_compatible_most_bindings,0.6915,,,,,,,,,,,,,,,,,,,,,,,,,,,,,,,
VPtUDVqozI,Salomon_SAS_Amer_Sports,Highpath,,0.9225,Rock_Out_Camber:0.9225|Rocker_Flat_Rocker:0.0775,0.6,0.8000,Aspen_SLCT_Core:0.9733|Paulownia_wood:0.0267,759.99,0.9948,,1.0,0.9890,,Burton_Instigator_NS_Hammer_Korua_Otto_Tahoe_DT_Yes_Basic_Cardiff_Lynx,0.9640,,50pct_Recycled_Sintered_Base,0.9969,,77.5,0.9931,,7.0,0.8210,7.0:0.8210|8.0:0.1790,2023,0.9742,,29.95,0.9931,,7.3,0.9931,,Advanced,0.9948,,,,,,,,ABC_Wrapper_Topsheet,0.9931,,Nils_Mindnich,0.9620,,2600,0.4409,Feels_Normal:0.4409|Very_lightweight:0.3086|Heavier_than_normal:0.2505,China,0.9146,,,,,,,,25.5,0.9931,,85.0,0.8000,,118.5,0.9931,,7.7,0.9931,,30.25,0.8000,,,0.9459,All_Mountain:0.9459|All_Mountain_Freeride:0.0541,Salomon,0.9978,,2x4_Inserts,0.9931,,Tapered_Directional,0.9983,,153_156_159_159W_162_162W,0.9931,,2026,0.9978,,Unisex,0.9756,,BA_MD_Fiberglass,0.9931,,Snowboard,0.9998,,,0.9914,,20.0,0.9931,,0.7,0.7000,,Yes,0.9368,,56.0,0.9931,,0.7,0.8000,,BFX_Basalt,0.9931,,Recycled_ABS,0.9931,,,,,,,,3.0,0.7000,,Quadratic_Sidecut,0.9931,,,,,,,,0.8,0.4014,8_of_10_damp:0.4014|Not_the_dampest:0.3096|Pretty_damp_locked_in:0.2890,,,,,,,,,,,,,87.2,0.9640,,,,,,,,0.8,0.8000,,,,
VrBN6Ou32u,thirtytwo_within_Nidecker_Group,Middle_Earth_Stevens_Pro_LTD_Snowboard,,0.4834,True_Medium_Camber:0.4834|Traditional_Camber:0.2653|Hybrid_Camber:0.2514,0.8,0.4233,10mm_Poplar_10mm_Paulownia_Bamboo_Rails:0.4233|10mm_Poplar_20mm_Paulownia_Bamboo_Rails:0.2935|20mm_Poplar_20mm_Paulownia_Bamboo_Rails:0.2832,1079.99,0.9974,,0.8,0.8000,,CAPiTA_DOA_Burton_Custom_Endeavor_Pioneer_Spring_Break,0.9975,,8_4M_Sintered,0.9903,,,,,5.0,0.9515,,,,,,,,7.78,0.7000,,Intermediate,0.9003,,,,,,,,Impact_Shield_Topsheet,0.9515,,Scott_Stevens,0.9997,,,,,SWS_Solico_Winter_Sport_Dubai,0.9996,,,,,,,,25.5,0.9502,,,,,118.0,0.9502,,,,,,,,,0.9270,,thirtytwo,0.9980,,2x4_Inserts,0.9707,,True_Twin_Twin_Tip,0.9985,,155cm_157cm_158cm_Wide,0.9975,,Season_2025_2026,0.5253,Season_2025_2026:0.5253|2027:0.1949|2025:0.1812|2026:0.0985,Mens,0.9085,,Triax_Fiberglass,0.3910,Triax_Fiberglass:0.3910|Biax_Fiberglass:0.3814|Both_Biax_and_Triax:0.2276,Snowboard,0.9974,,,0.9202,,0.0,0.9974,,,,,Fast_Wend_Natural_Wax_eco_friendly,0.9003,,,,,0.7,0.7000,,Twin_Carbon_Boost_Stringers,0.9980,,RailGuard_Sidewall_flexible_impact_resistant,0.9525,,,,,Hardened_Steel_Edge_modified_stronger,0.9512,,,,,Progressive_Five_Radius_Blend,0.9985,,0.0,0.9974,,T32M_FASE_Bindings_349_95_bundle_949_90,0.8800,,,,,,,,,,,,,,,,,,,,,,,,,,,,,,,
Vz2522zK3z,Bataleon_part_of_Nidecker_Group,Tornado_Beyond_Medals,,0.8264,Mostly_Camber:0.8264|Medium_Camber_with_SideKick_Low_Nose_Tail_Uplift:0.1736,0.7,0.8000,,1049.99,0.9000,,0.0,0.9890,,United_Shapes_Cadet_Korua_Otto_K2_Manifest_Yes_Typo_Jones_Frontier_etc,0.9702,,Ultra_Glide_S_7000_grade_sintered,0.9000,,75.5,0.7600,,8.0,0.9548,,2026,0.9804,,30.0,0.7600,,6.9,0.7600,,Intermediate_Advanced,0.9000,,3.0,0.9974,,0.7,0.8000,,,,,Tor_Lundstrom_and_BYND_x_MDLS_crew,0.9969,,,,,SWS_Dubai,0.9713,SWS_Dubai:0.9713|Austria_Mothership:0.0255,0.7,0.9660,,7.0,0.8000,,25.4,0.7600,,81.0,0.7600,,118.9,0.7600,,7.1,0.7600,,30.4,0.7600,,,0.9500,,Bataleon,0.9608,,2x4_Inserts,0.9000,,Directional_Twin_elongated_nose_squared_tail,0.9548,,151_154_156_158MW_159_161W_164W,0.8625,151_154_156_158MW_159_161W_164W:0.8625|153_156_159_160W:0.0755|151_153_156_158MW_160W:0.0621,2027,0.9500,,Mens,0.9543,,Tri_Ax_three_way_fiberglass_weave,0.8622,,Mens_Snowboard,0.9543,,,0.9000,,,,,0.3,0.8000,,Plant_based_WEND_WAX_all_boards_2025_26,0.9579,,55.0,0.7600,,0.5,0.7000,,Carbon_Stringers_pop_edge_response_dampening,0.8622,,Urethane_Poured_FlexWalls_shock_absorption,0.9963,,0.85,0.8000,,A_grade_German_stainless_steel_28_inserts,0.8587,,3.2,0.8000,,Triple_radius_sidecut,0.9000,,,,,,,,0.2,0.9000,,Whatever_Beyond_Medals_variant,0.9804,,,,,0.75,0.8000,,0.7,0.8000,,,,,0.7,0.8000,,0.9,0.8000,,0.6,0.8000,,0.5,0.8000,
W52mkPZTDo,,T1,,0.9948,,0.65,0.7000,,899.99,0.9018,,0.5,0.7000,,CAPiTA_DOA_true_twin_am_freestyle,0.9620,,Sintered_EcoSpeed_HD_recycled,0.9948,,70.0,0.9968,,7.0,0.9873,,2003,0.8414,,29.2,0.6667,29.2:0.6667|29.9:0.3333,8.2,0.9968,,Intermediate_Advanced,0.6311,Intermediate_Advanced:0.6311|Intermediate:0.3689,2.0,0.9890,,,0.7309,,,,,Sam_Taxwood,0.9948,,,,,Built_with_100pct_solar_power,0.9702,,,,,,,,25.0,0.6667,25.0:0.6667|25.5:0.3333,80.0,0.6000,,,,,8.6,0.9968,,29.4,0.6667,29.4:0.6667|29.6:0.3333,,0.9018,,Nitro_AG,0.9948,,2x4_Inserts,0.9018,,Twin_symmetrical,0.9948,,152_155W_155MW_158MW_158W,0.9018,,2027,0.9018,,Mens,0.9873,,Bi_Lite_Laminates_bidirectional,0.9968,,Snowboard,0.9948,,,0.9018,,0.0,0.9948,,0.1,0.7309,,Made_with_100pct_solar_power,0.9948,,54.0,0.8000,,,,,,,,Ureshred_Sidewalls_polyurethane,0.9948,,0.7,0.7000,,Recycled_Railkiller_Edge_50pct_recycled_steel,0.9948,,2.2,0.7000,,Radial_single_radius,0.9948,,,,,Standard_2x4_not_channel,0.9018,,,,,,,,106.0,0.9968,,,,,,,,,,,,,,,,,,,,,,
WAmtBisp9i,Burton_Snowboards_founded_1977_Vermont,Custom_X,,0.9548,,0.8,0.7000,,769.99,0.9963,,0.8,0.8000,,Capita_Mega_Mercury_hybrid_camber_better_powder,0.8031,,Sintered_WFO_high_density,0.9588,,79.5,0.9001,,8.0,0.8440,8.0:0.8440|7.5:0.1560,2004,0.9974,,30.05,0.9001,,7.8,0.9001,,Expert,0.9510,,3.0,0.9963,,0.6,0.7000,,Lenticular_style_graphics_illusion_of_motion,0.8650,,Bruno_Penabranca,0.8329,,2720.0,0.9793,,Austria,0.9938,,0.85,0.9620,,3.0,0.8000,,25.2,0.9001,,79.5,0.8000,,119.5,0.9001,,7.9,0.9001,,,,,,0.9940,,Burton,0.9985,,The_Channel_single_slot,0.9548,,Directional,0.9549,,150_154_156_158_162_158W_162W_166W,0.9201,,2025,0.9923,,Mens,0.9940,,,,,Snowboard,0.9019,,,0.9001,,-12.5,0.9937,,0.4,0.8000,,Yes_B_Corporation,0.9865,,53.0,0.9001,,0.7,0.5946,Good_on_hard_snow:0.5946|Medium_lets_go_hard_patches:0.4054,45_degree_Carbon_Highlights_High_Voltage,0.9592,,,,,0.85,0.8000,,Frostbite_Edges_enhanced_edge_hold,0.8336,,5.5,0.7000,,,,,0.0,0.8654,,All_major_brands_optimized_Burton_EST,0.8336,,0.6,0.5455,6_out_of_10:0.5455|Average:0.4545,,,,124.5,0.8228,,,,,0.1,0.8000,,91.5,0.9793,,0.7,0.8000,,0.9,0.8000,,0.95,0.9000,,0.8,0.8000,
WJYliImzXL,CAPiTA_MFG,Spring_Break_Stairmaster,,0.8364,,0.6,0.7000,,899.99,0.8100,,0.5,0.8000,,Ride_TwinPig,0.9617,,Superdrive_ADV_Sintruded,0.8364,,72.5,0.8100,,5.5,0.7101,5.5:0.7101|6.5:0.2899,2006,0.8000,,29.9,0.8100,,8.1,0.8100,,Intermediate_to_Advanced,0.9517,,2.0,0.8000,,0.85,0.9000,,PLT_Topsheet_Technology_featherlight,0.7783,,Corey_Smith_Dr_Smith,0.9923,,,,,Austria_MotherShip_Feistritz,0.9969,,0.7,0.9985,,3.0,0.8000,,25.5,0.8100,,76.5,0.8000,,122.0,0.8100,,8.2,0.8100,,30.1,0.8100,,,0.9617,,CAPiTA,0.9963,,2x4_inserts,0.9556,,Twin_symmetrical,0.8100,,152_154_156_158_160_155W_158W,0.9853,152_154_156_158_160_155W_158W:0.9853|154_156_158_156W:0.0147,2027,0.8092,,Mens,0.6500,Mens:0.6500|Unisex:0.3500,Special_Blend_Fiberglass_Biax_Magic_Bean,0.9596,,Snowboard,0.9617,,,0.8100,,0.0,0.9911,,0.5,0.8000,,100pct_clean_energy_hydro_solar,0.9617,,55.9,0.8100,,0.7,0.8000,,4x20mm_Carbon_Aramid_Boosters,0.9963,,ABS_sidewall,0.9062,,0.75,0.8000,,None_standard_steel_edges_only,0.8638,,3.2,0.8000,,Radial_single_radius,0.8364,,0.0,0.9923,,,,,0.7,0.8000,,,,,,,,,,,0.7,0.8000,,,,,0.7,0.8000,,0.8,0.8000,,0.8,0.8000,,0.7,0.8000,
Wc72amuQ4U,Burton_Snowboards_Inc,Counterbalance_Deco,,0.9518,,0.8,0.7000,,759.99,0.9974,,1.0,0.9511,,Amplid_Souly_Grail_K2_Alchemist_US_Cadet_Jones_Flagship_Pro_etc,0.9594,,Sintered_WFO_high_density_wax_infused,0.9530,,,,,8.0,0.5418,8.0:0.5418|6.5:0.4582,,,,,,,,,,Intermediate,0.9505,,3.0,0.9998,,0.7,0.8000,,,,,Sophie_Sellstrom_art_deco_floral,0.9923,,,,,China_and_Austria,0.9025,China_and_Austria:0.9025|China:0.0975,0.85,0.9646,,7.0,0.8000,,,,,,,,,,,,,,,,,,0.9939,,Burton,0.9948,,The_Channel_Burton_all_major_bindings,0.9530,,Tapered_Directional,0.9931,,142_146_150_154_154W_158_158W_162_162W,0.9948,,2026,0.9994,,Unisex,0.9577,,45_degree_Carbon_Highlights_tip_to_tail,0.9929,,Snowboard,0.9939,,,0.9924,,-2.5,0.9505,,0.6,0.7000,,Reduces_carbon_footprint_50pct_vs_petroleum,0.9566,,,,,0.75,0.7000,,Dualzone_EGD_engineered_grain_direction,0.9560,,,,,0.8,0.8000,,Frostbite_Edges_extended_beneath_bindings,0.9548,,3.2,0.8000,,,,,8.0,0.9998,,Channel_compatible_all_major_brands_EST_only_with_Channel,0.9567,,,,,Combines_Deep_Thinker_Cartographer_original_Custom,0.5946,Combines_Deep_Thinker_Cartographer_original_Custom:0.5946|Replaces_Deep_Thinker_and_Free_Thinker:0.4054,,,,,,,0.5,0.8000,,,,,0.7,0.8000,,0.8,0.8000,,0.7,0.8000,,0.8,0.8000,
WcFu9U0WdM,Nitro_AG_Hunenberg_Switzerland,Phase,,0.9659,Cam_Out_Camber:0.9659|Hybrid_Camber:0.0341,0.55,0.7000,,799.99,0.9278,,0.5,0.8000,,Jones_Mountain_Twin_best_for_most_resort_riders,0.6035,,Premium_Extruded_FH_Base,0.9834,Premium_Extruded_FH_Base:0.9834|Sintered_Extruded_FH_Base:0.0166,65.0,0.9963,,6.0,0.9974,,2025,0.8000,,29.8,0.9963,,6.5,0.8000,,Intermediate_Advanced,0.9995,Intermediate_Advanced:0.9995|Intermediate:0.0005,2.0,0.9840,,,,,,,,,,,,,,,,,0.7,0.6000,,,,,,,,,,,,,,,,,,,,,0.9704,All_Mountain:0.9704|All_Mountain_Freeride:0.0296,Nitro,0.9963,,2x4_Inserts,0.9018,,Directional,0.8974,Directional:0.8974|Directional_Twin:0.1026,152mw_155mw_159mw_162w,0.9963,,2027_Season_2026_27,0.9983,,Mens,0.9050,,Bi_Lite_Laminates_biaxial,0.9964,,Snowboard,0.9963,,10.0,0.9963,,-15.0,0.9963,,,,,Made_with_100pct_Solar_Power,0.9994,,54.0,0.7000,,,,,No_carbon_reinforcement_unlike_Alternator,0.9988,,ABS_Sidewall_35pct_recycled_polymers,0.9996,,0.65,0.7000,,Recycled_Steel_Edge_50pct,0.9994,,,,,Dual_Degressive,0.9963,,,,,Nitro_Rambler_bindings,0.8639,,,,,,,,109.0,0.9963,,0.3,0.8000,,,,,,,,,,,,,,,,,,,
WowzaDBiX1,Mervin_Manufacturing,Skunk_Ape,,0.9890,,0.75,0.8000,,1169.99,0.9974,,,,,Ride_Warpig_Superpig,0.9662,,Sintered_Knife_Cut_Base,0.9890,,75.0,0.6000,,7.0,0.9983,7.0:0.9983|6.0:0.0017,2008,0.8000,,30.4,0.9974,,8.5,0.9974,,Intermediate_Advanced,0.8929,Intermediate_Advanced:0.8929|Intermediate:0.1071,,,,0.7,0.7000,,Eco_Sublimated_Poly_Topsheet,0.9868,,Quincy_Quigg,0.9999,,,,,Handbuilt_in_USA,0.9123,,0.65,0.7000,,,,,,,,,,,,,,,,,,,,,0.5548,All_Mountain_Directional_Twin:0.5548|All_Mountain_True_Twin:0.4161|All_Mountain_Freeride:0.0291,Lib_Tech,0.9985,,2x4_Inserts,0.9940,,True_Twin,0.9524,True_Twin:0.9524|Directional_Twin:0.0476,157W_161W_165W_169W_163UW_170UW_173UW,0.9963,,2025_2026,0.9948,,Mens,0.9997,,Tri_Ax_Bi_Ax_Fiber_with_Basalt_Alloy,0.9868,,,,,,0.9890,,1.0,0.9963,,0.6,0.8000,,FSC_certified_wood_core,0.9742,,59.69,0.8000,,0.85,0.8000,,UHMW_Tip_Tail_Impact_Deflection,0.9839,,Birch_Internal_UHMW_Sintered_Sidewall,0.9890,,0.85,0.8000,,Magne_Traction_serrated_edges,0.9940,,3.2,0.7000,,,,,,,,,,,0.85,0.8000,,,,,115.0,0.9974,,,,,,,,,,,,,,,,,,,,,,
Wq0ZFMTUIQ,Nidecker_family_owned_Swiss_company,Alpha,,0.9976,,0.65,0.8000,Poplar_and_Paulownia:0.9939|Poplar_Beech_Spruce_Paulownia:0.0061,849.99,1.0000,,0.5,0.8000,,CAPiTA_Kazu_Kokubo_Pro_closest_competitor,0.9195,,N-7000_Hybrid,0.9684,,80.0,0.9684,,6.0,0.9684,,2021,0.8000,,29.8,0.9684,,7.8,0.9684,,Intermediate-Advanced,0.9550,,2.0,0.8000,,0.7,0.8000,,Absorbnid_vibration_absorbing,0.9976,,Mat_Crepel,0.9998,,,,,,,,,,,,,,25.8,0.9684,,,,,119.0,0.9684,,,,,,,,,0.9557,,Nidecker,0.9999,,2x4_inserts_6_rows,0.9976,,Directional,0.9551,,153cm_158cm,0.9608,,2027,0.9533,,Mens,0.9423,,Biax_Plus,0.9608,,Snowboard,1.0000,,,0.9608,,2.0,0.9684,,0.4,0.7000,,1pct_of_sales_to_environmental_initiatives,0.9999,,54.0,0.9684,,,,,Pop_Carbon_strategic_carbon_fiber,0.9977,,,,,0.65,0.6000,,,,,,,,,,,1.0,0.6000,,Compatible_with_any_binding,0.9654,,,,,,,,,,,,,,,,,,,,,,,,,,,,,,,
XXtqENZp3h,Never_Summer_Industries,Propaganda,,0.9980,,0.65,0.7000,Ultralight_Core_Canadian_aspen:0.9224|NS_Superlight_Wood_Core_custom_blend:0.0776,599.99,0.9449,,1.0,0.9957,,CAPiTA_DOA_Defenders_of_Awesome,0.7483,,Durasurf_Sintered_4501,0.9957,,67.5,0.9346,,6.5,0.9976,,2010,0.8000,,29.72,0.9940,,7.35,0.6000,,Beginner_to_advanced_jibbers,0.6249,,,,,0.6,0.6000,,Poly_Thermo_Topsheet,0.9975,,,,,,,,Denver_Colorado_USA,0.9981,,,,,,,,25.1,0.5946,25.1:0.5946|25.5:0.4054,,,,125.0,0.9940,,,,,,,,,0.8899,,Academy_Snowboards,0.9997,,Stainless_10mm_2x4_Inserts,0.9957,,True_Twin,0.9978,,146_149_152_156_154W_157W,0.9957,,2024,0.9997,,Mens,0.8899,,Bi_Lite_Fiberglass,0.7119,,Snowboard,0.9957,,,0.9940,,,,,0.5,0.7293,,None_explicitly_stated,0.6250,,,,,0.7,0.7000,,Underfoot_Balancing_Stabilisers,0.7029,,Sintered_P_Tex_Sidewall,0.9957,,0.8,0.7000,,Full_Wrap_Metal_Edges,0.9957,,,,,Vario_Power_Grip_Sidecut,0.9957,,,,,,,,0.85,0.6249,,,,,,,,,,,,,,,,,,,,,,,,,,,,
Xrqyf8xW1D,Salomon_SAS_Annecy_France,Indicator,,0.9533,,0.65,0.7000,,1049.99,0.9533,,0.7,0.7000,,749.95,0.9190,,50pct_Recycled_Sintered_Base,0.9533,,,,,5.0,0.9992,,2027,0.9771,,30.1,0.7183,29.7_30.5_corrected:0.7183|29.7_20.5_reported:0.2817,,,,Intermediate-Advanced,0.9533,,2.0,0.9945,,,,,Olive_wood_veneer_premium_sustainable,0.9423,,Wolfgang_Nyvelt_shaper_rider_20yrs_Asmo_founder,0.9465,,,,,Factories_across_Europe_and_Asia_some_Made_in_China,0.8748,,,,,,,,25.8,0.9533,,,,,114.0,0.9533,,,,,30.4,0.7183,30.0_30.8_corrected:0.7183|20.0_30.8_reported:0.2817,,0.9533,,Salomon,0.9985,,2x4_Inserts,0.9533,,Tapered_Directional,0.9533,,149_153_157_160_163_166_170,0.9533,,2027,0.9985,,Mens_Womens_Unisex,0.8972,Mens_Womens_Unisex:0.8972|Mens:0.1028,BIAX_HD_Fiberglass,0.9533,,Snowboard,0.9985,,,0.9533,,,,,0.7,0.6000,,Sustainability_cornerstone_of_design_development,0.9341,,,,,,,,Popster_milled_core_varying_thickness,0.9976,,66pct_Recycled_ABS_Sidewalls,0.9533,,0.7,0.7000,,,,,,,,Radial_Sidecut,0.9533,,,,,,,,,,,,,,,,,0.3,0.8000,,,,,,,,,,,,,,,,,,,
Xw8yyFV799,,Superpig,,0.9282,,0.85,0.8000,,1049.99,0.9974,,0.4,0.8000,,YES_Hybrid_volume_shifted_directional,0.9278,,Sintered_Stone_Ground_Race_Base_carbon_infused,0.9839,,82.0,0.8000,,8.0,0.7703,,2019,0.8000,,31.6,0.9975,,6.25,0.7000,,Intermediate_Advanced,0.9890,,3.0,0.8000,,0.75,0.8000,,Topless_Topsheet_graphics_on_fiberglass,0.9839,,,,,2580,0.5000,,Guangzhou_Province_China,0.9852,,0.85,0.9554,,7.0,0.8000,,27.0,0.9975,,92.5,0.6000,,114.6,0.9974,,6.55,0.8000,,32.3,0.8000,,,0.9963,,Ride_Snowboards,0.9963,,2x4_Inserts,0.9839,,Tapered_Directional,0.9890,,142_148_151_154_158,0.9974,,2027,0.9931,,Unisex,0.8234,,Carbon_Infused_Glass_Carbon_Array_5_Double_Impact_Plates,0.9839,,Snowboard,0.9963,,,0.9963,,0.0,0.9975,,0.4,0.8000,,FSC_Certified_Materials_base_stickers_shipping_boxes,0.9777,,55.9,0.7000,,0.5,0.7000,,90deg_carbon_fibers_stitched_into_glass_pop_response,0.9963,,Carbon_Slimewalls_carbon_urethane_composite,0.9964,,0.75,0.7000,,Cleave_Edge_Steel_50pct_more_steel,0.9839,,4.8,0.7000,,Tapered_Bi_Radial_Sidecut,0.9839,,10.0,0.9975,,,,,0.7,0.8000,,,,,,,,,,,0.5,0.8000,,,,,0.7,0.8000,,0.8,0.8000,,0.7,0.8000,,0.5,0.8000,
YE75AiB2va,CAPiTA_Super_Corporation,The_Black_Snowboard_of_Death,,0.9608,,0.7,0.7000,,1299.99,0.9958,,0.4,0.8000,,Korua_Otto_Mercury_YES_NSB_Jones_MT_K2_Manifest,0.9499,,Megadrive_XT_sintered_UHMW_carbon_fluro,0.9533,,72.5,0.9608,,6.5,0.8230,6.5:0.8230|7.0:0.1770,2001,0.8000,,29.55,0.9608,,7.87,0.7000,,Advanced_Expert,0.9128,Advanced_Expert:0.9128|Advanced:0.0872,2.0,0.9890,,0.85,0.8000,,PLT_Technology,0.9608,,,,,,,,Austria_Feistritz_ad_Gail,0.9974,,,,,,,,25.6,0.9608,,,,,119.7,0.9608,,,,,,,,,0.9948,,CAPiTA,0.9958,,2x4_Inserts,0.9608,,Tapered_Directional,0.9940,,156_159_162_157W_161W,0.6707,156_159_162_157W_161W:0.6707|156_159_162_157W_161W_165W_169W:0.3293,2027,0.9958,,Mens,0.9948,,Holysheet_Tri_Tri_Fiberglass,0.9608,,Snowboard,0.9958,,,0.9608,,2.0,0.9608,,0.6,0.8000,,Certified_B_Corporation_score_98_9,0.9871,,55.9,0.9608,,0.65,0.8000,,4x20mm_Fairmat_Carbon_Amplifiers,0.9533,,Full_ABS1000_Sidewalls,0.8989,,0.65,0.6000,,,,,,,,New_Age_Progressive_plus_Death_Grip,0.9608,,,,,,,,,,,,,,,,,,,,,,,,,,,,,,,,,,,,,
YHkc5wG2xz,Never_Summer_Industries_Inc,Proto_Slinger,,0.9910,,0.7,0.8000,,664.99,0.9503,,1.0,0.9912,,Feels_like_higher_end_faster_GNU_Money,0.9620,,Durasurf_XT_Sintered_5501,0.8334,Durasurf_XT_Sintered_5501:0.8334|Durasurf_Sintered_4501:0.1666,80.0,0.8000,,4.0,0.9934,,2020,0.8000,,29.8,0.9205,,7.77,0.5000,,Intermediate_to_Advanced,0.9212,,3.0,0.8000,,0.8,0.8000,,Co_Extruded_Polymer_Topsheet_durable_lightweight,0.9332,,Sam_Anderson,0.9494,Sam_Anderson:0.9494|Sam_Klein:0.0506,,,,Denver_Colorado_USA_handcrafted,0.9997,,0.8,0.8000,,5.0,0.7000,,25.3,0.9205,,,,,119.0,0.9205,,,,,,,,,0.9907,,Never_Summer_Industries,0.9910,,2x4_Inserts,0.9360,,Asymmetrical_Twin,0.9917,,149_153_156_154W_157W,0.9896,,2025_2024_2025_season,0.9910,,Mens,0.9883,,Bi_Lite_Fiberglass_lightweight_strong,0.9332,,Snowboard,0.9039,,,0.9907,,0.0,0.9907,,0.7,0.8000,,,,,,,,0.8,0.8000,,Carbon_VXR_Laminate_Technology_torsional_pop,0.9332,,Sintered_UHMW_Polyethylene_Sidewalls,0.9573,,0.7,0.7000,,Full_Wrap_Metal_Edge,0.8896,,3.5,0.6000,,Asym_Vario_Power_Grip_Sidecut_multiple_radii,0.9332,,0.0,0.9205,,,,,,,,Funslinger,0.9977,,,,,,,,,,,,,,,,,,,,,,,,,
YerKncJ6rf,,Highpath,,0.9999,,0.7,0.9000,,629.99,0.9974,,0.0,0.9948,,Burton_Instigator_NS_Hammer_Korua_Otto_TL_DT_Yes_Basic_Cardiff_Lynx,0.9620,,50pct_Recycled_Sintered_EG_Electra_Gallium,0.9300,,77.5,0.9300,,8.2,0.9692,,2022,0.8000,,29.95,0.9300,,,,,Intermediate_to_Expert,0.6838,Intermediate_to_Expert:0.6838|Intermediate-Advanced:0.2786|Advanced:0.0376,2.0,0.8000,,,,,Castor_bean_bio-based_topsheet,0.9524,,Nils_Mindnich_and_Victor_Daviet,0.9865,,,,,China,0.9620,,0.75,0.7000,,6.5,0.7000,,25.5,0.9300,,85.0,0.8000,,118.5,0.9300,,,,,30.25,0.8000,,,0.9412,,Salomon,0.9991,,2x4_Inserts,0.9300,,Tapered_Directional,0.9974,,146_150_153_156_159_162_159W_162W_165W,0.9489,146_150_153_156_159_162_159W_162W_165W:0.9489|156_159_162_159W_162W:0.0511,2025,0.9868,,Unisex,0.9981,,BA_MD_Glass_Biaxial_Medium_Density,0.8359,,Snowboard,0.9991,,,0.9948,,20.0,0.9300,,0.5,0.8000,,28pct_bio_50pct_recycled_base_20pct_recycled_edges,0.9974,,,,,0.9,0.9000,,Bamboo_veneers_reduce_fiberglass_resin_40pct,0.8006,,Recycled_ABS_Sidewalls,0.9300,,0.8,0.8000,,,,,3.2,0.8000,,Quadratic,0.8542,,4.0,0.4860,4.0:0.4860|3.0:0.4800|2-20_range:0.0340,,,,0.65,0.6000,,Salomon_Ultimate_Ride,0.8228,,,,,,,,0.7,0.8000,,,,,0.6,0.7000,,0.8,0.6000,,0.8,0.8000,,0.8,0.6000,
YmBH4HNLYB,Never_Summer_Industries,Valhalla,,0.9969,,0.7,0.8000,,1049.99,0.9954,,0.4,0.7000,,Jones_Flagship_ranked_1_freeride_flex_8_directional_rocker,0.9175,,Durasurf_XT_Sintered_5501_Base,0.9962,,76.5,0.9839,,8.5,0.9969,,2023,0.8000,,30.15,0.9962,,7.22,0.6000,,Intermediate_Advanced,0.9931,,3.0,0.9962,,,,,Co_Extruded_Polymer,0.9962,,,,,,,,Denver_Colorado_USA,0.9808,,,,,,,,25.9,0.9962,,86.0,0.8000,,118.0,0.9962,,7.6,0.3000,,30.45,0.8000,,,0.9969,,Never_Summer,0.9968,,2x4,0.9962,,Directional,0.9969,,147_153_156_160_164cm,0.7558,147_153_156_160_164cm:0.7558|153_156_160cm:0.2442,2027,0.9912,,Mens,0.9973,,Full_Recluse_Carbon_Web_STS_Pretensioned_Fiberglass_BiLite,0.9962,,Snowboard,0.9963,,10.0,0.9931,,25.0,0.9962,,0.4,0.8000,,Prides_on_sourcing_materials_from_US_as_possible,0.7979,,53.5,0.8899,,0.95,0.8947,,Full_length_carbon_web_tip_to_tail_powerful_snap,0.9490,,Sintered_UHMW_Polyethylene,0.9962,,0.7,0.7000,,RIP_Edge_Hold_Technology_Rocker_Integrated_Performance,0.9865,,4.8,0.7000,,Five_different_radii_extra_contact_points,0.8197,,7.0,0.9962,,,,,0.5,0.7000,,,,,,,,,,,,,,90.0,0.8000,,,,,,,,,,,,,
YngwBvpjlV,Bataleon_Snowboards_Low_Pressure_Studio,Whatever,,0.9988,,0.65,0.8000,,949.99,0.9984,,0.5,0.8000,,Ride_Shadowban_hybrid_camber_quiver_killer,0.9186,,Hyper_Glide_S_sintered,0.9968,,81.0,0.9963,,5.0,0.9280,5.0:0.9280|4.0:0.0720,2010,0.6000,,30.4,0.9963,,7.61,0.9963,,Intermediate,0.9963,,,,,0.8,0.8000,,,,,,,,2940.0,0.9465,,Austria,0.5766,,,,,,,,25.9,0.9963,,,,,120.3,0.9963,,,,,,,,,0.9991,,Bataleon,0.9987,,2x4_Inserts,0.9963,,Directional_Twin,0.9988,,144_148_151_154_157_156W_159W_162W,0.9974,,2027,0.9991,,Unisex,0.9969,,Bi-Ax_biaxial_fiberglass,0.9968,,Snowboard,0.9987,,,0.9963,,0.0,0.9996,,0.3,0.8000,,Flip_Flop_Base_minimizes_waste_offcuts,0.9921,,57.0,0.8000,,0.5,0.8000,,Carbon_Stringers,0.9968,,Urethane_Flex_Walls,0.9966,,0.75,0.7000,,Reduces_edge_catch_maintains_ollie_carving,0.9983,,2.0,0.8000,,,,,,,,Standard_non_Burton_EST,0.9176,,0.75,0.7000,,,,,,,,0.75,0.8000,,,,,85.6,0.9341,,,,,,,,,,,,,
Z4Q0GblKxU,Nidecker_family_owned_Swiss_company_Rolle,Beta,,0.9963,,0.7,0.8000,Master_Core_poplar_paulownia:0.9637|Master_Core_poplar_beech_spruce_paulownia:0.0363,849.99,0.9974,,0.5,0.8000,,YES_PYL_Burton_FA_Jones_Flagship_Rossignol_XV_LibTech_BRD_etc,0.9140,,N_7000_Hybrid_extruded_sintered_durability,0.9975,,77.5,0.7826,65_to_90kg:0.7826|60_to_80kg:0.2174,4.0,0.9965,,2021,0.5335,,29.2,0.9963,,7.6,0.9975,,Intermediate_Advanced,0.9963,,2.0,0.8000,,0.8,0.8000,,Absorbnid_vibration_absorbing_smooth_ride,0.9923,,,,,,,,,,,,,,,,,25.6,0.9975,,,,,118.0,0.9975,,,,,,,,,0.9963,,Nidecker,0.9995,,2x4_Inserts_6_rows,0.9965,,Tapered_Directional,0.9963,,151_157_162_165W,0.7500,151_157_162_165W:0.7500|157_162:0.2500,2027,0.9963,,Unisex_Mens_listed_under_mens,0.9726,,Biax_Plus_90deg_weave_enhanced_power_transfer,0.9923,,Snowboard,0.9995,,,0.9963,,40.0,0.9975,,0.3,0.6786,,Made_from_most_sustainably_sourced_timber,0.9923,,54.0,0.9975,,0.45,0.8000,,Premium_Sandwich_Construction_carbon_stringers,0.9923,,,,,0.75,0.6786,,,,,2.8,0.6000,,,,,10.0,0.9963,,,,,,,,,,,103.0,0.9963,,0.4,0.7000,,,,,,,,,,,,,,,,,,,
Z5ADFyMD1V,Mervin_Manufacturing,Mayhem_Ripper_2027,,0.9954,,0.75,0.8000,,1199.99,0.9930,,0.4,0.7000,,Burton_Custom_Camber_679_95,0.8571,,Sintered_Knife_Cut_Base,0.9726,,65.0,0.6000,,6.0,0.9646,6.0:0.9646|7.0:0.0354,2024,0.7763,,29.9,0.6339,29.9:0.6339|29.7:0.3661,8.1,0.8000,,Intermediate_Advanced,0.9660,,1.0,0.9462,,,,,Eco_Sublimated_Poly_Topsheet,0.9660,,Matt_Mayhem_Biolos_Lost_Surfboards,0.9945,,2760.0,0.9608,,Sequim_Washington_USA,0.9175,,,,,,,,25.7,0.6339,25.7:0.6339|25.5:0.3661,75.0,0.6000,,,,,8.0,0.8000,,30.4,0.6339,30.4:0.6339|30.2:0.3661,,0.9726,,Lib_Tech,0.9945,,2x4_Inserts,0.9726,,True_Twin,0.9994,,153cm_156cm_159cm,0.9726,,2027,0.9726,,Mens,0.9726,,Tri_Ax_Bi_Ax_Fiber,0.9660,,Snowboard,0.9816,,,0.9660,,0.0,0.9726,,0.4,0.8000,,Zero_hazardous_waste_production,0.9517,,57.47,0.8000,,0.7,0.8000,,3way_fiber_snap_decrease_vibrations,0.9212,,Birch_Internal_plus_UHMW_Sintered,0.9930,,0.75,0.7000,,No_Magne_Traction_traditional_edges,0.9948,No_Magne_Traction_traditional_edges:0.9948|Magne_Traction_serrated_edges:0.0052,,,,Progressive_twin_sidecut,0.9947,,,,,All_standard_2x4_excludes_Burton_3D_EST,0.9930,,0.35,0.8000,,Lib_Tech_Mayhem_Rad_Ripper,0.7763,,113.0,0.9660,,,,,0.05,0.8000,,72.8,0.9423,,,,,,,,0.95,0.9000,,,,
Z6PFaeBlBM,,Huck_Knife_Pro,,0.9974,,0.75,0.8000,,692.99,0.9948,,0.4,0.6000,,Capita_DOA_HK_softer_more_jib_friendly,0.8690,,Sintered_EG_Electra_Gallium,0.6477,,65.0,0.9948,,9.0,0.7000,,2017,0.9022,,29.5,0.9948,,,,,Advanced_Expert,0.8603,Advanced_Expert:0.8603|Intermediate_Advanced:0.1397,2.0,0.6465,,,,,Graphics_dont_look_great_ride_compensates,0.7899,,Dusty_Henricksen_and_Sven_Thorgren,0.6976,,,,,Altenmarkt_Austria_AMER_factory,0.8197,,,,,,,,25.5,0.9948,,77.5,0.8000,,121.6,0.9948,,,,,29.8,0.9000,,,0.9607,High_performance_freestyle:0.9607|Park_and_Freestyle:0.0393,Salomon,0.9985,,2x4_Inserts,0.9300,,True_Twin_symmetrical_centered,0.6477,,153_156_156W_159_159W,0.8050,153_156_156W_159_159W:0.8050|149_153_156_156W_159_159W:0.1950,2025,0.9974,,Mens,0.6465,,Triax_BA_MD_Glass_European_fiberglass,0.9945,,Snowboard,0.9974,,,0.5324,Park_Street_Sidehits:0.5324|Terrain_parks_and_urban:0.4676,0.0,0.9948,,0.5,0.8000,,30pct_bio_based_molecular_from_plants,0.6054,,,,,0.8,0.8000,,Ghost_Carbon_Beams_tip_tail_pop_stability,0.9945,,ABS_Sidewalls_Gunslinger_carbon_inlays,0.8856,,0.8,0.8000,,,,,,,,EQ_Rad_Sidecut_equalizer_radial_blend,0.6477,,,,,,,,,,,Salomon_Huck_Knife_standard,0.9022,,,,,,,,,,,,,,,,,,,,,,,,,
ZVutVOH5yg,Nidecker_Group_NDK,Rally_Cat,,0.9974,,0.75,0.8000,,849.99,0.9974,,0.5,0.8000,,Capita_Space_Metal_Fantasy_Jones_Airheart_K2_Coldshoulder_Gnu_Velvet,0.9524,,Sintered_8000_UHMWPE_carbon_ultra_fast_durable,0.9994,,61.0,0.9948,,3.0,0.6754,3.0:0.6754|4.0:0.2477|6.0:0.0769,2025,0.8000,,28.8,0.8000,,8.0,0.9963,,Beginner_Intermediate,0.9868,,3.0,0.8000,,0.85,0.9000,,Premium_Topsheet_durable_scratch_resistant,0.9963,,Inaki_Odriozola,0.9963,,2700.0,0.9963,,Dubai_UAE_SWS_Factory,0.9940,,,,,,,,25.2,0.9974,,,,,115.0,0.9458,1150.0:0.9458|1154.0:0.0542,8.9,0.9963,,,,,,0.9890,,Jones_Snowboards,0.9984,,2x4_Inserts_Standard_Pack,0.9963,,Directional_Twin,0.9900,Directional_Twin:0.9900|True_Twin:0.0100,151_154_155W_156_158_159W_161_162W_166W_170W,0.9877,151_154_155W_156_158_159W_161_162W_166W_170W:0.9877|151_154_155W_156_158_159W_162W:0.0123,2027,0.9890,,Mens,0.9890,,Biaxial_Fiberglass_dual_layer_dual_directional,0.9963,,Snowboard,0.9991,,,0.9836,,20.0,0.9974,,0.5,0.8000,,100pct_solar_power_since_2020_89pct_CO2_drop,0.9973,,54.0,0.9877,540.0:0.9877|580.0:0.0123,,,,,,,Recycled_ABS_rounded_finish_deflects_impact,0.9963,,0.8,0.8000,,Medium_Traction_Tech_strategic_contact_points,0.9414,,,,,Progressive_Sidecut,0.8740,,0.0,0.9974,,,,,,,,,,,106.4,0.9963,,0.5,0.7000,,,,,,,,,,,,,,,,,,,
ZZn9P07a0u,Never_Summer_Industries,V_Twin,,0.9462,,0.7,0.8000,,1049.99,0.9462,,0.5,0.8000,,CAPiTA_DOA_true_twin_flex6_camber_park_549,0.7743,,Durasurf_XT_Sintered_5501_graphite_infused,0.9917,,76.5,0.9462,,6.0,0.9462,,2025,0.9405,,30.8,0.9462,,7.71,0.6000,,Intermediate_Advanced,0.9462,,3.0,0.8000,,0.85,0.8000,,Co_Extruded_Polymer_scratch_chip_resistant_stomp_pad,0.9462,,Tracey_Canaday_co_founder,0.9799,,3120.0,0.9754,,Denver_Colorado_USA_handcrafted,0.9997,,,,,,,,25.6,0.9462,,79.0,0.8000,,122.0,0.9462,,7.8,0.6000,,30.5,0.9000,,,0.9462,,Never_Summer,0.9923,,2x4_Inserts,0.9462,,True_Twin,0.9462,,153cm_157cm_160cm,0.9462,,2027_FW_2026_27,0.9923,,Mens,0.9462,,Bi_Lite_Fiberglass_STS_ultralight,0.8982,,Snowboard,0.9923,,,0.9462,,0.0,0.9462,,0.5,0.8000,,,,,,,,0.9,0.9000,,Full_Recluse_Carbon_Web_20deg_torsional_longevity,0.9991,,UHMW_Polyethylene,0.9462,,0.7,0.7000,,RIP_Edge_Hold_Technology_wave_base_high_pressure,0.9462,,1.2,0.9000,,Power_Grip_Sidecut_Vario_multiple_radii,0.9462,,0.0,0.9462,,,,,0.55,0.7000,,,,,,,,,,,,,,86.7,0.9754,,,,,,,,,,,,,
aU2qFOCVPH,Burton_Snowboards_founded_1977,Family_Tree_Smooth_Operator,,0.9614,,0.75,0.7000,Dragonfly_600G_Core:0.9834|Super_Fly_600G_Core:0.0166,1199.99,0.9501,,0.8,0.8000,,Korua_Dart_Cafe_Racer_Weston_Japow_Moss_Gentemstick_etc,0.9793,,Sintered_WFO,0.9510,,79.5,0.9301,,6.5,0.6799,6.5:0.6799|5-8_range:0.3201,2026,0.8000,,28.56,0.9301,,8.8,0.9301,,Intermediate_Advanced,0.9002,,3.0,0.8000,,0.85,0.8000,,Audubon_bird_themed_topsheets_2026,0.9966,,Masanori_Takeuchi,0.9976,,,,,Austria_Keil_facility_Uttendorf,0.9991,,0.85,0.9793,,8.0,0.8000,,25.1,0.9301,,,,,117.5,0.9301,,,,,,,,,0.8313,,Burton,0.9999,,The_Channel_single_channel_system,0.9509,,Tapered_Directional,0.9532,,144_148_152_156_160_164,0.8642,144_148_152_156_160_164:0.8642|152_156_160_164:0.1358,2026,0.9991,,Unisex,0.9517,,45_degree_Carbon_Highlights_tip_to_tail,0.9532,,Snowboard,0.9991,,10.0,0.9608,,-12.5,0.9937,,0.6,0.8000,,FSC_Certified_C124994,0.8720,,54.0,0.9301,,0.55,0.7000,,Yes_tip_to_tail_carbon_layer,0.9062,,,,,0.7,0.7000,,,,,3.8,0.7000,,,,,10.0,0.9923,,All_Channel_compatible_bindings_best_with_EST,0.9060,,,,,Family_Tree_Sensei_by_Takeuchi,0.8108,,,,,,,,0.2,0.8000,,,,,0.7,0.8000,,0.7,0.8000,,0.7,0.8000,,0.7,0.8000,
aiSeM4Zayv,Jones_Snowboards_Nidecker_US_Inc,Freecarver_6000s,,0.9974,,0.85,0.8000,,1149.99,0.9974,,1.0,0.8619,Available:0.8619|Pre_order:0.1381,Nidecker_Blade_Plus_699_95_stiffness_8_10,0.9466,,Sintered_8000_Base,0.8589,Sintered_8000_Base:0.8589|Sintered_9900_Base:0.1411,70.5,0.9963,,6.0,0.9866,,2023,0.8000,,32.8,0.9963,,6.5,0.9963,,Intermediate_to_Expert,0.9955,,2.5,0.3000,,0.5,0.3000,,FSC_Ash_Wood_Veneer,0.6120,FSC_Ash_Wood_Veneer:0.6120|Premium_Topsheet_updated:0.3880,Jeremy_Jones,0.9974,,6600,0.6000,6.6:0.8824|6.16:0.1176,Dubai_UAE_SWS_factory,0.9968,,0.9,0.8000,,5.5,0.8000,,26.3,0.9974,,82.0,0.6000,,128.0,0.9963,,6.7,0.9963,,,,,,0.6707,Carving_All_Mountain:0.6707|Directional_freeride_carver:0.3293,Jones_Snowboards,0.9974,,2x4_Inserts_Standard_Pack,0.9974,,Tapered_Directional,0.9974,,150N_150_154N_154_158N_158_162,0.9790,150N_150_154N_154_158N_158_162:0.9790|154cm_158cm:0.0210,2027,0.9948,,Unisex,0.9974,,Biax_Fiberglass_dual_layer_dual_directional,0.9974,,Snowboard,0.9974,,,0.9970,,40.0,0.9963,,0.4,0.8000,,1pct_for_the_Planet_Fair_Trade_certified,0.9912,,56.0,0.9963,,0.85,0.8000,,BComp_Carbon_Flax_Stringer,0.9695,BComp_Carbon_Flax_Stringer:0.9695|Basalt_Power_Stringers_100pct_natural:0.0305,Recycled_ABS,0.9963,,0.85,0.8000,,Traction_Tech_3_0_three_bumps_per_edge,0.9322,,4.8,0.7000,,Progressive_Sidecut,0.6672,,9.0,0.9963,,Standard_2x4_compatible_all_major_bindings,0.9955,,,,,,,,122.0,0.9963,,0.5,0.7000,,0.2,0.8000,,,,,0.7,0.8000,,0.7,0.8000,,0.95,0.9000,,0.2,0.8000,
avLVK2Z434,Never_Summer_Industries_Denver_Colorado_USA,Llama,,0.9533,,0.7,0.8000,,1049.99,0.9423,,0.5,0.6000,,Salomon_Huck_Knife,0.8856,,Durasurf_XT_Sintered_5501_graphite_infused,0.9533,,,,,4.0,0.9608,,2026,0.9315,,,,,,,,All,0.9461,All:0.9461|Intermediate:0.0539,3.0,0.9945,,,,,Co_Extruded_Polymer_Topsheet_builtin_stomp_pad,0.9533,,Jimbo_Phillips_Santa_Cruz_CA,0.9991,,,,,Denver_Colorado_handcrafted,0.9840,,0.7,0.9726,,5.5,0.8000,,,,,,,,,,,,,,,,,,0.9910,,Never_Summer,0.9910,,2x4_Inserts,0.9533,,Asymmetrical_Twin,0.9939,,,,,2027,0.9910,,,,,Bi_Lite_Fiberglass_STS_Pre_Tensioned,0.9533,,Snowboard,0.9910,,6.0,0.9923,,0.0,0.9533,,0.7,0.8000,,Majority_of_materials_sourced_from_USA,0.8136,,,,,0.85,0.7333,Near_excellent_grip:0.7333|Quite_good:0.2667,Carbon_VXR_Laminate_carbon_V_inserts_to_edge,0.9533,,UHMW_Sidewalls_Ultra_High_Molecular_Weight_PE,0.9533,,0.5,0.5000,,Fullwrap_Metal_Edge,0.9533,,3.2,0.8000,,Power_Grip_Sidecut_multiple_radii_flat_middle,0.9589,,0.0,0.9533,,Any_standard_2x4_binding,0.9533,,,,,Proto_Slinger,0.9937,,,,,0.55,0.7000,,0.8,0.8000,,,,,0.7,0.8000,,0.8,0.8000,,0.7,0.8000,,0.8,0.8000,
aymsCkOTgs,CAPiTA_Snowboards_founded_Seattle_2000,Aeronaut,,0.9976,,0.9,0.8000,,1199.99,0.9963,,0.3,0.7000,,Amplid_Souly_Grail_Korua_Otto_K2_Manifest_Yes_Typo_Jones_Frontier_others,0.9571,,Hyperdrive_ADV_XT_sintered_PE_extra_thick,0.9974,,69.5,0.9963,,6.0,0.5937,6.0:0.5937|7.0:0.4063,2024,0.9022,,28.95,0.9963,,7.9,0.7000,,Advanced_Expert,0.8597,Advanced_Expert:0.8597|Advanced:0.1403,2.0,0.8000,,0.7,0.7000,,PLT_Technology_Metallic_Screen_with_Metallic_Underlay,0.9959,,Arthur_Longo_Rocket_Man,0.9998,,,,,The_MotherShip_Feistritz_Austria,0.9925,,0.85,0.9571,,5.5,0.8000,,25.0,0.9963,,85.5,0.8000,,121.5,0.9963,,,,,,,,,0.9391,,CAPiTA,0.9977,,2x4_Inserts,0.9963,,Tapered_Directional,0.9974,,153_155_157_159_161cm,0.9963,,2026,0.9977,,Mens,0.9199,,Holysheet_Tri_Bi_triaxial_above_biaxial_below,0.9974,,Snowboard,0.9977,,,0.9138,,2.0,0.9546,,0.4,0.8000,,100pct_clean_energy_hydroelectric_solar,0.9994,,55.9,0.9963,,0.5,0.7000,,3x25mm_CarbonFlax_Amplifier,0.9549,,,,,0.75,0.7000,,,,,3.8,0.7000,,Progressive_two_or_more_radii,0.8488,,5.0,0.9490,,Save_15pct_pairing_CAPiTA_with_Union_bindings_ERIKS,0.9138,,,,,,,,,,,,,,0.5,0.8000,,,,,0.7,0.8000,,0.8,0.8000,,0.8,0.8000,,0.7,0.8000,
b8hNkXMv2o,Nitro_AG_Hunenberg_Switzerland,Optisym,,0.9964,,0.6,0.7000,,799.99,0.9783,,0.5,0.8000,,Arbor_Danny_Kass_Park_Pro_stiffer_549_95,0.9341,,Sintered_EcoSpeed_HD_Base,0.9964,,70.0,0.9923,,6.0,0.9974,,2022,0.7895,,29.9,0.9923,,5.6,0.8000,,Intermediate_Advanced,0.7515,Intermediate_Advanced:0.7515|Beginner_Intermediate:0.2245,2.0,0.8000,,0.8,0.6397,,,,,,,,,,,Playmaker_factory_Taiwan,0.8479,,,,,6.5,0.9341,,25.5,0.9923,,80.0,0.6000,,,,,,,,30.2,0.9000,,,0.9783,,Nitro,0.9968,,2x4_Inserts,0.9783,,Asym_Twin,0.9964,,146mw_149mw_153mw_156mw_159mw,0.9542,146mw_149mw_153mw_156mw_159mw:0.9542|149_153_156:0.0403,2027,0.9968,,Mens,0.9783,,Bi_Lite_Laminates,0.9964,,Snowboard,0.9968,,10.0,0.9923,,0.0,0.9964,,0.6,0.8000,,32.2_kg_CO2,0.9964,,52.0,0.8000,,,0.9341,,Powerwall_Ureshred_sidewall_in_core_heelside,0.9018,,Ureshred_Polyurethane_Sidewalls,0.9964,,0.7,0.7000,,Recycled_Railkiller_Edges_50pct_recycled_steel,0.9964,,,,,Dual_Degressive,0.9964,,,,,,,,,,,,,,109.0,0.9923,,,,,,,,85.5,0.9341,,,0.9341,,,,,,,,,,
bKCMKtaFSN,Burton_Corporation_founded_1977,Rewind,,0.6849,PurePop_Camber:0.6849|Camber_Rocker:0.3151,0.85,0.7000,,639.99,0.8427,,1.0,0.9955,,Capita_Ultrafear_2026_549_95,0.9190,,Sintered_durable_superior_wax_absorption,0.8177,,68.0,0.9091,,2.5,0.5410,1_to_4_range:0.5410|2.5:0.4590,2020,0.7526,,29.42,0.9091,,7.5,0.9091,,Beginner_to_Intermediate,0.4430,Beginner_to_Intermediate:0.4430|Intermediate:0.3956|Intermediate_to_Expert:0.1614,3.0,0.8000,,0.7,0.8000,,Spray_paint_on_cardboard_punk_graffiti,0.8720,,,,,,,,Keil_factory_Austria_RD_Burlington_VT,0.9219,,,,,3.5,0.7000,,25.1,0.9091,,79.5,0.8000,,118.5,0.9091,,7.7,0.9091,,29.72,0.9000,,,0.5600,,Burton,0.9965,,The_Channel_all_major_bindings_best_with_EST,0.9525,,True_Twin,0.9564,,140_145_148_151_155_158cm,0.8571,,2026,0.9953,,Unisex,0.8613,,Womens_Specific_Triax_Fiberglass_torsionally_softer,0.8177,,Snowboard,0.9923,,,0.9967,,0.0,0.9533,,,,,B_Corporation_first_snowboard_company,0.9871,,56.0,0.9091,,0.8,0.8000,,Carbon_I_Beam_ultralight_backbone,0.8824,,,,,,,,Off_Axis_Frostbite_Edges_extended_sidewall_bite,0.8177,,,,,Single_radius_per_size_6_6m_to_7_7m,0.8824,,,,,,,,,,,Previously_womens_specific_now_unisex_2026,0.9207,,,,,,,,0.7,0.5000,,,,,0.7,0.7000,,0.9,0.8000,,0.82,0.6000,,,,
bi0hABFxYL,,Team_Pro,,0.9957,,0.6,0.7000,,999.99,0.9548,,0.8,0.7000,,Burton_Custom_directional_twin_full_camber,0.4878,,Sintered_Speed_Formula_II,0.9957,,70.0,0.9957,,8.0,0.9574,8.0:0.9574|7.0:0.0426,2026,0.7965,,29.5,0.9957,,7.3,0.8000,,Advanced_to_Expert,0.9979,,2.0,0.6000,,,,,,,,Marcus_Kleveland_dedicated_MK_version,0.8571,,,,,,,,,,,,,,25.0,0.9957,,75.0,0.8000,,,,,7.3,0.8000,,29.7,0.8000,,,0.9406,,Nitro,0.9957,,2x4_Inserts,0.9406,,Directional_Twin,0.9991,,146_149_152_155_157_159_162cm,0.9957,,2027,0.9406,,Mens_Unisex,0.8092,,Bi_Lite_Laminates_two_direction_fibres,0.9940,,Snowboard,0.9957,,,0.9940,,-15.0,0.9957,,0.6,0.6923,,Made_with_100pct_solar_energy_700KW,0.9990,,52.0,0.7000,,0.8,0.5010,,Carbon_Tape_single_strip,0.9000,Carbon_Tape_single_strip:0.9000|Diamond_Band_tip_to_tail_stringers:0.1000,ABS_35pct_recycled_cold_resistant,0.9940,,0.65,0.7000,,Strong_durable_multiple_sharpenings,0.9940,,,,,Dual_Degressive_Sidecut_loose_playful,0.9940,,,,,Any_standard_or_mini_disc_binding,0.8255,,,,,Nitro_Team_standard_EcoSpeed_HD,0.9140,,117.0,0.9957,,,,,,,,,,,,,,,,,,,,,,
bpxrVBkB2J,Burton_Snowboards_Burlington_VT_B_Corp,Blossom,,0.9983,,0.8,0.7000,,679.99,0.9974,,0.8,0.8000,,CAPiTA_DOA_463_96_hybrid_camber_twin_flex_5_5,0.9662,,Recycled_Sintered_WFO,0.9983,,68.0,0.9963,,7.5,0.9323,7.5:0.9323|6-9:0.0532|3-6:0.0145,2022,0.9809,,29.3,0.9963,,7.7,0.9963,,Intermediate_to_Advanced_Expert,0.9992,,3.0,0.8000,,,,,Playful_frog_stencil_bright_lily_pad,0.9923,,Zeb_Powell_Luke_Winkelmann_Brock_Crouch_Zoi_Sadowski_Synnott_Niels_Schack,0.9997,,2900.0,0.9548,,,,,,,,,,,25.1,0.9963,,79.5,0.8000,,118.5,0.9963,,7.9,0.9963,,29.7,0.9963,,,0.9974,,Burton,0.9986,,The_Channel_micro_adjustable,0.9985,,True_Twin,0.9983,,144_149_152_155_158_162cm,0.9974,,2026,0.9986,,Unisex,0.9969,,Triax_Fiberglass,0.9983,,Snowboard,0.9906,,10.0,0.9963,,0.0,0.9992,,0.4,0.8000,,Super_Sap_Epoxy_50pct_carbon_reduction,0.9983,,56.0,0.9963,,0.7,0.8000,,Dualzone_EGD,0.9925,,,,,,,,Frostbite_Edges_enhanced_edge_hold,0.9963,,4.0,0.9462,,Single_radius,0.9963,,,,,EST_and_all_major_brands,0.9932,,,0.9462,,Burton_Paramount,0.9577,,,,,,,,,0.9462,,87.2,0.9462,,,0.9462,,,0.9462,,,,,,,
bqRVetx7i8,,Fintwin,,0.9948,,0.55,0.7000,,799.99,0.9742,,1.0,0.9662,Available:0.9662|Low_stock_backordered:0.0337,Korua_Transition_Finder_Stratos,0.5818,Korua_Transition_Finder_Stratos:0.5818|Jones_Storm_Chaser:0.2685,Premium_Extruded_FH_Base,0.9948,,75.0,0.6000,,7.0,0.9948,,2020,0.7241,2020:0.7241|2021:0.2759,32.0,0.9513,,6.6,0.8000,,Advanced,0.8520,,,,,,,,EcoGuard_90pct_post_industrial_recycled,0.9173,,Bryan_Fox_and_Tommy_Delago,0.5195,,2600,0.6000,,Taiwan_Playmaker_factory,0.5327,Taiwan_Playmaker_factory:0.5327|Austria:0.3874,0.7,0.9594,,8.0,0.8000,,25.9,0.9513,,,,,,,,,,,,,,,0.9507,,Nitro,0.9507,,2x4_Inserts,0.8520,,Tapered_Swallowtail,0.9948,,149cm_Wide_154cm_Wide,0.9948,,2026,0.9959,,Unisex,0.8861,,Bi_Lite_Laminates_two_direction_fibers,0.9948,,Snowboard,0.9507,,,0.9984,,-2.0,0.9513,,0.5,0.7000,,Green_Speed_Natural_Wax_100pct_biodegradable,0.9173,,56.0,0.7531,,0.65,0.8000,,,,,ABS_Sidewall_flexible_impact_resistant,0.9948,,0.7,0.7000,,Recycled_Steel_Edge,0.9948,,3.2,0.8000,,Progressive_Sidecut,0.9948,,4.0,0.8867,4.0:0.8867|3.9:0.1133,,,,0.8,0.8000,,,,,111.5,0.9513,,,,,0.2,0.8000,,,,,0.5,0.8000,,0.5,0.8000,,0.7,0.8000,,,,
bsef1VWgif,,Blossom,,0.9944,,0.8,0.7000,,879.99,0.9974,,0.75,0.7000,,Yes_Jackpot_cheaper_jumps_edge_hold,0.9412,,Sintered_WFO,0.9812,,68.0,0.9200,,6.5,0.6733,6.5:0.6733|4.5:0.1441|7.5:0.0845|6.0:0.0576|7.0:0.0404,2022,1.0000,,29.3,0.9200,,7.7,0.9200,,Intermediate-Advanced,0.9688,,3.0,0.8000,,,,,Weathered_thermochromic_graphic_by_Niels_Schack,0.8161,,Zeb_Powell_and_Luke_Winkelmann,0.9980,,2900.0,0.9923,,,,,,,,,,,25.1,0.9200,,79.5,0.8000,,118.5,0.9200,,7.9,0.9200,,29.7,0.9200,,,0.9000,,Burton,0.9889,,The_Channel,0.9790,,True_Twin,0.9815,,144_149_152_155_158_162cm,0.9937,,2027,0.9602,,Unisex_Gender_neutral,0.9475,,Triax_Fiberglass,0.9766,,Snowboard,0.9889,,10.0,0.9200,,0.0,0.9200,,,,,,,,56.0,0.9200,,0.75,0.8000,,Carbon_I_Beam,0.9812,,,,,,,,Frostbite_Edges,0.9888,,,,,,,,,,,,,,,,,,,,,,,,,,,,,87.2,0.9923,,,,,,,,,,,,,
bzqEAxcLdM,Mervin_Manufacturing,Mayhem_Rad_Ripper,,0.9979,,0.75,0.8000,,959.99,0.8000,,0.65,0.6000,,Mayhem_Rocket_659.99,0.8208,,Sintered_Knife_Cut_Base,0.9963,,65.0,0.6000,,6.0,0.9401,6.0:0.9401|7.0:0.0599,,,,29.9,0.9386,29.9:0.9386|29.7:0.0614,8.1,0.8000,,Advanced_to_expert_park_or_all_mountain_freestyle,0.8209,,1.0,0.8000,,,,,,,,Matt_Mayhem_Biolos,0.9923,,2760.0,0.8509,,Carlsborg_Washington_USA,0.9948,,,,,,,,25.7,0.9497,25.7:0.9497|25.5:0.0503,75.0,0.6000,,,,,8.0,0.8000,,30.4,0.9386,30.4:0.9386|30.2:0.0614,,0.9974,,Lib_Tech,0.9991,,2x4_Inserts,0.7500,,True_Twin,0.9975,,153cm_156cm_159cm,0.9974,,2025-2026,0.9974,,Mens,0.7500,,Tri_Ax_Bi_Ax_Fiberglass,0.9427,,Snowboard,0.9991,,,,,0.0,0.9974,,,,,FSC_pure_certified_wood_cores,0.9839,,57.47,0.8000,,0.75,0.8000,,,,,Birch_Internal_UHMW_Sintered,0.8231,,,,,Magne_Traction,0.9912,,,,,Progressive_twin_sidecut,0.9974,,,,,,,,,,,Second_year_Rad_Ripper_first_was_2024_2025,0.8861,,113.0,0.9948,,0.6,0.5980,,,,,72.8,0.8509,,,,,,,,,,,,,
cGQS0loLxm,Low_Pressure_Studio_Nidecker_Group,Goliath,,0.9974,,,,,1079.99,0.8502,,0.5,0.7000,,Jones_Mountain_Twin_better_edge_hold,0.8899,,Ultra_Glide_S_sintered_7000,0.9957,,77.0,0.9940,,6.0,0.9975,,2004,0.6000,,29.7,0.9940,,7.85,0.9940,,Progressing_all_conditions,0.4631,Progressing_all_conditions:0.4631|Low_intermediate_OK:0.3334|Intermediate_to_advanced:0.1336|Intermediate:0.0698,3.0,0.8000,,0.6,0.6000,,,,,,,,2450,0.6000,,Austria_CAPiTA_Mothership,0.8462,Austria_CAPiTA_Mothership:0.8462|Asia_Titan_or_Saudi_Arabia:0.1538,,,,,,,25.4,0.9940,,85.0,0.8000,,120.2,0.9940,,7.97,0.9940,,30.9,0.8000,,,0.8295,,Bataleon,0.9940,,2x4_inserts,0.8295,,Directional_Twin,0.9974,,153_156_159_158W_161W_164W_167W,0.9940,,2027,0.8295,,Mens,0.9940,,Tri_Axial_lamination,0.9940,,Snowboard,0.9940,,,0.8295,,2.875,0.9449,,0.2,0.8000,,,,,57.0,0.8000,,0.65,0.6000,,Carbon_Stringers,0.9940,,Flex_Walls_Urethane_Poured_Sidewalls,0.9940,,0.65,0.6000,,,,,1.8,0.8000,,,,,,,,Standard_2x4_compatible_non_Burton_EST,0.8108,,,,,,,,,,,0.75,0.8000,,,,,,,,,,,,,,,,,,,
cRYhKd71A7,Rome_Snowboards_Waterbury_VT,Agent_Pro,,0.9998,,0.7,0.8000,,1129.99,0.9406,,0.5,0.8000,,NS_Protosynthesis_Yes_Greats_Stone_Message_Lib_Box_Knife_Yes_Basic_Ride_TwinPig,0.9594,,SinterSpeed_Base,0.9998,,70.0,0.8537,61-79_kg:0.8537|67-87_kg:0.1463,7.0,0.9756,7.0:0.9756|6.0:0.0244,2024,0.8000,,,,,8.11,0.9963,,Advanced_to_Expert,0.7315,Advanced_to_Expert:0.7315|Advanced:0.2685,2.0,0.8000,,0.8,0.8000,,,,,,,,2500,0.6000,,SWS_Boards_Dubai,0.9961,,0.85,0.9726,,5.5,0.8000,,25.7,0.9975,,,,,121.9,0.9975,,,,,,,,,0.9406,,Rome_SDS,0.9986,,2x4_Inserts,0.9308,,True_Twin,0.9998,,148_151_154_155W_157_158W_160_161W,0.9975,,2027,0.9854,,Mens,0.9963,,Biax_Upper_Glass,0.9308,,Snowboard,0.9986,,7.0,0.9965,,0.0,0.9963,,0.6,0.7000,,,,,55.3,0.8000,,0.65,0.8000,,Twin_Single_Carbon_Omega_HotRods,0.9998,,Twin_Flax_Walls,0.9978,,0.85,0.8000,,,,,3.2,0.8000,,Radial_Sidecut,0.9998,,0.0,0.9965,,2x4_pattern_most_modern_bindings_compatible,0.7396,,,,,Rome_Agent,0.9517,,114.9,0.9963,,0.75,0.8000,,0.7,0.8000,,,,,0.7,0.8000,,0.9,0.8000,,0.8,0.8000,,0.8,0.8000,
cVAb0LOBkf,Nidecker_Group,Mens_Disaster,,0.9726,,0.6,0.7000,,839.99,0.9726,,0.5,0.7000,,CAPiTA_DOA_allmt_freestyle_twin_hybrid_camber_580usd,0.8639,,Hyper_Glide_S_sintered,0.9726,,82.0,0.9726,,2.0,0.9393,2.0:0.9393|3.0:0.0607,2012,0.4199,,30.8,0.9771,,7.0,0.8000,,Intermediate,0.9660,,3.0,0.9948,,0.85,0.8000,,,,,Rixon_pro_model,0.9660,,2880.0,0.9554,,Asia_China_or_Saudi_Arabia,0.5302,Asia_China_or_Saudi_Arabia:0.5302|Austria_CAPiTA_Mothership:0.4698,,,,,,,25.3,0.9771,,77.0,0.8000,,119.8,0.9771,,7.0,0.8000,,29.9,0.9771,,,0.9660,,Bataleon,0.9840,,2x4_Inserts,0.9726,,True_Twin,0.9726,,151_154_157_153W_156W,0.9726,,2027,0.9660,,Mens,0.9660,,Bi_Ax_biaxial_fibreglass,0.9992,,Snowboard,0.9660,,,0.9726,,0.0,0.9991,,0.3,0.8000,,,,,55.0,0.9771,,0.35,0.3509,,,,,Flex_Walls_urethane_poured,0.9726,,0.8,0.8000,,Triple_Base_Technology_3BT,0.9726,,1.0,0.9000,,Tri_radial_three_radius,0.9726,,,,,Standard_2x4_compatible_all_major_brands,0.9726,,,,,,,,,,,0.75,0.8000,,,,,89.7,0.9449,,,,,,,,,,,,,
cx7VleNkz6,,Warpig,,0.9974,,0.8,0.8000,,949.99,0.9955,,0.6,0.7000,,Lib_Tech_Orca_better_edge_hold_less_park,0.9044,,Sintered_4000_PTEX_Stone_Ground,0.9974,,81.6,0.8000,,6.0,0.9044,,2016,0.8000,,32.1,0.9963,,6.25,0.7000,,Beginner_Intermediate_Advanced,0.9963,,3.0,0.8000,,0.5,0.5000,,Topless_graphics_on_fiberglass,0.9974,,,,,,,,China,0.5556,,0.5,0.7000,,,,,27.0,0.9974,,,,,114.6,0.9963,,,,,,,,,0.9974,,Ride_Snowboards,0.9974,,2x4_Inserts,0.9940,,Tapered_Directional,0.9974,,142_148_151_154_158,0.9974,,2027,0.9940,,Unisex,0.8836,,Hybrid_Glass_triax_top_biax_base,0.9974,,Snowboard,0.9974,,,0.8160,All_Mountain_Park_Powder:0.8160|All_Mountain_Powder_lean_toward_float:0.1840,0.0,0.9974,,0.5,0.8000,,30pct_recycled_steel_in_edges,0.9963,,55.9,0.7000,,0.6,0.6000,,Carbon_Array_3_three_carbon_stringers,0.9974,,Slim_Walls_3D_composite_Slimewall_urethane,0.9963,,0.75,0.7000,,Cleave_Edge_Steel_50pct_more,0.9963,,,,,Tapered_Bi_Radial_Sidecut,0.9974,,10.0,0.9190,,,,,0.8,0.8000,,,,,,,,,,,,,,4.2,0.9044,,,,,,,,,,,,,
dPhHewTgQT,Salomon_SAS_Annecy_France,Sight,,0.9925,,0.8,0.9000,,649.99,0.9974,,0.8,0.7000,,Burton_Instigator_Cultivator,0.9728,,Electra_harder_extruded_compound,0.9925,,77.5,0.9931,,4.0,0.7590,4.0:0.7590|5.0:0.2410,2013,0.9268,,29.75,0.9525,,,,,Intermediate-Advanced,0.5785,Intermediate-Advanced:0.5785|Beginner-Advanced:0.2975|Beginner-Intermediate:0.1240,2.0,0.8000,,0.75,0.8000,,,,,,,,2600,0.6000,,,,,0.7,0.9524,,3.0,0.8000,,25.2,0.9525,,80.0,0.8000,,118.0,0.9525,,,,,30.25,0.8000,,,0.9922,,Salomon,0.9954,,2x4_Inserts,0.9599,,Tapered_Directional,0.9925,,147_150_153_155W_156_158W_159_162W_166W,0.9534,,2026,0.9954,,Mens,0.9870,,BA_MD_medium_density,0.7225,BA_MD_medium_density:0.7225|BA_LD_low_density:0.2775,Snowboard,0.9954,,,0.9450,,2.0,0.6127,19.8mm:0.6127|neg10mm:0.3873,,,,FSC_certified_wood_core,0.9293,,,,,0.5,0.7000,,Royal_Cork_Rails_4mm_ABS_damping,0.9978,,Recycled_ABS_sidewalls,0.9268,,,,,Recycled_edges,0.9146,,3.2,0.8000,,Quadratic_sidecut_elliptic_curves,0.9925,,1.1,0.8000,,Standard_insert_pattern,0.9579,,0.7,0.8000,,Salomon_Ace,0.9524,,,,,,,,0.5,0.8000,,,,,0.2,0.8000,,0.7,0.7000,,0.68,0.7000,,0.65,0.7000,
dxMgXergiQ,Jones_Snowboards_Nidecker_US_Inc,Mens_Tweaker_2.0,,0.9963,,0.75,0.8000,,949.99,0.9963,,0.5,0.7000,,Burton_Process_similar_AM_versatility,0.9140,,Sintered_8000_UHMWPE_carbon_fast_durable,0.9963,,70.5,0.9890,,4.0,0.9948,,2022,0.8000,,30.0,0.9890,,7.6,0.9890,,Intermediate_to_Expert,0.9937,,2.0,0.8000,,0.7,0.7000,,Premium_Topsheet_durable_scratch_resistant,0.9963,,Jimmy_Goodman,0.9923,,2800.0,0.9853,,Dubai_SWS_Board_Technology,0.9987,,0.6,0.7000,,5.0,0.7000,,25.4,0.9890,,,,,121.6,0.9890,,,,,,,,,0.9925,,Jones_Snowboards,0.9771,,2x4_inserts,0.9963,,True_Twin_symmetrical,0.9963,,146_149_151_154_156_157W_159_160W_162,0.8713,146_149_151_154_156_157W_159_160W_162:0.8713|154_156_157W_160W:0.1287,2027,0.9940,,Mens,0.9963,,Biaxial_Fiberglass,0.9963,,Snowboard,0.9963,,10.0,0.9836,,0.0,0.9896,,0.3,0.8000,,Fair_Trade_Certified_first_snowboard_brand,0.9923,,56.0,0.9890,,0.85,0.8000,,BComp_Carbon_Flax_Stringer_pop_chatter_absorption,0.9969,,Recycled_ABS_rounded_finish_reduces_chipping,0.9963,,0.7,0.7000,,Traction_Tech_3.0_three_bumps_per_edge,0.9997,,1.5,0.8000,,Progressive_radius_more_aggressive_near_contact_points,0.9062,,0.0,0.9963,,,,,,,,Jones_Tweaker_original_2022_23,0.9490,,114.0,0.9853,,0.5,0.7000,,,,,,,,,,,,,,,,,,,
eGtv1qTIAr,,Skunk_Ape_Camber,,0.9000,,0.75,0.8000,,1169.99,0.9371,,0.5,0.8000,,Burton_Custom_X_Wide,0.7534,,Sintered_Knife_Cut_Base,0.8800,,75.0,0.6000,,7.0,0.9760,7.0:0.9760|6.0:0.0240,2025,0.8000,,30.4,0.9957,,8.5,0.9957,,Intermediate_Expert,0.9091,Intermediate_Expert:0.9091|Intermediate_Advanced:0.0909,,,,0.6,0.7000,,Eco_Sublimated_Poly_Topsheet,0.8800,,Quincy_Quigg,0.9957,,2850,0.6000,,Sequim_WA_USA,0.9985,,0.5,0.3000,,,,,26.8,0.9957,,70.0,0.6000,,,,,8.5,0.6000,,30.65,0.8000,,,0.9997,,Lib_Tech,0.9998,,2x4_Inserts,0.8800,,Directional_Twin,0.9997,,157W_161W_163UW_165W_169W_170UW_173UW,0.9981,,2027,0.9945,,Mens,0.8307,,Tri_Ax_Bi_Ax_Fiber_with_Basalt_Alloy,0.9342,,Snowboard,0.9963,,,,,1.0,0.9974,,0.5,0.8000,,FSC_certified_core,0.9999,,59.69,0.8000,,,,,UHMW_Tip_Tail_Impact_Deflection,0.9948,,Birch_internal_vertical_end_grain,0.8800,,0.85,0.8000,,Magne_Traction_7_serrations,0.9855,,4.2,0.8000,,,,,,,,,,,,,,,,,115.0,0.9957,,,,,,,,,,,,,,,,,0.95,0.9000,,,,
eHoaVaRvOu,5th_Element_Gear_independently_owned,Grid,,0.9963,,0.4,0.8000,,399.99,0.8800,,0.5,0.6000,,Nitro_Prime_Raw_2026_349_95,0.9620,,Strong_base_easy_to_care_for,0.8200,,85.0,0.8500,,3.0,0.6000,,,,,20.5,0.8500,,8.4,0.8500,,Beginner_to_intermediate,0.9931,,2.0,0.8000,,,,,,,,,,,,,,,,,,,,,,,25.0,0.8500,,95.0,0.8000,,120.8,0.8500,,8.5,0.6000,,20.6,0.8000,,,0.8500,,5th_Element,0.9963,,4x4,0.8616,,Directional_Twin,0.9633,Directional_Twin:0.9633|True_Twin:0.0316,148_151_154_157_158W_161_164W_166W,0.8500,,Available_since_at_least_2022_2023_season,0.8836,,Mens_Unisex_Adult,0.6458,,,,,Snowboard,0.9991,,,0.9931,,0.0,0.6954,,,,,,,,,,,0.5,0.5500,,,,,,,,,,,,,,2.7,0.6000,,,,,,,,,,,,,,,,,,,,,,,,,,,,,,,,,,,,,,,,
eoq4Dj1tuM,,Disaster_Plus,,0.9984,,0.65,0.8000,,1039.99,0.9423,,1.0,0.9974,,CAPiTA_Horrorscope_GNU_Head_Space_Ride_Twinpig,0.9828,,Hyper_Glide_S_sintered,0.9986,,80.0,0.9984,,4.0,0.6948,4.0:0.6948|3.0:0.3052,2023,0.8720,,30.8,0.5056,30.8:0.5056|30.9:0.4944,7.8,0.9315,,Intermediate_to_Advanced,0.8518,Intermediate_to_Advanced:0.8518|Advanced:0.1482,3.0,0.8000,,0.85,0.8000,,New_shape_marked_2025_26,0.9868,,Mikey_B,0.9579,,,,,Austria_Mothership,0.9867,Austria_Mothership:0.9867|China_or_Saudi_Arabia:0.0133,,,,,,,25.3,0.5056,25.3:0.5056|25.2:0.4944,82.0,0.8000,,119.8,0.5056,119.8:0.5056|119.1:0.4944,7.8,0.9315,,29.9,0.5056,29.9:0.5056|29.3:0.4944,,0.9757,,Bataleon,0.9979,,2x4_Inserts,0.9315,,True_twin_symmetric,0.9986,,148_151_154_157_153W_156W,0.7534,148_151_154_157_153W_156W:0.7534|151_154_157_156W:0.2466,2027,0.9423,,Mens_unisex,0.9926,,Biaxial,0.9986,,Snowboard,0.9991,,,0.9980,,,,,0.3,0.8000,,100pct_clean_energy_carbon_neutral_hydro,0.9968,,57.0,0.8000,,0.6,0.6000,,Carbon_stringers_fine_tune_flex,0.9986,,Flex_Walls_Urethane_Poured,0.9986,,0.75,0.8000,,,,,1.2,0.9000,,,,,,,,2x4_compatible_any_standard_mini_disc,0.9315,,0.1,0.7979,,,,,,,,0.75,0.8000,,,,,,,,,,,,,,,,,,,
eujXkonNfq,Burton_Snowboards_founded_1977_Vermont,Custom_Camber,,0.9924,,0.85,0.7000,,1049.99,0.9940,,,,,Custom_excels_precise_carving_strong_jump_performance,0.9416,,Sintered_WFO,0.9924,,79.5,0.9925,,6.0,0.6564,6.0:0.6564|5.0:0.2387|5.5:0.1050,,,,29.4,0.9925,,7.8,0.9925,,Intermediate_to_Expert,0.9368,,,,,0.6,0.6000,,Ride_to_paradise_jungle_landscape,0.9912,,,,,,,,,,,,,,,,,25.2,0.9925,,79.5,0.8000,,119.5,0.9925,,7.9,0.9925,,29.7,0.9000,,,0.9589,,Burton_Snowboards,0.9589,,The_Channel,0.9924,,Directional_Twin,0.9924,,150_154_156_158_158W_162_162W_166W_170W,0.9925,,2027,0.9589,,Mens,0.9423,,45_degree_Carbon_Highlights,0.9620,,Snowboard,0.9589,,10.0,0.9940,,12.5,0.9856,,0.5,0.8000,,B_Corporation_certified,0.7895,,53.0,0.9925,,,,,Pro_Tip_and_Infinite_Ride,0.9924,,,,,,,,Frostbite_Edges_half_mm_extension,0.9870,,,,,,,,,,,Compatible_with_all_major_bindings,0.8691,,0.8,0.7000,,,,,,,,,,,,,,,,,,,,,,,,,,,,
fpuplB1wbb,Jones_Snowboards_Nidecker_Group,Mens_Flagship_Pro,,0.9897,,0.8,0.8000,,1599.99,0.9931,,0.5,0.8000,,CAPiTA_Mercury_680_best_AM_freeride_Outside,0.9416,,Sintered_9900_Base_carbon_enhanced,0.9106,Sintered_9900_Base_carbon_enhanced:0.9106|Ultra_Base_25pct_better_wax_absorption:0.0894,70.5,0.9839,,10.0,0.8459,10.0:0.8459|9.0:0.1351|8.0:0.0190,2010,0.8000,,29.4,0.9890,,8.5,0.9890,,Advanced_Expert,0.9897,,3.0,0.6000,,0.8,0.8000,,Premium_topsheet_ash_wood_veneer,0.9975,,Jeremy_Jones_founder_big_mountain,0.9742,,,,,SWS_Board_Technology_Dubai_UAE,0.8871,,0.85,0.8000,,,,,24.9,0.9890,,,,,117.6,0.9890,,,,,,,,,0.9948,,Jones_Snowboards,0.9948,,2x4_Inserts,0.9871,,Tapered_Directional,0.9948,,158cm_159cm_Wide,0.9868,,2027,0.9948,,Mens,0.9948,,Basalt_Pro_Layup_with_Koroyd_and_Bio_Resin,0.9983,,Snowboard,0.9948,,,0.8353,,20.0,0.9890,,0.4,0.8000,,Fair_Trade_Certified_first_snowboard_hardgoods_brand,0.9931,,60.0,0.9890,,0.8,0.7800,,Basalt_fiber_laminates_replacing_carbon_fiber,0.9868,,Recycled_ABS_with_round_finish,0.9868,,0.75,0.7000,,Traction_Tech_3_0_three_bumps_per_edge,0.9938,,6.2,0.5238,Prefers_straight_line_goes_straight_more_than_Stratos:0.5238|Takes_effort_at_slow_speeds_not_quickest_edge_to_edge:0.4762,,,,12.0,0.8965,12.0:0.8965|12.5:0.1035,Standard_2x4_compatible_most_bindings,0.9760,,0.85,0.7000,,Jones_Ultra_Flagship,0.9692,,,,,0.4,0.7000,,,,,,,,,,,,,,,,,,,
fzeHUs5jlf,Burton_Snowboards_founded_1977_Vermont,Instigator,,0.9965,,0.95,0.9000,,629.99,0.9905,,1.0,0.9771,,K2_Standard_Arbor_Foundation_Ride_Machete_Lib_Tech_Terrain_Wrecker,0.7855,,Extruded,0.9966,,68.0,0.9905,,2.0,0.7034,1_to_3_out_of_10_soft:0.7034|Medium_to_medium_stiff:0.2966,2018,0.9806,,29.4,0.9905,,7.1,0.9905,,Beginner,0.9905,,3.0,0.9923,,0.8,0.8000,,,,,,,,,,,China,0.9406,,0.5,0.8000,,7.0,0.8000,,25.2,0.9905,,105.0,0.6000,,117.0,0.9905,,7.4,0.9905,,29.99,0.8000,,,0.9568,,Burton,0.9976,,The_Channel_compatible_all_major_bindings,0.8138,,Directional,0.9968,,145_150_155_160_155W_160W_165W,0.9987,,2025,0.9976,,Mens,0.9977,,Biax_Fiberglass_softens_torsional_flex,0.9966,,Snowboard,0.9976,,,0.8427,,-2.5,0.9905,,0.6,0.8000,,FSC_Certified_core_wood,0.9967,,56.0,0.9905,,0.9,0.9000,,,,,,,,0.65,0.6000,,Frostbite_Edges_extended_beneath_bindings,0.9517,,3.2,0.8000,,Standard_radial_sidecut,0.9905,,5.0,0.9994,,All_major_binding_brands_via_Channel,0.8138,,,,,,,,,,,,,,0.5,0.8000,,,,,0.7,0.8000,,0.7,0.8000,,0.7,0.8000,,0.7,0.8000,
gEgAtjk0Os,Burton_Snowboards_founded_1977,Good_Company,,0.9974,,0.8,0.7000,,559.99,0.9974,,0.9,0.9000,,NS_Photosynthesis_Yes_Greats_Stone_Message_LT_Box_Knife_Yes_Basic_Ride_TwinPig,0.9660,,Sintered_durable_porous,0.9909,,68.0,0.9974,,5.5,0.8774,5.5:0.8774|3.5:0.1226,2023,0.6167,,29.37,0.9974,,7.8,0.9974,,Intermediate,0.8056,,,,,0.75,0.8000,,Dog_themed_portrait_of_Posie_dog_tags,0.9931,,,,,2600,0.6000,,China,0.5177,China:0.5177|China_majority_Austria_high_end:0.4745,0.85,0.9992,,2.5,0.8000,,25.2,0.9974,,79.5,0.8000,,118.5,0.9974,,8.1,0.9974,,,,,,0.9868,,Burton_Snowboards,0.9974,,The_Channel_all_brands_best_with_EST,0.9923,,True_Twin_symmetrical,0.9974,,135_145_148_152_155_159_155W_159W,0.9868,,2026,0.9974,,Gender_neutral_Unisex,0.7373,,Triax_fiberglass,0.9890,,Snowboard,0.9974,,10.0,0.9836,,0.0,0.9974,,0.4,0.8000,,FSC_certified_plus_Super_Sap_Epoxy,0.9575,,56.0,0.9974,,0.8,0.7000,,Dualzone_EGD_wood_grain_perpendicular,0.7372,,,,,0.7,0.6000,,,,,3.0,0.7000,,,,,,,,,,,,,,,,,,,,,,,0.7,0.8000,,,,,0.7,0.8000,,,,,0.8,0.8000,,0.8,0.8000,
gEy7WOnzey,,Super_DOA_Defenders_of_Awesome,,0.9948,,0.7,0.6923,3D_Thermopolymer_Starship_Poplar_channels:0.6923|Poplar_Paulownia_Beech_thermopolymer:0.3077,1449.99,0.9577,,0.8,0.8000,,YES_Greats_asymmetric_twin,0.8802,,Hyperdrive_ADV_XT_sintered_premium,0.9871,,72.5,0.9963,,6.0,0.9963,,2019,0.7143,,29.8,0.9637,29.8:0.9637|29.7:0.0363,7.8,0.9963,,Intermediate_to_Advanced,0.9489,Intermediate_to_Advanced:0.9489|Advanced:0.0511,2.0,0.8000,,,,,Megalite_Skin_60pct_weight_reduction,0.7402,,,,,,,,Austria_The_MotherShip,0.9914,,,,,,,,25.2,0.9963,,77.0,0.8000,,123.4,0.9963,,,,,30.1,0.9637,30.1:0.9637|30.0:0.0363,,0.9870,,CAPiTA,0.9974,,2x4_stainless_steel_inserts,0.9497,,True_Twin_symmetrical,0.9963,,152_154_156_158_160cm,0.9963,,2027,0.9730,,Mens,0.9677,,HolySheet_high_tensile_low_elasticity,0.9948,,Snowboard,0.9974,,,0.9518,,,,,0.7,0.6000,,Certified_B_Corp_score_98.9,0.9914,,53.3,0.9709,53.3:0.9709|55.3:0.0291,,0.8654,,Hybrid_SuperCarbon_in_HolySheet,0.9914,,Fortress_Aramid_Kevlar_S_wrap,0.9096,,0.8,0.8000,,360_Degree_HRC48_Stainless_Steel,0.8050,,5.8,0.8000,,Blended_Radial,0.9963,,0.0,0.9963,,Union_Falcor_stiff_responsive_recommended,0.8050,,0.55,0.6000,,,,,,,,,,,,,,,,,,,,,,,,,,,,
gdv02UtOAa,,Family_Tree_3D_Channel_Surfer_Flat_Top,,0.9951,,0.8,0.7000,,979.99,0.9974,,0.0,0.9912,,Bataleon_Surfer_3BT_28mm_taper,0.9517,,Sintered_WFO,0.9941,,79.5,0.9948,,4.5,0.9948,,2024,0.8000,,32.58,0.9948,,6.8,0.9948,,Advanced,0.6087,Advanced:0.6087|Intermediate_Advanced:0.2718|Expert:0.1195,3.0,0.8000,,,,,Abstract_mountainscapes_Audubon_puffin_motif,0.9823,,Ryan_Crotty,0.9890,,,,,,,,,,,,,,27.2,0.9948,,,,,115.5,0.9948,,,,,,,,,0.9927,,Burton,0.9963,,The_Channel,0.9941,,Swallowtail,0.9998,,156cm,0.9948,,2025,0.9976,,Unisex,0.9692,,,,,Snowboard,0.9985,,10.0,0.9948,,-12.5,0.9948,,0.6,0.7000,,Super_Sap_Epoxy_bio_based_50pct_lower_footprint,0.9930,,56.0,0.9948,,,,,Surfboard_inspired_convex_3D_shaping_tip_tail,0.9868,,,,,0.8,0.7000,,,,,2.2,0.7000,,,,,2.5,0.8000,,Compatible_most_brands_best_with_Burton_EST,0.9381,,,,,,,,,,,,,,,,,,,,,,,,,,,,,,,
gtiupDAlG6,Mervin_Manufacturing,Terrain_Wrecker,,0.7923,,0.75,0.7650,,999.99,0.7100,,0.5,0.7100,,Jones_Mountain_Twin_similar_all_mountain_freestyle_hybrid,0.5338,,Highest_density_UHMW_dual_layer_thermal_fusion_crystalline,0.7100,,70.0,0.6000,,7.0,0.8594,7.0:0.8594|6.0:0.1406,2017,0.8000,,30.0,0.9945,,8.3,0.9945,,Intermediate,0.7100,,1.0,0.7648,,0.85,0.5844,,Eco_Sublimated_Poly_Topsheet,0.7100,,Schoph_at_schoph,0.9945,,2860.0,0.9219,,Sequim_Washington_USA,0.9945,,0.6,0.7000,,5.5,0.7000,,25.7,0.9945,,67.5,0.6000,,,,,,,,,,,,0.9637,All_Mountain_Directional_Twin:0.9637|All_Mountain_Freeride:0.0363,Lib_Tech,0.9945,,2x4_Inserts,0.7100,,Directional_Twin,0.9945,,152_154_156W_157_160_161W,0.9677,152_154_156W_157_160_161W:0.9677|152_154_157_156W_161W:0.0323,2027_26_27_season,0.9245,,Mens,0.8502,,Tri_Ax_Bi_Ax_Fiber_combination,0.7100,,Snowboard,0.9945,,,0.6000,v9_am:0.6000|v10_am:0.4000,0.0,0.9945,,0.4,0.7000,,Zero_hazardous_waste_production,0.6209,,57.5,0.8000,,0.9,0.9000,,UHMW_Tip_Tail_Impact_Deflection_edge_removed_nose_tail,0.7100,,Birch_vertical_end_grain_pop_durability,0.7650,,0.8,0.8000,,Magne_Traction_7_serrations_each_edge,0.6500,,3.8,0.7000,,,,,,,,,,,,,,,,,119.0,0.9945,,,,,0.65,0.7000,,87.3,0.9315,,,,,0.8,0.8000,,0.5,0.7000,,,,
gwpGTjkNQC,Mervin_Manufacturing,Head_Space,,0.9997,,0.75,0.8000,,678.99,0.9948,,,,,Burton_Process,0.7534,,Eco_sublimated_sintered_base,0.9974,,,,,6.0,0.6722,6.0:0.6722|4.0:0.2801|5.0:0.0477,2016,0.9434,,,,,,,,Intermediate_to_Advanced,0.9906,,1.0,0.9974,,0.75,0.8000,,Eco_sublimated_poly_top,0.9551,,Forest_Bailey,0.9979,,2980.0,0.9861,,Sequim_Washington_USA,0.9930,,0.7,0.7000,,2.5,0.8000,,,,,,,,,,,,,,,,,,0.9974,,GNU_Snowboards,0.9974,,2x4_inserts,0.8804,,True_twin_symmetric,0.9939,True_twin_symmetric:0.9939|Asym_twin_level1:0.0054,149_152_155_155W_158cm,0.9974,,2025_(2024-2025_season),0.9827,,Mens,0.8006,,Triaxial_Biaxial_alloy_glass,0.9578,,Snowboard,0.9974,,,0.8505,,0.0,0.9974,,0.5,0.8000,,Zero_hazardous_waste_eco_materials_FSC_certified,0.7950,,,,,0.95,0.9000,,,,,UHMW_sidewalls,0.9551,,0.7,0.7000,,Magne_Traction_7_serrations,0.9997,,,,,,,,,,,2x4_insert_compatible_most_major_brands,0.8505,,,,,,,,,,,,,,,,,88.6,0.6471,88.6:0.6471|88.0:0.3529,,,,,,,,,,,,
hCyIqwbuNm,Burton_Snowboards,Counterbalance,,0.9603,,0.8,0.7000,,949.99,0.9700,,0.75,0.6000,,Amplid_Souly_Grail_K2_Alchemist_Jones_Flagship_Pro_etc,0.9839,,Sintered_WFO_high_density,0.9666,,68.0,0.9500,,7.0,0.8177,7.0:0.8177|6.5:0.1262|6.0:0.0561,2025,0.8000,,30.1,0.9500,,7.3,0.9500,,Intermediate_Expert,0.9714,Intermediate_Expert:0.9714|Intermediate_Advanced:0.0185|Intermediate:0.0101,3.0,0.9940,,0.5,0.6000,,,,,Shawna_X_abstract_microscope_view,0.8627,,2680.0,0.9934,,,,,0.85,0.9868,,7.0,0.8000,,24.9,0.9500,,79.5,0.8000,,116.8,0.9500,,7.5,0.9500,,,,,,0.7179,All_Mountain_Freeride:0.7179|Mellow_Freeride:0.2074|All_Mountain:0.0747,Burton,0.9980,,The_Channel_two_parallel_slots,0.9627,,Tapered_Directional,0.9950,,142_146_150_154_154W_158_158W_162_162W,0.8827,142_146_150_154_154W_158_158W_162_162W:0.8827|142_146_150_154_158_158W_162_162W:0.1173,2027,0.9656,,Unisex,0.9929,,45deg_Carbon_Highlights_tip_to_tail,0.9625,,Snowboard,0.9980,,8.0,0.9300,,-2.5,0.9500,,0.6,0.7000,,Certified_B_Corp,0.9868,,50.5,0.9500,,0.65,0.8000,,Dualzone_EGD_wood_grain_edge_hold,0.9581,,,,,0.7,0.7000,,Frostbite_Edges_enhanced_edge_hold,0.9625,,3.2,0.8000,,,,,8.0,0.9619,,All_major_brands_best_with_EST,0.9556,,,,,Replaces_Deep_Thinker_and_Story_Board,0.9994,,,,,,,,0.5,0.8000,,86.1,0.9912,,0.7,0.8000,,0.8,0.8000,,0.7,0.8000,,,,
hTpZCKU8n1,Salomon_SAS_Annecy_France,Highpath,,0.8814,Rock_Out_Camber:0.8814|Hybrid_Camber:0.1186,0.75,0.8000,Ghost_Green_Core_paulownia_aspen:0.9877|Aspen_SLCT_hand_selected:0.0123,1049.99,0.7800,,0.9,0.9000,,Jones_Flagship_between_Flagship_and_Stratos,0.9466,,50pct_Recycled_Sintered_Base,0.9964,,77.5,0.9866,,7.0,0.9091,7.0:0.9091|8.0:0.0909,2022,0.8000,,29.95,0.8000,,7.3,0.8000,,Advanced,0.7800,,2.0,0.9948,,0.7,0.8000,,ABC_Wrapper_olive_wood_veneer_2027,0.9102,,Nils_Mindnich_and_Victor_Daviet,0.9994,,,,,China,0.9827,,0.85,0.9808,,7.0,0.8000,,25.5,0.8000,,85.0,0.8000,,118.5,0.8000,,7.7,0.8000,,30.25,0.8000,,,0.6581,All_Mountain_Freeride:0.6581|All_Mountain:0.3419,Salomon,0.9982,,2x4_Inserts,0.7800,,Tapered_Directional,0.9974,,146_150_153_156_159_162_159W_162W_165W,0.9116,146_150_153_156_159_162_159W_162W_165W:0.9116|156_159_159W_162W:0.0884,2027,0.7231,,Unisex,0.9989,,BiAx_HD_Glass_two_angle_fiberglass,0.7800,,Snowboard,0.9979,,,0.9956,,2.0,0.9868,,0.5,0.8000,,FSC_certified,0.8024,,56.0,0.8000,,0.7,0.8000,,,,,100pct_recycled_ABS,0.8934,100pct_recycled_ABS:0.8934|66pct_recycled_ABS:0.1066,0.7,0.7000,,At_least_20pct_recycled_aluminum,0.9949,,3.2,0.8000,,Quadratic_Sidecut,0.9979,,3.0,0.6923,3.0:0.6923|4.0:0.3077,,,,,,,,,,,,,,,,,,,87.2,0.9702,,0.7,0.8000,,,,,0.8,0.8000,,,,
hWiSldGBqx,Burton_Snowboards_founded_1977,Fish_3D_Splitboard,,0.9590,,0.95,0.9000,,839.99,0.9974,,0.8,0.8000,,Jones_Storm_Chaser_Split,0.8989,,Sintered_WFO_high_density_wax_infused,0.9550,,79.5,0.9910,,4.5,0.9925,,2021,0.9219,,31.53,0.9910,,6.1,0.9910,,Advanced_Expert,0.4369,Advanced_Expert:0.4369|Expert:0.3883|Intermediate:0.1748,3.0,0.8000,,0.85,0.8989,,Gorgeous_board_beautiful_topsheet,0.8721,,,,,2900.0,0.5338,,Austria_and_China,0.8947,,,,,,,,26.0,0.9910,,105.0,0.6000,,109.5,0.9910,,6.4,0.9910,,,,,,0.9964,,Burton_Snowboards,0.9964,,Split_Channel_pre_mounted_pucks,0.9590,,Tapered_Directional,0.9925,,146_151_156_161cm,0.9848,,2024,0.9964,,Unisex,0.6395,,45_degree_Carbon_Highlights_tip_to_tail,0.9563,,Splitboard,0.9964,,10.0,0.9910,,-50.0,0.9888,,0.4,0.8000,,FSC_certified_core_wood,0.5988,,56.0,0.9910,,,,,45_degree_fiber_angle_more_aggressive_ride,0.6488,,,,,0.85,0.8000,,Dualzone_EGD_perpendicular_wood_grain_edges,0.9565,,,,,,,,3.0,0.8000,,Compatible_all_major_bindings,0.6488,,,,,Original_Burton_Fish_circa_2002,0.4375,,104.0,0.8312,,,,,,,,,,,,,,,,,,,,,,
hcGCupKaD3,Salomon_SAS_Annecy_France,Huck_Knife,,0.9974,,0.7,0.9000,,587.99,0.9974,,1.0,0.9767,,Capita_DOA_similar_camber_hybrid_true_twin_stiffer_more_pop_20_more,0.9252,,Medium_Stone_Finish,0.9964,,65.0,0.9931,,5.0,0.5238,5.0:0.5238|4.5:0.4762,2017,0.9252,,29.5,0.9931,,,,,,,,2.0,0.8000,,,,,Looks_white_in_picture_but_grey_in_person,0.9383,,,,,2700,0.7000,,Austria_Bulgaria_France_Finland_Canada_US,0.8721,,0.65,0.6000,,,,,25.5,0.9931,,77.5,0.8000,,121.6,0.9931,,,,,29.8,0.9000,,,0.5364,Park_and_Freestyle:0.5364|All_mountain_freestyle:0.4636,Salomon,0.9974,,2x4_Inserts,0.9948,,True_Twin,0.9974,,149_153_156_159_162_156W_159W,0.9958,,2025,0.9957,,Mens,0.9945,,Triaxial_Fibreglass,0.9541,,Snowboard,0.9974,,,,,0.0,0.9908,,0.5,0.8000,,FSC_certified_Aspen_wood_core,0.9948,,56.0,0.8000,,,0.9369,,Carbon_stringers_in_tip_and_tail,0.9912,,ABS_Sidewalls_with_Royal_Rubber_Pads,0.9516,,0.6,0.6000,,Freestyle_Edge_Bevel_2deg_sidecut_3deg_between_feet,0.7124,,,,,EQ_Rad_Sidecut,0.9978,,,,,,,,0.3,0.8000,,,,,,,,,,,,,,,,,,,,,,,,,,,,
hm6eb7w7b8,Burton_Snowboards,Family_Tree_Hometown_Hero_Split,,0.9202,,0.8,0.7000,,1299.99,0.8803,,0.9,0.9000,,Burton_more_playful_Jones_more_stable_at_speed,0.9341,,Recycled_Sintered_WFO,0.9289,,79.5,0.9874,,7.0,0.8037,7.0:0.8037|6.5:0.1963,,,,30.49,0.9874,,7.6,0.9874,,Expert_only,0.8023,Expert_only:0.8023|Intermediate_Expert:0.1977,3.0,0.8000,,,,,EcoZen_Topsheet,0.9382,,,,,,,,Keil_Nindl_GMBH_Austria,0.9890,,,,,,,,,,,,,,,,,,,,,,,,0.9003,,Burton,0.9929,,The_Split_Channel,0.9645,,Directional,0.9548,,154_158_162_158W,0.9202,,2026,0.9989,,Unisex,0.8625,,Triax_with_45_Carbon_Highlights,0.9515,,Splitboard,0.9639,,,0.9891,,40.0,0.9874,,0.6,0.8000,,FSC_Certified_Wood_Core,0.9108,,56.0,0.9003,,,,,,,,Recycled_ABS,0.8594,,,,,Cruise_Control_Edge_Tune,0.8594,,,,,,,,12.0,0.9675,,Hitchhiker_bindings,0.8803,,,,,,,,114.0,0.9874,,,,,,,,,,,,,,,,,,,,,,
iQXjBPxwSi,Nitro_AG_Hunenberg_Switzerland,OG,,0.9514,,0.6,0.7000,,999.99,0.9015,,1.0,0.8223,,Burton_Custom_Ride_Algorythm_Jones_Frontier_CAPiTA_BSOD,0.9212,,Sintered_EcoSpeed_HD,0.5893,Sintered_EcoSpeed_HD:0.5893|Sintered_Speed_Formula_II:0.4107,70.0,0.9507,,8.0,0.9507,,2026,0.8000,,30.45,0.8514,,6.1,0.8000,,Intermediate,0.8514,,,,,0.8,0.8000,,Throwback_graphic_with_modern_tech,0.9551,,Rohrer_Neary_Goller_Plotzeneder_Eberharter_Hagstrom,0.9959,,,,,Taiwan_Playmaker_factory,0.9976,,,,,,,,25.4,0.9507,,,,,,,,,,,,,,,0.9511,,Nitro,0.9967,,2x4_Inserts,0.9507,,Directional_Twin,0.9514,,158cm,0.9507,,2027,0.9551,,Mens_unisex,0.7828,,Bi_Lite_Laminates,0.9507,,Snowboard,0.9551,,10.0,0.7827,,-1.5,0.9507,,,,,Carbon_neutral_since_2021_ClimatePartner,0.9962,,,,,,,,,,,ABS_Sidewall_flexible_impact_resistant,0.9507,,,,,Recycled_Steel_Edge,0.9507,,,,,Dual_Degressive_Sidecut,0.9514,,,,,Standard_2x4_compatible_all_modern_bindings,0.8514,,,,,Nitro_Team,0.8363,,113.0,0.9507,,0.7,0.7000,,,,,,,,,,,,,,,,,,,
iY29iJwupu,Bataleon_Low_Pressure_Studio,Stereo_Team,,0.9977,,0.65,0.8000,,1049.99,0.9974,,0.2,0.7000,,CAPiTA_DOA_true_twin_6_10_flex_camber_flat_kick,0.8861,,Ultra_Glide_S_premium_7000_sintered,0.9957,,75.0,0.9957,,6.0,0.9979,,,,,29.9,0.9957,,7.2,0.8000,,Intermediate_to_Advanced,0.8676,,,,,0.4,0.8000,,,,,Ethan_Morgan_and_Halldor_Helgason,0.9997,,,,,CAPiTA_Mothership_Austria,0.8455,CAPiTA_Mothership_Austria:0.8455|SWS_Dubai:0.0429,,,,,,,25.5,0.9957,,79.0,0.8000,,116.16,0.9957,,7.3,0.8000,,30.2,0.9957,,,0.7197,,Bataleon,0.9957,,2x4_Inserts,0.9890,,Twin_3D_Twin,0.9977,,141_144_147_150_152_153W_154_156_156W_158_159W,0.9977,,2027_26_27_season,0.9978,,Mens,0.9957,,Bi_Axial_fiberglass_light_snappy_playful,0.9940,,Mens_Snowboard,0.9957,,10.0,0.8224,,0.0,0.7558,,,,,,,,,,,,,,Carbon_Stringers_fine_tune_feel,0.9940,,HyCap_full_cap_contact_PU_sidewalls_tip_tail,0.9977,,,,,Triple_Base_Technology_3BT,0.9957,,,,,Tri_Radial,0.9977,,,,,,,,,,,Evil_Twin_replacement_inferred,0.3002,,,,,0.75,0.8000,,,,,,,,,,,,,,,,,,,
iaMeuyGumd,Mervin_Manufacturing,Doughboy,,0.9369,Camber:0.9369|C3_Camber:0.0631,0.75,0.8000,,1349.99,0.9914,,0.8,0.8000,,Doughboy_195_2025-2026,0.9974,,Eco_Sublimated_TNT_Base,0.9974,,80.0,0.6000,,7.0,0.9738,7.0:0.9738|6.0:0.0262,2018,0.8000,,31.6,0.9974,,9.0,0.9974,,Intermediate-Advanced,0.5088,Intermediate-Advanced:0.5088|Advanced:0.4912,,,,0.8,0.8000,,Eco_Sublimated_Poly_Topsheet,0.8574,,Featured_rider_progressive_spin_missions,0.9923,,,,,Handmade_by_snowboarders_in_USA,0.8572,,,,,,,,,,,,,,,,,,,,,,,,0.9738,All_Mountain:0.9738|All_Mountain_Freeride:0.0262,Lib_Tech,0.9974,,2x4_Inserts,0.9906,,Directional_Twin,0.9790,Directional_Twin:0.9790|Symmetrical_shifted_stance:0.0210,185cm_only,0.9974,,2027,0.9974,,Mens,0.9811,,Tri-Ax_Glass_Magnesium_Techno_Fiber_Carbon,0.9922,,,,,,0.8500,,1.0,0.9790,1.0:0.9790|0.0:0.0210,,,,Zero_hazardous_waste_production,0.9742,,57.47,0.8000,,,,,High_magnesium_glass_fiber_rigidity_pop,0.8305,,Birch_Internal_Sidewalls_pop_durability,0.8574,,,,,Magne-Traction_serrated_edges,0.9985,,,,,,,,,,,Standard_2x4_insert_pattern,0.8800,,0.85,0.8000,,Doughboy_Shredder_HP_2019_195cm_C3_medium_stiff,0.8483,,135.0,0.9974,,,,,,,,,,,,,,,,,,,,,,
ilOyEW7S1w,Mervin_Manufacturing,TRS_Total_Ripper_Series,,0.9957,,0.75,0.8000,,818.99,0.8974,,0.8,0.8000,,Capita_Defenders_of_Awesome,0.8197,,Sintered_Knife_Cut_Double_Layer_UHMW,0.8502,,70.0,0.6000,,6.0,0.9581,6.0:0.9581|7.0:0.0419,2006,0.9406,,29.3,0.9940,,8.3,0.9940,,Advanced_Expert,0.7415,Advanced_Expert:0.7415|Intermediate_Advanced:0.1391|Intermediate_to_Pro:0.1194,1.0,0.8000,,0.7,0.7000,,Eco_Sublimated_Poly_Top,0.8974,,Phil_Hansen,0.8639,,,,,Carlsborg_Sequim_Washington_USA,0.8502,,0.7,0.7000,,2.5,0.8000,,25.3,0.9940,,80.0,0.6000,,,,,8.32,0.9940,,29.4,0.9940,,,0.9957,,Lib_Tech,0.9957,,2x4_inserts,0.8502,,Twin,0.5629,Twin:0.5629|Directional_Twin:0.4029|True_Twin:0.0342,154cm_157cm_159cm_162cm,0.9940,,2024-2025,0.9957,,,,,Triaxial_Biaxial_Fiberglass_Magnesium_Carbon,0.8974,,Snowboard,0.9957,,,0.8029,,0.5,0.9957,,0.2,0.8000,,FSC_certified,0.9940,,,,,0.9,0.9000,,Carbon_included_in_construction,0.9967,,Birch_Internal_6ply_Sidewalls,0.8974,,,,,Magne_Traction_7_serrations,0.8502,,1.8,0.8000,,,,,,,,,,,0.45,0.6000,,,,,117.0,0.9940,,,,,,,,,,,,,,,,,,,,0.95,0.8000,
j3m5ee1Otr,Mervin_Manufacturing,Finest,,0.8666,,0.75,0.8000,,539.99,0.9948,,0.6,0.6000,,Burton_Custom_CAPiTA_OSL_Yes_Greats_NS_Proto,0.8929,,Fast_tough_holds_wax,0.8381,,77.5,0.7097,65-90kg:0.7097|54-100kg:0.2903,6.0,0.8609,6.0:0.8609|7.0:0.1391,2020,0.9212,,29.7,0.9948,,8.05,0.7000,,Intermediate_to_Advanced_Expert,0.9742,,1.0,0.8386,,,,,Eco_Sublimated_Poly_Top,0.9606,,Max_Warbington,0.9974,,3120.0,0.9517,,Sequim_Washington_USA,0.9777,,0.6,0.9569,,,,,25.5,0.9948,,,,,,,,,,,,,,,0.9974,,GNU,0.9974,,2x4_insert_pattern,0.7964,,Asym_Twin,0.9948,,148_151_154_155W_157,0.6818,148_151_154_155W_157:0.6818|148_151_154_155W_157_159:0.3182,2024,0.9890,,Mens,0.9639,,Triaxial_Biaxial_glass,0.9630,,Snowboard,0.9974,,,0.9742,,0.0,0.9963,,0.7,0.8000,,Zero_hazardous_waste_production,0.9702,,63.5,0.9948,,0.8,0.8000,,,,,UHMW_with_soy_elastomer_5_wood_layers,0.9610,,0.8,0.7000,,Magne_Traction_7_serrations,0.9963,,3.2,0.8000,,,,,,,,,,,0.5,0.8000,,,,,116.0,0.9948,,,,,,,,81.1,0.9681,,,,,,,,,,,,,
jgzbzRwa7e,Burton_Snowboards_Burlington_VT,Family_Tree_Sketch_Artist,,0.9513,,0.85,0.7000,,1099.99,0.8689,,0.0,0.9000,,Jones_Hovercraft,0.9742,,Sintered_WFO_extra_absorbent_high_density,0.9122,,,,,7.5,0.4688,7.5:0.4688|6-9:0.3488|7+:0.1824,2026,0.8000,,,,,,,,Advanced-Expert,0.9039,Advanced-Expert:0.9039|Intermediate-Advanced:0.0499|Expert:0.0462,3.0,0.8000,,0.75,0.7000,,Peregrine_falcon_agility_speed_versatility,0.9803,,Dom_Berrini_cymatics_chladni_plates,0.8192,,2600,0.6000,,Austria_The_Mothership,0.8609,,0.85,0.9793,,8.0,0.8000,,,,,,,,,,,,,,,,,,0.9039,All_Mountain_Freeride:0.9039|All_Mountain_Powder:0.0961,Burton,0.9996,,The_Channel_all_brands_best_with_EST,0.9557,,Tapered_Directional_Twin,0.5165,Tapered_Directional_Twin:0.5165|Directional:0.4835,147_151_155_159_163cm,0.9991,,2025/2026,0.5897,2025/2026:0.5897|2027:0.4103,Unisex,0.9419,,45_degree_Carbon_Highlights_full_tip_to_tail,0.8534,,Snowboard,0.9969,,10.0,0.7699,,-12.5,0.9893,,0.4,0.8000,,Bio_based_resin_50pct_carbon_reduction,0.9349,,,,,0.45,0.8000,,Dualzone_EGD_perpendicular_wood_grain_edges,0.9194,,,,,0.85,0.8000,,,,,4.2,0.8000,,Progressive_tighter_radius_near_tail,0.9821,,18.0,0.9996,,,,,,,,,,,,,,0.8,0.7577,,0.2,0.8000,,,,,0.8,0.8000,,0.7,0.8000,,0.8,0.8000,,0.5,0.8000,
kK5whJk2Qz,K2_Sports_LLC_Seattle_WA,Excavator,,0.9945,,0.85,0.8000,,999.99,0.9963,,0.85,0.8000,,Lib_Tech_Orca,0.9548,,Wax_Infused_Sintered_4001_Crown,0.9945,,70.0,0.9945,,7.0,0.9981,7.0:0.9981|6.0:0.0019,2021,0.8000,,30.8,0.8000,,6.6,0.7000,,Intermediate_Advanced_Expert,0.9945,,,,,0.8,0.8000,,Textured_Topsheet_Bio_Resin,0.9945,,,,,,,,K2_Sports_China_factory,0.9315,,,,,,,,,,,77.0,0.8000,,115.0,0.9945,,6.8,0.8000,,31.4,0.8000,,,0.9975,,K2,0.9967,,2x4_Insert_packs,0.9945,,Directional,0.9975,,142_146_150_154_158_162cm,0.9945,,2027,0.9614,,Unisex,0.9945,,ICG_10_Biax_Carbon_Glass_90deg,0.9516,,Snowboard,0.9974,,,0.9994,,-19.0,0.9945,,0.5,0.8000,,,,,53.3,0.9945,,0.8,0.8000,,Carbon_Power_Fork_pre_cambered_tail,0.9923,,P_Tex_sidewall_capped_tip_tail,0.6562,,,,,,,,2.4,0.7000,,Dual_radius_sidecut,0.9945,,2.0,0.8000,,Any_binding_standard_or_mini_disc,0.6271,,,,,,,,,,,,,,,,,,,,,,,,,,,,,,,
kUWY84GtcP,Mervin_Manufacturing,Cold_Brew,,0.5182,Camber_Rocker_Camber_hybrid:0.5182|C2_Directional:0.4818,0.75,0.8000,75pct_Aspen_25pct_Paulownia:0.9514|75pct_Paulownia_25pct_Aspen:0.0486,899.99,0.6500,,0.5,0.6500,,Burton_Custom_more_aggressive_better_powder,0.4282,,Eco_Sublimated_TNT_Base_UHMW,0.6500,,60.0,0.6000,,6.0,0.6500,,2018,0.9854,,30.2,0.9957,,8.3,0.9957,,Beginner-Expert,0.7582,Beginner-Expert:0.7582|Intermediate-Advanced:0.1768|Beginner-Intermediate:0.0650,1.0,0.7436,,0.75,0.8000,,Eco_Sublimated_Poly_Topsheet,0.9090,,Tim_Zimmerman,0.9974,,,,,Handbuilt_in_USA_Sequim_WA,0.9952,,0.7,0.8000,,7.0,0.8000,,26.2,0.9957,,62.5,0.6000,,,,,8.4,0.9957,,30.35,0.8000,,,0.9483,All_Mountain_Directional:0.9483|All_Mountain_Freeride:0.0517,Lib_Tech,0.9974,,2x4_Inserts,0.6500,,Tapered_Directional,0.6500,,149_153_155W_157_158W_159_161_163W,0.9974,,2025-2026,0.9790,2025-2026:0.9790|2027:0.0210,Mens,0.5569,,Tri_Ax_Bi_Ax_Fiberglass,0.6500,,Snowboard,0.9974,,,0.9957,,1.5,0.9995,,0.4,0.8000,,FSC_certified,0.9957,,57.15,0.8000,,0.8,0.8000,,,,,Birch_Internal_Sidewalls,0.7436,,0.5,0.5000,,Magne_Traction_7_serrations,0.6500,,3.2,0.8000,,,,,3.0,0.9114,,,,,,,,,,,115.0,0.9957,,,,,0.2,0.8000,,,,,0.7,0.8000,,0.5,0.8000,,0.6,0.8000,,0.5,0.8000,
kW6Qaiptnt,,Megalight,,0.9974,,0.7,0.8000,,1349.99,0.9021,,0.0,0.9948,,Amplid_Souly_Grail_K2_Alchemist_United_Shapes_Cadet_Burton_Gril_Master_Jones_Flagship_Pro_etc,0.7946,Amplid_Souly_Grail_K2_Alchemist_United_Shapes_Cadet_Burton_Gril_Master_Jones_Flagship_Pro_etc:0.7946|Jones_Flagship_Jones_Carbon_Flagship_Rossignol_XV_Capita_Mega_Death:0.2054,N_12000_Graphite_race_grade_sintered,0.9974,,77.5,0.9974,,8.0,0.9964,,,,,29.0,0.9974,,7.8,0.9974,,Advanced,0.9021,,2.0,0.8000,2_year_extendable_to_3:0.9880|1_year:0.0120,,0.9827,,Matte_finish,0.9974,,,,,,,,,,,0.85,0.9827,,8.0,0.8000,,25.8,0.9974,,,,,119.0,0.9974,,,,,,,,,0.8354,Freeride:0.8354|Freeride-Powder:0.1224|All-Mountain:0.0421,Nidecker,0.9511,,2x4_Inserts,0.9974,,Tapered_Directional,0.9570,,152_158_164W,0.9996,,2027,0.9021,,Mens,0.8206,,,,,Snowboard,0.9511,,,0.9992,,30.0,0.9974,,0.7,0.6000,,,,,56.0,0.9974,,0.7,0.8000,,,,,,,,,,,,,,3.8,0.7000,,,,,14.0,0.9974,,Works_with_any_binding,0.8552,,,,,,,,109.0,0.9974,,,,,0.2,0.8000,,,,,0.8,0.8000,,0.8,0.8000,,0.7,0.8000,,0.7,0.8000,
kjVPKOzhx7,,Evil_Twin,,0.9964,,0.7,0.6000,,999.99,0.9991,,0.45,0.7000,,CAPiTA_DOA_both_great_similar,0.9524,,Hyper_Glide_S_sintered,0.8812,Hyper_Glide_S_sintered:0.8812|Ultra_Glide_S_premium_7000:0.1188,80.0,0.9974,,5.0,0.9974,,2003,0.9839,,29.4,0.9974,,8.03,0.9974,,Intermediate,0.9910,,3.0,0.8000,,0.85,0.8000,,,,,,,,,,,Austria_Elan_OEM_Feistritz,0.9999,,0.6,0.7000,,,,,25.3,0.9974,,84.0,0.8000,,120.2,0.9974,,8.09,0.9974,,29.7,0.8000,,,0.9544,,Bataleon,0.9952,,2x4_inserts_standard,0.9969,,True_Twin_symmetrical,0.9972,,151_154_157_159_156W_159W,0.9974,,2027,0.9950,,Mens,0.9963,,Tri_Ax_Laminate_three_way_fiberglass,0.9960,,Snowboard,0.9958,,10.0,0.9890,,0.0,0.9963,,0.6,0.8000,,,,,57.0,0.8000,,,,,Carbon_Stringers_fine_tune_flex_response,0.9940,,FlexWalls_poured_urethane_shock_absorption,0.9990,,0.7,0.7000,,,,,4.5,0.7000,,,,,,,,Standard_2x4_NOT_compatible_Burton_EST,0.9970,,,,,,,,,,,0.75,0.8000,,,,,4.6,0.9839,,,,,,,,,,,,,
kpBJB1Mqjg,Never_Summer_Manufacturing,Propaganda,,0.9974,,0.65,0.7000,,539.99,0.9892,,0.8,0.8000,,Zero_Camber_twin_park_medium_flex,0.7309,,Durasurf_Sintered_4501,0.9964,,67.5,0.8226,,6.5,0.9974,,2002,0.9681,,29.72,0.5455,29.72:0.5455|30.1:0.4545,7.35,0.6000,,Park_riders_beginners_to_advanced_jibbers,0.7330,,2.0,0.9865,,0.6,0.6000,,Poly_Thermo_Topsheet,0.9959,,,,,,,,USA_Never_Summer_Denver,0.9996,,,,,,,,25.5,0.5455,25.5:0.5455|25.1:0.4545,,,,125.0,0.9974,,,,,,,,,0.9959,,Academy_Snowboard_Co,0.9964,,Stainless_10mm_2x4_Inserts,0.9998,,True_Twin,0.9974,,146_149_152_156_154W_157W,0.9772,146_149_152_156_154W_157W:0.9772|152_156_only:0.0228,2025,0.9948,,Mens,0.7330,,Bi_Lite_Fibreglass,0.9959,,Snowboard,0.9016,,8.0,0.9912,,,,,0.5,0.8000,,,,,,,,0.65,0.7000,,,,,Sintered_P_Tex_Sidewall,0.9964,,0.65,0.7000,,Full_Wrap_Metal_Edges,0.9959,,,,,Vario_Power_Grip_Sidecut,0.9964,,,,,,,,0.85,0.8000,,,,,,,,,,,,,,,,,,,,,,,,,,,,
kq8LZfPKfP,Capita_MFG_GmbH_Core_Srl,Sidewinder,,0.9002,,0.65,0.7000,,999.99,0.9555,,0.5,0.8000,,Ride_Smokescreen_directional_carver_flex6_progressive,0.8360,,Quantum_Drive_Base_Die_Cut,0.9002,,72.0,0.9002,,5.5,0.5493,5.5:0.5493|5.0:0.4507,2027,0.9114,,30.95,0.9002,,6.6,0.7000,,Intermediate_to_Expert,0.6108,Intermediate_to_Expert:0.6108|Intermediate:0.3892,2.0,0.8000,,,,,PLT_Digital_Screen_Print_Metallic_Underlay,0.9002,,,,,,,,Handcrafted_at_The_MotherShip_Austria,0.9959,,,,,,,,25.6,0.9002,,78.5,0.8000,,120.1,0.9002,,6.75,0.8000,,31.25,0.8000,,,0.9002,,CAPiTA,0.9939,,2x4_Stainless_Steel_12_Pack,0.9503,,Tapered_Directional,0.9503,,153_156_159_162cm,0.9503,,2027,0.9939,,Mens,0.9202,,Biaxial_fiberglass_626g_Carbon_Aramid_Boosters,0.9503,,Snowboard,0.9030,,,0.5504,All_Mountain_Freeride_Powder:0.5504|Groomed_runs_soft_snow:0.4496,2.0,0.9503,,0.4,0.8000,,100pct_clean_energy_hydro_solar,0.9996,,55.9,0.9002,,0.8,0.7864,,2x20mm_Carbon_Aramid_Boosters,0.9002,,,,,,,,360_Degree_HRC48_Steel_Edges,0.8251,,2.0,0.7881,,Progressive_multi_radii,0.9002,,1.5,0.6000,,,,,,,,,,,,,,,,,,,,,,,,,,,,,,,,,,
l3KdglPtNM,Salomon_SAS_Amer_Sports,Kickback,,0.9998,,0.7,0.8000,,487.49,0.9839,,0.8,0.8000,,Burton_Process_Flying_V_best_beginner,0.7330,,Extruded_EG_harder_electra_glide,0.9967,,70.0,0.8002,,1.5,0.7000,,2025,0.5234,,29.7,0.8002,,8.0,0.8002,,Beginner_Intermediate,0.9963,,2.0,0.8000,,,,,,,,,,,,,,,,,,,,,,,25.2,0.9505,,,,,120.5,0.8002,,,,,,,,,0.9998,,Salomon,0.9999,,2x4,0.9505,,True_Twin,0.6496,,151_153_155_155W,0.8002,,2027,0.8002,,Mens,0.6496,,BA_MD_Biaxial_Medium_Density_Fiberglass,0.9966,,Mens_Freestyle_Snowboard,0.9998,,,0.9963,,,,,0.7,0.8000,,FSC_certified_high_density_Aspen,0.8750,,56.0,0.8002,,0.7,0.6098,,,,,ABS_Sidewalls_tough_dampening,0.5687,,0.6,0.6000,,Freestyle_Edge_Bevel_detuned_2deg_3deg,0.9967,,,,,EQ_Rad_straight_and_radial,0.9998,,,,,,,,,,,,,,,,,,,,,,,,,,,,,,,,,,,,,
l8lUN0Ynp4,Mervin_Manufacturing,Legitimizer,,0.9963,,0.65,0.7000,,629.99,0.9974,,0.6,0.7000,,Yes_Greats_Stone_Message_Yes_Basic_Ride_TwinPig_Burton_GoodCo_Ride_Benchwarmer_Capita_OSL,0.9793,,Eco_Sublimated_Sintered,0.5055,Eco_Sublimated_Sintered:0.5055|Eco_Sublimated_TNT:0.4945,75.0,0.6000,,5.5,0.9500,,2024,0.6000,,30.6,0.9971,,8.3,0.9971,,Intermediate_to_Advanced,0.9993,,1.0,0.8000,,0.5,0.6000,,Eco_Sublimated_Poly_Top,0.9501,,Brandon_Reis,0.9963,,2840.0,0.9777,,Sequim_Washington_USA,0.9933,,0.7,0.9793,,5.5,0.8000,,25.5,0.9971,,67.5,0.6000,,,,,8.3,0.9971,,29.6,0.8000,,,0.9963,,Lib_Tech,0.9963,,2x4_inserts,0.9200,,True_Twin,0.9963,,147_151_153W_154_156W_157,0.9636,147_151_153W_154_156W_157:0.9636|154_157_153W_156W:0.0364,,,,Mens,0.9620,,Triax_and_Biax_fibreglass,0.5799,Triax_and_Biax_fibreglass:0.5799|Biaxial_Basalt_Fiberglass:0.4201,Snowboard,0.9963,,,0.7004,Resort_Park_Streets:0.7004|Primarily_park_groomers_buttering:0.2627|Park_groomers_side_hits_all_mountain:0.0369,0.0,0.9997,,0.4,0.8000,,Zero_hazardous_waste_production,0.8114,,57.5,0.8000,,0.7,0.5385,Hard_Snow:0.5385|Adequate_on_icy_snow:0.4615,Original_Power_Construction,0.9948,,Birch,0.9200,,0.65,0.6000,,Magne_Traction_7_serrations,0.9701,,4.0,0.5051,4_out_of_5:0.5051|Medium_Fast:0.4419|Semi_Easy:0.0530,,,,,,,,,,0.7,0.5385,Good:0.5385|Chattery:0.4615,Box_Scratcher_shape_and_Box_Knife_camber_fused,0.9948,,117.0,0.9971,,,,,0.8,0.5385,Great:0.5385|3_5_out_of_5:0.4615,82.6,0.6576,82.6:0.6576|84.6:0.3424,0.5,0.5385,Average:0.5385|2_5_out_of_5:0.4615,0.8,0.5385,Great:0.5385|4_out_of_5:0.4615,0.7,0.8000,,0.7,0.8000,
lUy9sQQlyI,Rome_Snowboard_Design_Syndicate,Mens_Ravine,,0.9281,Free_The_Ride_Camber:0.9281|Hybrid_Positive:0.0719,0.7,0.8000,,999.99,0.9954,,0.5,0.8000,,GNU_Gremlin_579_95_stiffer_magne_traction_less_surfy,0.8181,,SinterStrong_Base_sintered_low_maintenance_fast,0.9840,,66.5,0.9840,,6.0,0.9839,6.0:0.9839|7.0:0.0161,2019,0.9278,,,,,,,,Advanced,0.9840,,2.0,0.8000,,0.7,0.7000,,,,,,,,2900.0,0.9405,,Titan_Factory,0.9660,,0.6,0.8000,,8.5,0.7000,,25.6,0.9840,,71.75,0.8000,,118.1,0.9840,,,,,,,,,0.9122,Freeride_Powder:0.9122|Freeride_Powder_All_Mountain:0.0878,Rome_Snowboard_Design_Syndicate,0.9890,,2x4,0.9840,,Tapered_Directional,0.9281,Tapered_Directional:0.9281|Directional:0.0719,158cm_159cm_Wide,0.9840,,2027,0.9840,,Mens,0.9840,,Triax_Fiberglass_three_angles_above_core,0.9840,,Snowboard,0.9840,,,0.9955,,15.0,0.8588,,0.6,0.8000,,,,,57.9,0.8000,,0.8,0.8000,,Double_Directional_Carbon_HotRod_two_rods_in_tail,0.9955,,,,,,,,No_Magne_Traction_or_added_edge_technology,0.8360,,2.8,0.6000,,Tri_Radial_Sidecut,0.9840,,7.5,0.9840,,,,,0.4,0.7000,,Rome_Ravine_Select_now_Ravine_Pro,0.9595,,,,,0.75,0.8000,,,,,87.2,0.9175,,,,,,,,0.75,0.6000,,,,
mIOTmmWeJc,Mervin_Manufacturing,Dynamo,,0.9980,,0.75,0.8000,,969.99,0.9311,,0.5,0.6199,,Korua_Otto_Jones_Frontier_Ride_Shadowban_Yes_Standard_Capita_BSOD_etc,0.9594,,Eco_Sublimated_TNT_UHMW_dual_layer,0.7635,,,,,7.0,0.6002,,2019,0.8000,,29.7,0.9772,29.7:0.9772|29.9:0.0228,8.1,0.9772,8.1:0.9772|8.3:0.0228,Intermediate_to_Advanced,0.9868,,1.0,0.9957,,0.9,0.8000,,Eco_Sublimated_Poly_Topsheet,0.7635,,Austen_Sweetin_and_Phil_Hansen,0.9997,,2880.0,0.9743,,Sequim_Carlsborg_Washington_USA,0.9996,,0.85,0.9726,,5.5,0.8000,,,,,,,,,,,,,,,,,,0.9959,,Lib_Tech,0.9999,,2x4,0.7635,,Tapered_Directional,0.9980,,150_153_156_156W_159_159W_162_162W_165W,0.9876,150_153_156_156W_159_159W_162_162W_165W:0.9876|156_159_159W_162:0.0124,2026-2027_Early_Release,0.9957,,Mens,0.7633,,Tri_Ax_Bi_Ax_Fiberglass,0.9015,,Snowboard,0.9957,,,0.9980,,1.0,0.9753,1.0:0.9753|0.5:0.0247,0.4,0.8000,,FSC_certified_wood_cores,0.9840,,,,,0.8,0.7000,,,,,Birch,0.7635,,,,,Magne_Traction_7_serrations,0.9997,,3.2,0.8000,,,,,3.0,0.9726,,,,,0.8,0.8000,,,,,111.0,0.9772,111.0:0.9772|115.0:0.0228,,,,0.5,0.8000,,82.2,0.9376,,0.8,0.8000,,0.8,0.8000,,0.95,0.9000,,,,
mp2sqTs0zG,CAPiTA_MFG,The_Outsiders,,0.9986,,0.75,0.8000,,769.99,0.9958,,0.5,0.6000,,NS_Photosynthesis_YES_Greats_Ride_TwinPig_Burton_GoodCo,0.9793,,Hyperdrive_sintered_UHMW_UHDPE,0.8632,,72.5,0.9937,,6.0,0.9579,,2014,0.9987,,29.9,0.9937,,8.1,0.9937,,Advanced_Expert,0.9307,Advanced_Expert:0.9307|Intermediate_Advanced:0.0693,2.0,0.8000,,0.75,0.8000,,PLT_Topsheet_no_solvents,0.7938,,Miles_Fallon_CAPiTA_AM,0.9466,,2580,0.6000,,Austria_The_Mothership,0.9590,,0.7,0.9827,,3.0,0.8000,,25.5,0.9937,,81.5,0.6000,,122.3,0.9937,,8.3,0.9937,,30.2,0.9937,,,0.9598,,CAPiTA,0.9975,,4x2_Stainless_Steel_Inserts,0.7882,,True_Twin,0.9953,,150_152_154_156_158cm,0.9939,,2025,0.9975,,Mens,0.9180,,Holysheet_Triaxial_top_Biaxial_bottom,0.9151,,Snowboard,0.9975,,,,,0.0,0.9937,,0.5,0.8000,,100pct_clean_energy_powered,0.7642,,55.5,0.9937,,0.5,0.7000,,Aramid_Body_Armor_vibration_dampening,0.9166,,Full_ABS1000_Sidewalls,0.7882,,0.6,0.6000,,360_Degree_HRC48_Steel_Edges,0.7882,,4.2,0.8000,,Radial_single_radius,0.8632,,,,,,,,,,,,,,,,,,,,0.7,0.8000,,83.0,0.9681,,0.7,0.8000,,0.8,0.8000,,0.8,0.8000,,0.7,0.8000,
mwzSjQjlXD,Nitro_AG_Hunenberg_Switzerland,Prime_Chroma_Cam_Out,,0.9406,,0.55,0.7000,,,,,,,,Prime_Raw_directional_same_core,0.9406,,Premium_Extruded_FH_Base,0.9406,,,,,5.0,0.9860,,,,,,,,,,,Beginner_Intermediate,0.9212,,,,,,,,,,,,,,,,,Taiwan_Playmaker_factory,0.7442,,,,,,,,,,,,,,,,,,,,,,,,0.8836,,Nitro_Snowboards,0.9989,,2x4_insert_pattern,0.9600,,Directional_Twin,0.9840,,149cm_152cm_155cm_158cm,0.8418,,2026_season_2025_2026,0.9436,,Mens,0.8418,,Bi_Lite_biaxial_fiberglass,0.9664,,Snowboard,0.8836,,,0.8475,,-1.5,0.9660,,,,,,,,,,,0.75,0.8000,,,,,ABS_Sidewalls_flexible_impact_resistant,0.7519,,0.7,0.7000,,Recycled_Steel_Edges_50pct,0.9660,,2.4,0.7000,,Radial_Sidecut_single_radius,0.9840,,,,,Compatible_2x4_and_channel_via_mini_disc,0.6395,,,,,Nitro_Prime_with_Flat_Out_Rocker,0.6114,,,,,0.6,0.5000,,,,,,,,,,,,,,,,,,,
nWkXQvNyD1,Mervin_Manufacturing,C_Money,,0.9948,,0.65,0.5781,Poplar_Paulownia:0.5781|Aspen_Paulownia:0.4219,524.99,0.9012,,0.65,0.6000,,Salomon_Huck_Knife,0.6452,,Knife_Cut_Co-Ex,0.4236,Knife_Cut_Co-Ex:0.4236|Sintered_Knife_Cut:0.3674|Eco_Sublimated_Co-Ex:0.2090,65.0,0.6000,,6.0,0.9198,6.0:0.9198|5.5:0.0736|5.0:0.0066,2024,0.8000,,29.6,0.9948,,8.2,0.9964,,Intermediate-Advanced,0.8101,,1.0,0.7875,,,,,Eco_Sublimated_Poly_Topsheet,0.7964,,Jay_Howell,0.9155,Jay_Howell:0.9155|Trevor_Yardley-Jones:0.0845,2780.0,0.9756,,Sequim_WA_USA,0.9808,,,,,,,,25.5,0.9948,,60.0,0.6000,,,,,8.2,0.9964,,29.8,0.9948,,,0.9948,,GNU,0.9948,,2x4_inserts,0.9964,,True_Twin,0.9554,,144_148_150W_152_154_154W_156_158W_159,0.9964,,2025,0.9375,,Mens,0.6399,,Tri-Axial_and_Bi-Axial_glass,0.9550,,Snowboard,0.9948,,,0.9923,,0.0,0.9964,,0.3,0.8000,,FSC_Certified,0.8386,,57.47,0.8000,,0.75,0.8000,,Tri-Ax_Bi-Ax_glass_with_carbon_power_bands,0.5814,,UHMW,0.8047,,0.8,0.6500,,Magne-Traction_7_serrations,0.9969,,,,,,,,,,,,,,0.3,0.8000,,,,,117.0,0.9964,,,,,,0.9639,,83.2,0.9639,,,0.9639,,,0.9639,,,,,,,
o0RF7pQM9h,Salomon_Amer_Sports_1947_Annecy,Assassin_Pro,,0.9997,,0.8,0.8000,,791.99,0.9974,,1.0,0.9914,,NS_Photosynthesis_Yes_Greats_Stone_Message_Yes_Basic_Ride_TwinPig_Burton_Good_Co_Yes_Typo,0.9579,,Sintered_EG_Base_gallium_electra,0.9981,,70.0,0.9958,,8.0,0.9940,,2017,0.8000,,29.1,0.9958,,7.7,0.9958,,Advanced_to_Expert,0.9976,,2.0,0.8000,,0.8,0.8000,,,,,Bode_Merrill,0.9974,,,,,,,,,,,,,,25.3,0.9958,,77.5,0.8000,,118.0,0.9958,,7.9,0.9958,,,,,,0.9979,,Salomon,0.9989,,2x4_Inserts,0.9408,,Directional_Twin,0.9986,,150_153_156_159_162_158W_163W,0.9572,,2026,0.9989,,Mens,0.9819,,BIAX_MD_medium_density_european_fiberglass,0.8348,,Snowboard,0.9987,,,0.9958,,2.0,0.9958,,0.7,0.7000,,30pct_plant_derived_molecular_structure,0.9620,,54.0,0.9958,,0.7,0.7000,,Ghost_Carbon_Beams_tip_tail_pop_stability,0.9428,,Gunslinger_Sidewalls_carbon_inlays_full_length,0.9998,,,,,,,,,,,Quadralizer_Sidecut,0.9981,,,,,,,,0.6,0.6000,,Salomon_Assassin_Classicks_2017,0.9906,,,,,1.0,0.9000,,,,,,,,,,,,,,,,,,,
oBtLH8dMk7,,Nightfall,,0.9480,EZ_Rocker:0.9480|Flat_Rocker:0.0520,0.4,0.8000,,399.99,0.9507,,0.0,0.9948,,Burton_Ripcord,0.8861,,Extruded,0.8702,,71.5,0.9014,,2.2,0.9963,,,,,29.4,0.9014,,8.7,0.9014,,Beginner_to_Intermediate,0.9972,,2.0,0.8000,,,,,Embossed,0.9431,Embossed:0.9431|Textured:0.0569,,,,,,,China,0.8059,,,,,,,,25.3,0.9014,,92.5,0.8000,,,,,9.3,0.9014,,29.7,0.9000,,,0.9305,,5th_Element,0.9963,,2x4_and_4x4,0.8300,,True_Twin,0.9980,,145_150_155_157_160_158W_160W_163W,0.9998,,2025_MY25,0.9566,,Mens,0.9602,Mens:0.9602|Unisex_Adults:0.0398,,,,Mens_snowboard,0.9963,,,0.7827,,0.0,0.9963,,0.6,0.7000,,,,,,,,,,,,,,Liquid_Sidewalls,0.7827,,0.55,0.5000,,,,,,,,,,,0.0,0.9963,,Standard_4x4_and_2x4_mounting,0.8300,,,,,,,,,,,,,,,,,,,,,,,,,,,,,,,
oWEDkCdJ99,,Surfer,,0.9495,Low_Camber:0.9495|Medium_Camber:0.0505,0.65,0.8000,,1799.99,0.9974,,1.0,0.9839,,Jones_Storm_Chaser_best_all_around_pow_more_slashable,0.9951,,Nano_Speed_S_sintered_ISOSPORT_7000,0.9494,Nano_Speed_S_sintered_ISOSPORT_7000:0.9494|Hyper_Glide_S_sintered_7000:0.0256|Ultra_Glide_S_sintered_7000:0.0249,77.0,0.9957,,4.0,0.9974,,2017,0.8000,,30.65,0.9957,,7.74,0.9957,,Intermediate_to_Advanced_Expert,0.9513,,3.0,0.8000,,0.75,0.7000,,Step_Down_Rails_Top_3D_reduces_weight,0.9940,,,,,3000.0,0.7774,,Austria_CAPiTA_Mothership,0.7483,Austria_CAPiTA_Mothership:0.7483|Asia_or_Saudi_Arabia:0.2517,,,,,,,25.9,0.9957,,87.0,0.8000,,123.3,0.9957,,7.89,0.9957,,31.35,0.8000,,,0.9921,,Bataleon,0.9974,,2x4_inserts,0.9009,,Tapered_Directional,0.9974,,149_154_159_162cm,0.9974,,2025_2026,0.9974,,Mens,0.9974,,Tri_Axial_Laminate,0.9974,,Snowboard,0.9974,,,0.8810,,1.5,0.6000,,,,,,,,55.0,0.8000,,,,,AirRide_core_additive_vibration_dampening,0.9630,,Urethane_Flex_Walls,0.9659,Urethane_Flex_Walls:0.9659|ABS_Solid_Walls:0.0341,,,,,,,,,,,,,2.8,0.9000,,,,,,,,,,,,,,0.75,0.8000,,,,,,,,,,,,,,,,,,,
oa21GQ68wW,,Afterblack,,0.9963,,0.85,0.8000,,879.99,0.9742,,0.8,0.8000,,Capita_DOA_YES_Typo_Ride_Algorythm_Nitro_Team,0.7431,,Sintered_4000,0.9997,,79.5,0.9964,,6.0,0.5670,6.0:0.5670|5.0:0.4330,2019,0.8000,,30.5,0.8000,,8.1,0.9964,,Intermediate_to_Advanced,0.8517,,3.0,0.9923,,0.6,0.6000,,Not_yet_detailed,0.6207,,Mark_Wilson_design_input,0.9954,,2600,0.3000,,Guangzhou_Province_China,0.9922,,,,,,,,,,,79.5,0.8000,,122.0,0.9964,,8.3,0.9964,,30.0,0.8000,,,0.9620,,K2,0.9963,,2x4_Inserts,0.8517,,True_Twin,0.9964,,149_151_154_156W_157_159W_160,0.9948,,2027,0.7229,,Mens,0.9948,,Triax_Glass_plus_Carbon_DarkWeb,0.9966,,Mens_snowboard,0.9963,,,0.8517,,0.0,0.9964,,,,,Sustainably_harvested_timber,0.6304,,53.0,0.9964,,0.75,0.6111,,Hybritech_construction,0.8326,,P_Tex_sidewall_capped_tip_tail,0.6005,,,,,,,,,,,,,,,,,,,,0.8,0.7000,,,,,,,,0.6,0.7000,,,,,,,,,,,,,,,,,,,
oelJQmX6Pt,Mervin_Manufacturing,Dynamo,,0.9936,C3_Directional:0.9936|Camber_Rocker_Camber_Hybrid:0.0064,0.75,0.8000,,969.99,0.9016,,,,,Yes_Pick_Your_Line_Burton_FA_Gnu_Mullair_Jones_Flagship_etc,0.9777,,Eco_Sublimated_TNT_Base,0.8208,,65.0,0.6000,,6.5,0.9944,6.5:0.9944|6.0:0.0056,2019,0.8000,,29.55,0.9962,,8.0,0.9962,,Advanced_to_Expert,0.8597,Advanced_to_Expert:0.8597|Intermediate_Advanced:0.1403,1.0,0.7861,,0.9,0.8000,,Eco_Sublimated_Poly_Topsheet,0.7861,,Austen_Sweetin_and_Phil_Hansen,0.9948,,2880.0,0.9931,,Carlsborg_Sequim_WA_USA,0.9985,,,,,,,,25.5,0.9962,,65.0,0.6000,,,,,8.1,0.9962,,,,,,0.9970,,Lib_Tech,0.9969,,2x4_Inserts,0.6519,,Tapered_Directional,0.9972,,150_153_156_159_162cm,0.9962,,2025-2026,0.9969,,Mens,0.8507,,Tri_Ax_Bi_Ax_Fiber,0.8819,,Snowboard,0.9985,,,0.8047,All_Mountain_Freeride:0.8047|Hard_snow_groomers:0.1609|Freestyle_All_Mountain_Freeride:0.0343,25.0,0.9962,,0.6,0.8000,,Renewable_core_water_based_solvents,0.7861,,57.47,0.8000,,0.8,0.8000,,,,,Birch_Internal_Sidewalls,0.7861,,0.65,0.6000,,Magne_Traction_7_bumps,0.9996,,3.5,0.7684,3_5_out_of_5_some_effort:0.7684|Fast_easy_eurocarves:0.2316,,,,3.0,0.9839,,,,,,,,,,,111.0,0.9962,,,,,,,,82.2,0.9839,,,,,,,,,,,,,
ogmLc4g28O,Mervin_Manufacturing,Lib_Rig,,0.9974,,0.75,0.7838,,1099.99,0.6300,,1.0,0.8427,,Amplid_Souly_Grail_YES_PYL_Korua_Otto_Ride_Algorythm_Capita_BSOD,0.9140,,Sintered_Knife_Cut_Base,0.7838,,80.0,0.6000,145lbs_65kg_plus:0.9677|70kg_plus:0.0323,7.0,0.9998,7.0:0.9998|6.0:0.0002,2023,0.8000,,29.85,0.9677,30.1_29.6cm:0.9677|30.0_29.5cm:0.0323,,,,Intermediate_Expert,0.6762,Intermediate_Expert:0.6762|Advanced_Expert:0.2561|Intermediate_Advanced:0.0676,1.0,0.7838,,0.5,0.5000,,Eco_Sublimated_Poly_Topsheet,0.7838,,Austen_Sweetin,0.9974,,2940.0,0.9315,,Sequim_Washington_USA_handbuilt,0.7820,,0.85,0.9548,,7.0,0.8000,,,,,,,,,,,,,,,,,,0.9974,,Lib_Tech,0.9974,,2x4_Inserts,0.6300,,Tapered_Directional,0.9974,,153_155_157_159_160W_162,0.9963,,2025-2026,0.9974,,Mens,0.9974,,Tri_Ax_Bi_Ax_Fiber,0.7838,,Snowboard,0.9974,,,0.9219,,4.4,0.9346,,0.3,0.8000,,FSC_certified_wood_cores,0.9660,,57.47,0.8000,,0.75,0.8000,,3way_fiber_increased_snap_decreased_vibrations,0.7838,,Birch_Internal_UHMW_Sintered_Sidewall,0.9388,,0.65,0.7000,,Magne_Traction_7_serrations_per_side,0.8081,,3.2,0.8000,,,,,5.0,0.9245,,,,,0.8,0.8000,,,,,105.0,0.9677,105.0:0.9677|107.0:0.0323,,,,0.5,0.8000,,83.2,0.9245,,0.8,0.8000,,0.8,0.8000,,0.7,0.8000,,0.7,0.8000,
pB1C3ZULQO,CAPiTA_MFG_GmbH,Mercury,,0.9627,Resort_V2_Directional_Flat_Kick:0.9627|Hybrid_Rocker_Camber_Rocker:0.0373,0.7,0.8000,,1149.99,0.9931,,0.8,0.8000,,Jones_MT_more_composed_directional_stronger_edge,0.8861,,Hyperdrive_sintered_UHMWPE,0.9996,,54.5,0.9738,90to150lb_41to68kg:0.9738|40to68kg:0.0262,6.5,0.9856,6.5:0.9856|6.0:0.0144,2016,0.9032,,29.9,0.9738,29.9:0.9738|29.8:0.0262,7.33,0.6000,5_radius_format_7.325_3_neg1.5_3_7.325:0.9738|3_radius_format_7.3_neg1.5_7.3:0.0262,Intermediate_to_advanced_expert,0.9018,,2.0,0.8000,,0.85,0.8000,,PLT_Topsheet_Technology,0.9940,,Kevin_Backstrom,0.9032,,2550,0.6000,,MotherShip_Austrian_Alps,0.8763,,0.8,0.8000,,6.5,0.7000,,,,,,,,,,,,,,30.6,0.9738,30.6:0.9738|30.5:0.0262,,0.9974,,CAPiTA,0.9974,,2x4_inserts,0.9992,,Directional_0.5in_setback,0.8411,Directional_0.5in_setback:0.8411|Directional_twin:0.1589,147_150_153_155_157_159_161_156W_158W_160W_162W,0.9974,,2026,0.9974,,Mens,0.9032,,Holysheet_Tri_Bi_fiberglass,0.9742,,Snowboard,0.9974,,,0.9839,,,,,0.5,0.8000,,B_Corp_Score_98.9,0.9974,,,,,0.85,0.8000,,4x25mm_CarbonFlax_Amplitex_Amplifier,0.9998,,ABS_sidewalls,0.6667,,,,,Stainless_steel,0.8360,,4.8,0.7000,,New_Age_Progressive_Death_Grip,0.9992,,0.0,0.9974,,Any_4x4_or_4x2_bindings,0.8360,,,,,Totally_FKn_Awesome,0.9639,,,,,,,,,,,87.3,0.9188,87.3:0.9188|89.9:0.0812,,,,0.8,0.7000,,,,,,,
pDmf5ennJv,Mervin_Manufacturing,T_Rice_Pro_Camber,,0.7758,Almost_full_camber_with_touch_of_early_rise:0.7758|Traditional_Camber:0.2242,0.75,0.8000,,935.99,0.9974,,0.8,0.8000,,Burton_Custom_Camber_475_96_excellent_carving,0.9317,,Eco_Sublimated_Sintered_Base_competition_ready,0.9974,,70.0,0.6000,,6.5,0.9239,6.5:0.9239|6.0:0.0761,2006.0,0.9793,,30.1,0.9974,,8.2,0.9974,,Advanced_to_expert,0.8903,Advanced_to_expert:0.8903|Intermediate_Advanced:0.1097,1.0,0.8000,,0.4,0.7000,,Eco_Sublimated_Poly_Topsheet,0.9001,,Travis_Rice,0.9974,,3000.0,0.9892,,Sequim_Washington_USA,0.9923,,,,,2.5,0.8000,,25.5,0.9974,,75.0,0.6000,,,,,8.3,0.9974,,30.2,0.9000,,,0.9999,,Lib_Tech,0.9974,,2x4_Inserts,0.9001,,True_Twin,0.9974,,155_157_159_161W,0.9974,,2025-2026,0.9974,,Mens,0.8150,,Triaxial_Biaxial_Fiberglass_Basalt_Alloy,0.8476,,Snowboard,0.9974,,,0.9001,,0.0,0.9974,,0.5,0.8000,,Zero_hazardous_waste_producing,0.9892,,57.47,0.8000,,0.8,0.7000,,Volcanic_fiber_from_basalt_strength_dampening,0.8333,,Birch_Internal_UHMW_Sintered_Sidewall,0.9001,,0.75,0.7000,,Magne_Traction_7_serrations_per_side,0.9692,,5.8,0.6522,Slow_for_width_prefers_straight:0.6522|Nice_easy_good_balance_quick_and_carving:0.3478,,,,,,,,,,0.7,0.7000,,,,,121.0,0.9974,,,,,0.6,0.7000,,85.6,0.9865,,,,,0.9,0.8000,,0.9,0.7000,,0.6,0.7000,
pRkSjnKwKK,Nitro_AG_Hunenberg_Switzerland,Banker,,0.9536,,0.65,0.7000,,999.0,0.8955,,0.5,0.8000,,Amplid_Souly_Grail_K2_Alchemist_Jones_Flagship_Pro_etc,0.9914,,Sintered_EcoSpeed_HD_Base,0.9300,,65.0,0.6000,,8.0,0.9508,,2019,0.8000,,29.6,0.9985,,7.15,0.7000,,Advanced_to_Expert,0.9286,,1.25,0.9285,,0.8,0.8000,,EcoGuard_Topsheet_90pct_recycled,0.9300,,Bryan_Fox_Tommy_Delago_Christy_Prior,0.9111,,2600,0.5000,,Austria,0.8435,,0.85,0.9914,,7.0,0.8000,,25.3,0.9210,25.3:0.9210|25.5:0.0790,75.0,0.6000,,,,,7.35,0.8000,,,,,,0.9300,,Nitro,0.9535,,2x4_Inserts,0.9948,,Directional,0.9536,,156_159_only,0.9875,156_159_only:0.9875|148_152_156_160:0.0125,2027,0.9300,,Unisex_for_2027,0.9111,,Bi_Lite_Laminates_two_direction_fibres,0.9985,,Snowboard,0.9535,,,0.9300,,-15.0,0.9985,,0.5,0.8000,,FSC_responsibly_sourced,0.9300,,54.0,0.8000,,0.7,0.8000,,,,,ABS_Sidewalls_35pct_recycled,0.9985,,0.7,0.7000,,Recycled_Steel_Edge_50pct,0.9985,,3.2,0.8000,,Progressive_Sidecut,0.9300,,0.3,0.6000,,Standard_or_mini_disk_bindings,0.8660,,,,,,,,112.0,0.9985,,,,,0.5,0.8000,,,,,0.8,0.8000,,0.8,0.8000,,0.8,0.8000,,0.7,0.8000,
piURfUDEJD,,Twinpig,,0.3506,Twin_Standard_Camber_more_rocker_than_camber:0.3506|Twin_Standard_Camber_more_camber_than_rocker:0.3220|Twin_Hybrid_Rocker:0.1672|Standard_Camber_extended_rocker_zones:0.1601,0.85,0.8000,,899.99,0.8203,,1.0,0.8623,,YES_Greats_carves_exceptionally_well,0.9878,,Sintered_Stone_Ground_4000_PTEX,0.9948,,88.5,0.8000,,4.0,0.5369,Medium_4_out_of_10:0.5369|Soft:0.4631,2019,0.9777,,32.8,0.9974,,,,,Beginner_Intermediate_Advanced,0.9940,,,,,0.85,0.9000,,Standard_Top_Sheet_durable_urethane,0.5623,Standard_Top_Sheet_durable_urethane:0.5623|Topless_Topsheet_graphics_on_fiberglass:0.4377,,,,2500,0.6000,Light_side_of_normal_for_width:0.6197|One_of_heaviest_felt_heavy:0.3803,China_production_RD_Seattle,0.9912,,,,,,,,27.0,0.9974,,86.2,0.8000,,114.8,0.9974,,,,,32.3,0.9000,,,0.8002,,Ride_Snowboards,0.9984,,2x4_inserts,0.8002,,Asymmetrical_Twin,0.9974,,136_142_148_151_154_156W_157cm,0.9974,,2027,0.9853,,Unisex,0.8321,,Hybrid_Glass_Triaxial_top_Biaxial_base,0.9556,,Snowboard,0.9984,,,0.9492,All_Mountain_Park:0.9492|Park_groomers_powder:0.0508,0.0,0.9974,,0.5,0.8000,,30pct_recycled_steel_materials,0.9948,,55.9,0.9974,,0.55,0.8000,,Double_Impact_Plates_urethane_weaves,0.9948,,Slim_Walls_3D_composite_Slimewall_urethane,0.9991,,0.9,0.8000,,Cleave_Edge_Steel_50pct_more_steel,0.9948,,5.0,0.7000,,Asymmetrical_Quadratic_Sidecut_three_radii,0.9948,,,,,Compatible_ReFlex_and_standard_disc,0.8121,,,,,,,,,,,,,,,,,81.1,0.9569,,0.5,0.6000,,0.8,0.7000,,,,,,,
pn8NiiLe60,Nitro_AG_Hunenberg_Switzerland,Mastercarve,,0.9836,,0.65,0.7000,,999.99,0.9839,,0.5,0.8000,,Korua_Cafe_Racer_flex7_directional_float_camber,0.9146,,Sintered_Extruded_HD_Base,0.9836,,75.0,0.6000,,9.0,0.9971,,2026,0.8000,,31.7,0.9836,,6.5,0.7000,,Advanced,0.9836,,2.0,0.9948,,0.85,0.8000,,EcoGuard_Topsheet_90pct_recycled,0.9836,,Bryan_Fox,0.9914,,,,,Playmaker_factory_Taiwan,0.9698,,,,,,,,,,,,,,,,,,,,,,,,0.9836,,Nitro,0.9991,,2x4_Inserts,0.9836,,Directional,0.9836,,159cm_only_single_size,0.9836,,2027,0.9836,,Mens,0.9836,,Tri_Lite_Laminates_3_directions,0.9836,,,,,,0.9836,,-1.5,0.9836,,,,,85_pct_post_industrial_Ptex,0.9836,,,,,,,,,,,ABS_Sidewall_flexible_impact_resistant,0.9836,,,,,Recycled_Steel_Edge,0.9836,,,,,Progressive_Sidecut,0.9836,,,,,,,,,,,Woodcarver_discontinued_after_2021_22,0.9091,,123.0,0.9836,,0.3,0.8000,,,,,,,,,,,,,,,,,,,
qDNHgycySn,Burton_Snowboards_founded_1977,Process_Flying_V,,0.7600,,0.9,0.7000,,879.99,0.7600,,0.6,0.5000,,Lib_Tech_TRS_user_switched_happy_except_jibbing,0.8358,,Durable_highly_porous_superior_wax_absorption,0.7767,,79.5,0.7600,,2.5,0.6310,2.5:0.6310|3.0:0.3690,2011,0.6000,,29.49,0.7600,,8.1,0.7600,,Intermediate,0.4202,Intermediate:0.4202|Intermediate_Expert:0.1895|Beginner_Intermediate:0.1526|Intermediate_to_Advanced:0.1468|Beginner:0.0908,,,,,,,,,,Mark_McMorris,0.9556,,,,,Austria_25plus_years_some_China,0.9434,,,,,,,,25.1,0.7600,,79.5,0.7600,,119.5,0.7600,,8.2,0.7600,,29.86,0.7600,,,0.5368,All_Mountain:0.5368|All_mountain_freestyle_twin:0.4632,Burton,0.9963,,The_Channel_2_slots_2_screws_infinite_stance,0.9510,,Twin_Twin,0.7600,,152_155_157_159_162W,0.7600,,2027,0.9635,,Mens,0.9195,Mens:0.9195|Man_Unisex:0.0805,Triax_fiberglass_above_below_core_3_layers_angled,0.9571,,Snowboard,0.9635,,,0.7600,,0.0,0.7600,,0.2,0.8000,,Certified_B_Corporation,0.9905,,56.0,0.7600,,0.45,0.8000,,Wood_grain_along_edges_two_unbroken_zones_perpendicular,0.7600,,,,,0.8,0.8000,,Frostbite_Edges_extend_under_bindings_hardpack_ice,0.7600,,1.8,0.8000,,,,,,,,Compatible_most_brands_best_with_EST,0.7600,,0.45,0.7000,,,,,,,,,,,,,,,,,,,,,,,,,,,,
qSB6gSCS0V,,Placebo,,0.9890,,0.65,0.8000,,959.99,0.9974,,0.75,0.6000,,CAPiTA_DOA_hybrid_camber_best_am_freestyle,0.9761,,Ultra_Glide_S_7000_grade_sintered,0.9950,,75.0,0.9948,,8.0,0.9940,,2027,0.8000,,29.7,0.9948,,6.9,0.8000,,Intermediate_Advanced,0.9890,,,,,,,,,,,,,,,,,Austria_CAPiTA_Mothership,0.9998,,,,,,,,25.1,0.9948,,81.0,0.8000,,118.9,0.9948,,7.1,0.8000,,30.1,0.9948,,,0.9950,,Bataleon,0.9975,,2x4_Inserts,0.9931,,Directional_Twin,0.9950,,153_156_159_162_160W_164W,0.6506,153_156_159_162_160W_164W:0.6506|149_153_159_160W_164W:0.2410|149_153_156_159_160W_162_164W:0.1084,2027,0.9994,,Mens,0.9742,,Traditional_two_way_weave,0.7386,Traditional_two_way_weave:0.7386|Tri_Ax_laminate:0.2614,Snowboard,0.9948,,,0.6471,Park_AllMountain_Powder_Freeride:0.6471|Park_Resort_Powder:0.3529,,,,0.2,0.7000,,,,,55.0,0.9948,,,,,Central_SuperTube_hollow_carbon_pop,0.9990,,FlexWalls_urethane_sidewalls,0.9932,,0.7,0.7000,,,,,,,,Tri_radial_size_specific,0.9890,,,,,Standard_2x4_inserts_compatible_all_major_brands,0.9890,,,,,Goliath_redesign_progression,0.9839,,,,,0.75,0.8000,,,,,,,,,,,,,,,,,,,
qgoFRGDtRP,Mervin_Manufacturing,Upgrade,,0.9922,,,,,999.99,0.8514,,1.0,0.9948,,Lib_Tech_Terrain_Wrecker,0.9639,,Eco_Sublimated_Sintered_Base,0.9219,,,,,6.0,0.6522,,2025,0.8000,,30.0,0.9598,30.0:0.9598|30.3:0.0402,7.6,0.8000,7.6/7.7/7.5m:0.9606|7.7/7.7/7.5m:0.0394,Intermediate,0.6822,,,,,,,,Eco_Sublimated_Poly_Topsheet,0.9219,,Jeff_Hendo_Henderson,0.9996,,2920.0,0.9827,,,,,,,,,,,,,,,,,,,,,,,,,,,0.9978,,GNU,0.9986,,2x4_Inserts,0.9036,,Directional_Twin,0.9982,,151cm_153cm_156cm_157W_159cm_160W,0.9984,,2025-2026_season,0.9986,,Mens,0.9317,,Tri_Axial_Bi_Axial_Glass,0.9043,,Snowboard,0.9986,,,0.9948,,0.75,0.9974,,,,,FSC_Certified_wood_cores,0.9877,,57.25,0.8000,,0.9,0.9000,,Carbon_Power_Bands,0.9974,,UHMW_Polyethylene,0.9336,,,,,,,,,,,,,,0.0,0.8000,,,,,0.6,0.6000,,GNU_Hyper_discontinued,0.9922,,,,,,,,,,,88.6,0.9785,,,,,,,,,,,,,
qx4DfZPcfO,,Cameleon,,0.9009,,0.75,0.8000,,1149.99,0.9974,,0.85,0.8000,,Capita_Navigator,0.9972,,Ultra_Glide_S_7000_grade_sintered,0.9977,,81.0,0.9974,,5.0,0.9961,5.0:0.9961|6.0:0.0039,2024,0.8000,,30.8,0.9974,,6.83,0.9974,,Intermediate_Expert,0.5154,Intermediate_Expert:0.5154|Intermediate_Advanced:0.4846,3.0,0.8000,,0.5,0.8000,,Step_Down_Rails_Top_3D,0.9977,,,,,2600,0.5000,,Austria_CAPiTA_Mothership,0.9970,,,,,,,,26.0,0.9974,,91.0,0.8000,,118.3,0.9974,,6.95,0.9997,,31.4,0.8000,,,0.5572,Directional_freeride_all_mountain:0.5572|Freeride_Powder:0.4429,Bataleon,0.9974,,2x4_24_inserts_stainless_steel,0.9976,,Tapered_Directional,0.9907,,149_153_157_161cm,0.9974,,2025/2026,0.9974,,Mens,0.6701,Mens:0.6701|Unisex:0.3299,Tri_Ax_Laminate_three_way_fiberglass,0.9977,,Snowboard,0.9974,,,0.9009,,,,,0.3,0.8000,,,,,57.0,0.8000,,,,,3BT_3D_base_shaping_catch_free_turns_float,0.7513,,Flex_Walls_urethane_poured,0.9977,,0.7,0.7000,,Triple_Base_Technology_3BT_edge_catch_reduction,0.9009,,2.5,0.7000,,,,,15.0,0.9661,,2x4_pattern_compatible_most_modern_bindings,0.7202,,0.75,0.8000,,Bataleon_Camel_Two,0.6677,,,,,,,,,,,83.0,0.6000,,,,,,,,,,,,,
r19U0PEwkn,Burton_Snowboards_founded_1977,Process,,0.8109,Hybrid_Camber:0.8109|PurePop_Camber:0.1891,0.8,0.7000,,703.99,0.9948,,1.0,0.9991,,Salomon_Assassin,0.8690,,Durable_highly_porous_superior_wax_absorption,0.9009,,79.5,0.9931,,6.0,0.3797,6.0:0.3797|5.0:0.2712|3.5:0.2110|6.5:0.1381,2011,0.6000,,29.49,0.9931,,8.1,0.9931,,Intermediate_Advanced,0.8230,Intermediate_Advanced:0.8230|Beginner_to_Advanced:0.0966|Beginner_Intermediate:0.0805,3.0,0.9974,,,0.7774,,Tiger_graphic_glow_in_dark_elements,0.7077,,Mark_McMorris,0.9602,,3100.0,0.9709,,Kiel_Nindl_GMBH_Austria,0.9777,,,,,,,,25.2,0.9931,,,,,121.5,0.9931,,,,,,,,,0.9535,,Burton,0.9984,,The_Channel_all_brands_compatible,0.9207,,True_Twin,0.9567,,152_155_157_159_162cm,0.9931,,2026,0.9984,,Mens,0.9948,,Triax_Fiberglass_45_45_0,0.9561,,Snowboard,0.9868,,10.0,0.8117,,12.5,0.5046,12.5:0.5046|0.0:0.4954,0.4,0.8000,,FSC_Certified,0.9999,,56.0,0.9931,,,,,Dualzone_EGD_Engineered_Grain_Direction,0.9207,,,,,0.7,0.7000,,Frostbite_Edges_extend_from_sidewall,0.9009,,4.0,0.9991,,,,,,,,Works_best_with_Burton_EST_bindings,0.7638,,0.25,0.8000,,,,,,,,1.0,0.8513,,,,,84.6,0.5000,84.6:0.5000|83.1:0.5000,,,,,,,,,,,,
rVu6J9pm3a,Mervin_Manufacturing,Facts,,0.9974,,0.7,0.8000,Poplar_Paulownia_G_Lite_1:0.9534|Aspen_Paulownia_G_Lite_1:0.0466,559.99,0.9200,,0.8,0.7731,,More_edge_grip_stability_via_Magne_Traction,0.6096,,Extruded_Knife_Cut_Co_Ex,0.8401,Extruded_Knife_Cut_Co_Ex:0.8401|Sintered_Knife_Cut_Co_Ex:0.1599,65.0,0.6000,,6.0,0.9630,6.0:0.9630|5.0:0.0318,2026,0.6918,,29.8,0.9963,,8.2,0.9963,,Beginner_Intermediate,0.9507,,1.0,0.9945,,0.8,0.8000,,Eco_Sublimated_Poly_Topsheet,0.9964,,Sam_Davidson_Anti_Hero,0.8092,,,,,Sequim_Carlsborg_Washington_USA,0.9995,,,,,,,,25.4,0.9963,,75.0,0.6000,,,,,8.3,0.9963,,30.2,0.9963,,,0.9974,,GNU,0.9974,,2x4_Inserts,0.9964,,Directional_Twin,0.9974,,147_150_153_156_156W_159_159W_162W,0.9974,,2026,0.9974,,Mens,0.9945,,Tri_Ax_Bi_Ax_Fiberglass,0.9964,,Snowboard,0.9974,,,0.9974,,0.75,0.9974,,0.2,0.4716,,Zero_hazardous_waste_factory,0.9933,,54.61,0.6000,,0.95,0.9000,,,,,UHMW_Polyethylene,0.9964,,0.75,0.7000,,Magne_Traction_7_serrations,0.9997,,,,,,,,,,,Bent_Metal_bindings_same_factory,0.5531,,,,,,,,119.0,0.9963,,,,,,,,,,,,,,,,,,,,,,
rnemYdm2f1,Mervin_Manufacturing,Skate_Banana,,0.9894,Continuous_Rocker:0.9894|OB_Original_Banana_Hybrid_Rocker:0.0106,0.75,0.8000,,539.99,0.6200,,0.0,0.9947,,Burton_Process_advanced_lightweight_twin,0.8136,,Eco_Sublimated_TNT_UHMW,0.9573,,45.0,0.6000,25kg_plus:0.8475|50_75kg:0.1525,4.5,0.6200,,2006,0.4490,2006_2007_season:0.4490|2007_2008_season:0.3629|2008:0.1881,28.8,0.6200,,8.3,0.6200,,Day_1_to_Advanced,0.6200,,1.0,0.8000,,0.5,0.6000,,Eco_Sublimated_Poly_Top,0.9356,,Ryan_Davis_jonnywavis,0.8640,,,,,Handbuilt_USA_Sequim_WA,0.9521,,0.5,0.8000,,5.5,0.8000,,25.5,0.6200,,,,,,,,,,,,,,,0.8139,Freestyle:0.8139|All_Mountain_Freestyle:0.1861,Lib_Tech,0.9506,,2x4_Inserts,0.6200,,Twin,0.9300,,150_152_154_156_159cm,0.6200,,2024_2023_2024_season,0.9506,,Mens,0.7084,,Tri_Ax_Bi_Ax_Fiber,0.9691,,Snowboard,0.6200,,,0.5404,All_Mountain_Freestyle:0.5404|Park_Resort_Backcountry:0.4596,0.0,0.9500,,0.4,0.8000,,Zero_hazardous_waste_production,0.9916,,60.96,0.6200,,0.8,0.8000,,,,,Birch_internal_sidewalls,0.9309,,0.75,0.7000,,Magne_Traction_7_serrations,0.9506,,3.8,0.7000,,,,,,,,Standard_2x4_mounting,0.6200,,,,,,,,117.0,0.6200,,,,,0.8,0.8000,,,,,0.5,0.8000,,0.5,0.8000,,0.2,0.9000,,0.7,0.8000,
rnwZw4kRkN,Salomon_SAS_Annecy_France,Pulse,,0.9986,,0.65,0.7000,,549.99,0.9948,,0.85,0.8000,,K2_Raygun_Yes_Basic_Rossignol_One_LF_Salomon_Sight_Ride_Agenda,0.5031,,Extruded,0.9963,,65.0,0.8802,,2.0,0.7464,2.0:0.7464|3.0:0.2536,2008,0.8000,,29.6,0.8802,,6.5,0.9963,,Beginner_Intermediate,0.9983,,2.0,0.9931,,0.8,0.8000,,UV_Protected_Gloss,0.5800,,,,,2350.0,0.9931,,,,,,,,,,,25.1,0.8802,,75.0,0.8000,,117.5,0.8802,,,,,30.0,0.8802,,,0.9983,,Salomon,0.9981,,4x2_Inserts,0.9981,,Directional_Twin,0.9986,,142_145_149_152_156_160_163_158W_162W,0.9981,,2024/2025,0.9948,,Mens,0.9963,,BIAX_LD_fiberglass_BA_LD_Glass,0.9977,,Snowboard,0.9986,,,0.9865,,1.0,0.6000,,0.1,0.7229,,FSC_Certified_Aspen_wood_core,0.6738,,,,,0.75,0.7000,,,,,ABS_Acrylonitrile_Butadiene_Styrene,0.6738,,0.7,0.7000,,Bite_Free_Edges,0.9948,,2.6,0.6000,,Radial,0.9976,,,,,,,,,,,Previous_Salomon_Pulse_models_since_2008_2009,0.8556,,,,,,,,,,,,,,,,,,,,,,,,,
s2T2yRY9iM,CAPiTA_Snowboards_C3_Worldwide,Defenders_of_Awesome_DOA,,0.9991,,0.75,0.8000,,999.99,0.9000,,0.6,0.6000,,YES_Greats_UnInc_asym_sidecut_midbite_stiffer,0.9953,,Quantum_Drive_sintered_UHMWPE,0.9992,,68.0,0.9554,54to82kg:0.9554|54to81kg:0.0446,5.5,0.9994,,2012,0.8000,,30.1,0.9554,30.1:0.9554|30.2:0.0446,8.2,0.9554,8.2:0.9554|8.1:0.0446,Intermediate_to_advanced,0.9970,,2.0,0.8912,,,,,PLT_Digital_Screen_Print_Metallic_Underlay,0.9991,,,,,,,,The_Mothership_Feistritz_Austria,0.9997,,0.65,0.8000,,2.0,0.8000,,,,,77.0,0.8000,63to91kg:0.9554|63to90kg:0.0446,123.4,0.9677,1234.0:0.9677|1233.0:0.0323,,,,,,,,0.9937,,CAPiTA,0.9980,,2x4_inserts,0.9500,,True_Twin,0.9994,,16_sizes_manufacturer,0.9804,16_sizes_manufacturer:0.9804|13_sizes_merchant:0.0196,2027,0.9265,,Mens,0.9552,,Hybrid_Carbon_HolySheet_BiAx,0.9991,,Snowboard,0.9500,,,0.9983,,0.0,0.9986,,,,,100pct_clean_energy_hydro_solar,0.9998,,55.9,0.9554,55.9:0.9554|58.4:0.0446,0.75,0.7000,,Carbon_Fiber_Boosters,0.9982,,Fortress_Aramid_Kevlar_Sidewalls,0.8948,,,,,,,,,,,Blended_Radial,0.9991,,0.0,0.9974,,All_standard_2x4_insert_bindings,0.9300,,0.5,0.7000,,,,,,,,,,,0.6,0.5000,,91.0,0.8000,,0.75,0.7000,,,,,,,,,,
sNXo66BiQz,,Warden,,0.9974,,0.45,0.8000,,829.99,0.9245,,1.0,0.9571,,CAPiTA_Mercury_NS_Trooper_LT_Terrain_Wrecker,0.9548,,High_end_durable_extruded_base,0.8367,,71.8,0.7100,,5.0,0.9974,,2019,0.8000,,,,,,,,Intermediate_to_advanced_quiver_killer,0.9548,,2.0,0.8000,,0.75,0.8000,,,,,,,,3240.0,0.9554,,,,,,,,1.5,0.8000,,25.2,0.7100,,,,,120.4,0.7100,,,,,,,,,0.9974,,Rome,0.9998,,2x4_Inserts,0.7100,,Directional_Twin,0.9974,,151_154_157_158W_160_161W,0.9727,151_154_157_158W_160_161W:0.9727|154_157_158W_161W:0.0273,2027,0.9245,,Mens,0.9926,,Triax_Upper_Biax_Lower,0.9684,Triax_Upper_Biax_Lower:0.9684|Biax_Upper_Biax_Lower:0.0316,Snowboard,0.9926,,,0.7100,,0.0,0.9449,,0.2,0.6985,,,,,55.3,0.7000,,0.75,0.8000,,Twin_Single_Bamboo_HotRod,0.9963,,,,,0.75,0.6714,,,,,2.4,0.7000,,Radial_Sidecut,0.9971,,0.0,0.7100,,,,,,,,,,,,,,0.75,0.8000,,,,,87.3,0.9519,,0.6,0.7000,,,,,,,,,,
sdDOE7560R,CAPiTA_Snowboards_Capita_MFG_GmbH,Pathfinder,,0.9581,,0.6,0.7000,,799.99,0.9000,,1.0,0.9742,,Rome_Mechanic_more_planted_pathfinder_snappier,0.9569,,Sintruded_sintered_extruded_hybrid,0.7726,,68.0,0.5000,54-82kg:0.5000|54-81kg:0.5000,4.0,0.9000,,,,,30.3,0.9500,,7.9,0.9500,,Beginner,0.9000,,2.0,0.9974,,0.75,0.7726,,Metallic_Screen_and_Gloss_Matte_Print,0.9000,,,,,6000,0.6000,,Handcrafted_in_Austria_at_The_MotherShip,0.9974,,0.3,0.8000,,5.0,0.7000,,25.6,0.9500,,77.0,0.5000,63-91kg:0.5000|63-90kg:0.5000,123.5,0.5000,1235.0:0.5000|1234.0:0.5000,8.0,0.9500,,30.5,0.9500,,,0.9000,,CAPiTA,0.9974,,2x4_Inserts,0.9000,,True_Twin_symmetrical,0.9500,,151_153_155_157cm,0.9000,,2026,0.5000,2026:0.5000|2027:0.5000,Mens,0.5500,Mens:0.5500|Unisex:0.4500,Special_Blend_Fiberglass_biaxial,0.9592,,Snowboard,0.9500,,,0.9000,,0.0,0.9000,,0.3,0.8000,,Certified_B_Corporation,0.9940,,55.9,0.9948,,,,,,,,,,,0.7,0.7000,,Bitter_End_Deflection_Tuning,0.8012,,2.0,0.8000,,Radial_single_radius,0.9579,,0.0,0.8500,,2x4_insert_compatible_most_modern_bindings,0.9000,,0.15,0.9000,,Horrorscope_series,0.9986,,,,,,,,0.85,0.8000,,,,,,,,,0.9681,,,,,,,
spP1v7GA81,Nitro_AG_Hunenberg_Switzerland,Nitro_x_Inter_Snowboard,,0.9940,,0.6,0.7000,,899.99,0.8111,,0.9,0.9000,,Burton_Custom_Camber_679_95,0.9699,,Sintered_EcoSpeed_HD,0.9940,,70.0,0.9940,,7.0,0.9963,,,,,29.5,0.9940,,7.3,0.8000,,Intermediate,0.9868,,2.0,0.9882,,0.75,0.8000,,Water_based_inks,0.9996,,Ludvig_Billtoft_Yuto_Yamada_Nils_Arvidsson,0.7116,,,,,,,,,,,3.5,0.7000,,25.0,0.9940,,70.0,0.8000,60_to_80kg:0.9554|65_to_85kg:0.0446,,,,7.3,0.8000,11.3_7.3_11.3:0.9554|11.7_7.3_11.7:0.0446,29.5,0.9000,295.0:0.9554|297.0:0.0446,,0.9940,,Nitro_Snowboards,0.9994,,2x4_inserts,0.9868,,Directional_Twin,0.9940,,152_155_157_159cm,0.9999,,2026,0.8676,,Mens,0.9868,,Bi_Lite_Laminates_two_direction_fibres,0.9963,,Snowboard,0.9940,,10.0,0.9940,,15.0,0.9963,,,,,100pct_solar_powered_700KW,0.9996,,54.0,0.8000,,,,,,,,ABS_35pct_recycled_polymers,0.9940,,,,,50pct_recycled_steel_durable,0.9940,,,,,Dual_Degressive,0.9940,,,,,,,,,,,,,,117.0,0.9940,,,,,,,,,,,0.7,0.7000,,,,,,,,,,
t3UScMTGDP,Burton_Snowboards_Burlington_VT,Custom_Flying_V,,0.9583,,0.9,0.9000,,699.99,0.9300,,0.9,0.9000,,Jones_MT_LibTech_TRP_NS_PT2_Capita_Mercury_Yes_Std_Burton_FA_Sal_Assassin,0.9848,,Sintered_WFO,0.9508,,79.5,0.9000,,4.5,0.9000,,,,,29.4,0.9000,,7.8,0.9000,,Beginner_Expert,0.7403,Beginner_Expert:0.7403|Intermediate_Expert:0.1333|Novice_Expert:0.1264,3.0,0.8000,,0.65,0.7000,,,,,,,,2600,0.6000,,China,0.8854,,0.5,0.8000,,5.5,0.8000,,25.2,0.9000,,79.5,0.8000,,119.5,0.9000,,7.9,0.9000,,29.7,0.9000,,,0.9965,,Burton,0.9974,,The_Channel,0.9508,,Twinish,0.7552,Twinish:0.7552|Directional:0.2448,150_154_156_158_162_154W_158W_162W_166W,0.9300,,2025,0.9960,,Mens,0.9923,,,,,Snowboard_deck_only,0.9016,,,0.9000,,-1.25,0.9000,,0.6,0.7000,,Certified_B_Corporation,0.9756,,53.0,0.9000,,0.5,0.7000,,Pro_Tip_tapered_tips,0.9311,,,,,0.65,0.6000,,Frostbite_Edges,0.9357,,3.2,0.8000,,,,,,,,The_Channel_all_major_bindings,0.5561,The_Channel_all_major_bindings:0.5561|Burton_EST_specific:0.4439,,,,,,,,,,0.8,0.8000,,0.7,0.8000,,,,,0.7,0.8000,,0.7,0.8000,,0.6,0.8000,,0.5,0.8000,
tBtg11GZkI,Mervin_Manufacturing,Riders_Choice,,0.9985,,0.95,0.9000,,879.99,0.9931,,0.9,0.9000,,Never_Summer_Proto_Synthesis_Burton_Custom_Flying_V,0.9231,,Sintered_Knife_Cut_Base,0.9278,,80.0,0.6000,,6.25,0.9637,5.5_to_7.0:0.9637|5.0:0.0363,2005,0.6000,,29.9,0.9978,,8.0,0.7000,,Intermediate_to_Advanced,0.9306,,,,,0.75,0.8000,,Eco_Sublimated_Bio_Beans_Topsheet,0.8500,,Mathieu_Crepel_Blake_Paul_Max_Gus_Warbington,0.9830,,3080.0,0.9890,,Sequim_Washington_USA,0.9930,,,,,7.5,0.7000,,,,,,,,,,,,,,,,,,0.7237,Freestyle_All_Mountain:0.7237|All_Mountain_Freestyle:0.2763,GNU,0.9986,,2x4_Inserts,0.9985,,Asym_Twin,0.9985,,151.5_154.5_155W_157.5_158W_159.5_161.5_162W,0.9677,151.5_154.5_155W_157.5_158W_159.5_161.5_162W:0.9677|154.5_157.5_155W_158W:0.0323,2026,0.9974,,Mens,0.9783,,Tri_Ax_Bi_Ax_plus_Carbon_Power_Bands,0.8000,,Snowboard,0.9985,,,0.9458,Freestyle_All_Mountain:0.9458|Park_groomers_powder_all_mountain:0.0542,0.0,0.9985,,0.6,0.8000,,Zero_hazardous_waste_manufacturing,0.9988,,57.47,0.8000,,0.8,0.7000,,Carbon_Power_Bands_pop_response_lifespan,0.8500,,UHMW_Ultra_High_Molecular_Weight_Polyethylene,0.8500,,,,,Magne_Traction_7_serrations,0.9986,,1.9,0.8000,,,,,,,,Union_Force_Burton_Cartel_medium_flex,0.9533,,0.6,0.6000,6_of_10_chattery_damp:0.6000|Minimal_chatter_at_high_speed:0.4000,,,,119.0,0.9978,,,,,,0.9839,,88.3,0.9914,,,0.9839,,,0.9839,,0.25,0.7000,,,,
tGr1O7bwpu,Burton_Snowboards,Family_Tree_High_Fidelity,,0.8656,,0.8,0.7000,,1099.99,0.9974,,0.9,0.9000,,Amplid_Souly_Grail_K2_Alchemist_YES_PYL_Uninc_Weston_Backwoods_United_Shapes_Cadet_Burton_Gril_Master_Jones_Flagship_Pro,0.9579,,Sintered_WFO,0.8983,,79.5,0.9963,,7.5,0.9642,,2025,0.8000,,29.0,0.9963,,7.8,0.9963,,Intermediate_Advanced,0.9836,,3.0,0.8000,,0.5,0.6000,,Bird_themed_vulture_graphic,0.9948,,Ben_Ferguson_and_Kimmy_Fasani,0.7780,,2450,0.6000,,Austria_Keil_factory,0.9974,,0.85,0.8000,,8.0,0.8000,,24.8,0.9963,,,,,112.0,0.9963,,,,,,,,,0.8656,,Burton,0.9985,,The_Channel,0.8344,,Tapered_Directional_Freeride,0.9609,,154_158_162cm,0.9974,,2026,0.9985,,Unisex,0.8621,,45_degree_Carbon_Highlights,0.8983,,Snowboard,0.9985,,,0.9948,,-25.0,0.9963,,0.5,0.8000,,B_Corporation,0.9579,,56.0,0.7000,,0.5,0.7000,,,,,,,,0.7,0.7000,,,,,3.8,0.7000,,,,,7.0,0.9985,,All_major_brands_EST_optimized,0.8344,,,,,,,,,,,,,,0.2,0.8000,,,,,0.8,0.7000,,0.8,0.6000,,0.8,0.8000,,0.7,0.8000,
tyCoQ9A7Bi,Salomon_SAS_Amer_Sports,HPS_Sickstick_Hillside_Project_Series,,0.9614,Rock_Out_Camber:0.9614|Rocker_Camber_Rocker_hybrid:0.0386,0.75,0.6953,Ghost_Green_Core_Paulownia:0.6953|Aspen_Paulownia:0.3047,664.99,0.9974,,1.0,0.9970,,Ride_Warpig_excellent_value_alternative,0.9800,,Sintered_EG_Gallium_Electra_Fine_Stone,0.9836,,67.5,0.9931,,6.0,0.8420,Medium:0.8420|Progressive_stiffens_deeper:0.0964|Responsive_stiff:0.0616,2007.0,0.9974,,29.4,0.9950,,,,,Intermediate_to_Advanced_Expert,0.9908,,,,,0.65,0.7000,,Clean_natural_wood_bamboo_visible_good_looking,0.9917,,Wolle_Nyvelt,0.9868,,,,,Amer_Sports_factories_Taiwan_China,0.7097,,,,,,,,25.8,0.9950,,77.5,0.8000,,114.2,0.9950,,,,,30.0,0.8000,,,0.9703,All_Mountain_Freeride_Powder:0.9703|Freestyle_powder_hybrid:0.0297,Salomon,0.9975,,2x4_inserts,0.9742,,Tapered_Twin,0.9975,,145_149_153_156_159_163cm,0.9931,,2025_Season_2024_2025,0.9890,,Unisex,0.9766,Unisex:0.9766|Mens:0.0234,BA_MD_Glass_biaxial_medium_density,0.9836,,Snowboard,0.9974,,,0.9981,,0.0,0.9958,,,,,30pct_bio_based_resin,0.9620,,,,,0.8,0.8000,,Reduces_fiberglass_resin_40pct,0.9539,,ABC_Wrapper_bamboo_cork,0.9987,,,,,All_Mountain_Edge_Bevel,0.9620,,2.3,0.7000,,Quadralizer_Sidecut,0.9991,,1.1,0.7404,2_to_20mm:0.7404|10_to_12mm:0.2596,,,,0.8,0.7000,,,,,,,,1.0,0.9000,,,,,,,,,,,,,,,,,,,
u89bIG1J6F,,Flagship,,0.9958,,0.85,0.8000,Power_Core_triple_density_bamboo_paulownia_poplar:0.8600|Control_Core_dual_density_paulownia_poplar:0.1400,1299.99,0.9958,,0.55,0.7000,,Amplid_Souly_Grail_K2_Alchemist_YES_PYL_Weston_Cardiff_United,0.9571,,Sintered_9900,0.7838,Sintered_9900:0.7838|Sintered_8000:0.2162,65.5,0.9958,,8.0,0.9555,,2010,0.7812,,28.5,0.9958,,7.9,0.9958,,Intermediate_Advanced,0.9958,,2.0,0.8000,,0.65,0.7000,,Ash_Wood_Veneer_lightweight_damp,0.9948,,,,,2900.0,0.9781,,SWS_factory_Dubai_UAE,0.7382,,,,,8.0,0.8000,,24.6,0.9958,,75.0,0.8000,,114.2,0.9958,,9.1,0.9958,,,,,,0.9958,,Jones_Snowboards,0.9974,,2x4_Inserts,0.9958,,Tapered_Directional,0.9963,,151_154_156W_158_159W_161_162W_164_165W_167_169W_172,0.9968,,2027,0.9245,,Mens,0.9887,,Triax_Fiberglass_triple_layer_multi_axis,0.9958,,Freeride_snowboard,0.8571,,,0.9958,,20.0,0.9958,,0.6,0.8000,,Fair_Trade_Certified_industry_first,0.9449,,56.0,0.9958,,0.65,0.8000,,BComp_Carbon_Flax_Stringer_Bio_Resin,0.9937,,Recycled_ABS_round_finish,0.9937,,0.8,0.8000,,Traction_Tech_3_0_three_contact_points,0.9511,,3.2,0.8000,,,,,12.0,0.9937,,,,,,,,,,,,,,,,,0.2,0.8000,,,,,0.9,0.7141,,0.7,0.8000,,0.7,0.8000,,0.7,0.8000,
uQdTbVcuYt,,Indoor_Survival,,0.9974,,0.7,0.7923,,1099.99,0.9684,,0.5,0.8000,,Bataleon_ET_CAPiTA_DOA_Mercury_Jones_MT_YES_NSB_etc,0.9587,,Quantum_Drive_sintered_UHMW,0.9219,,72.5,0.7100,,4.5,0.9712,4.5:0.9712|5.0:0.0288,2009,0.6000,,29.2,0.7100,,7.7,0.7000,,Intermediate_to_Advanced,0.8674,,2.0,0.8000,,0.6,0.7000,,PLT_Technology_lacquer_free,0.8856,,Chris_Grenier,0.9571,,2450,0.6000,,Austria_MotherShip_Feistritz,0.9964,,0.85,0.9219,,4.5,0.7000,,25.8,0.7100,,76.5,0.7100,,121.1,0.7100,,,,,,,,,0.9315,,CAPiTA,0.9963,,2x4_Stainless_Steel_Inserts,0.9534,,True_Twin,0.9974,,150_152_154_156_158_155W_158W_161W,0.7100,,2027,0.9315,,Mens,0.9315,,HolySheet_Triax_top_Biax_bottom,0.7381,,Snowboard,0.9963,,,0.9969,,0.0,0.9896,,0.5,0.8000,,100pct_clean_energy_hydro_solar,0.9840,,55.9,0.7100,,0.7,0.8000,,Full_length_Titanal_Centerline_Booster,0.7868,Full_length_Titanal_Centerline_Booster:0.7868|2x_30mm_Carbon_Beams:0.2132,Full_ABS1000_sidewalls,0.8302,,0.75,0.8000,,Reverse_sidecut_arc_midsection_pressure_edge_control,0.7923,,1.8,0.7000,,New_Age_Radial_Death_Grip,0.9974,,,,,Standard_2x4_all_major_brands,0.7100,,0.7,0.8000,,,,,,,,,,,0.7,0.8000,,79.7,0.8856,,0.7,0.8000,,0.9,0.8000,,0.8,0.8000,,0.8,0.8000,
uZ3Xf52G0y,Core_SrL_C3_Worldwide,Spring_Break_Slush_Slashers_2.0,,0.9969,,0.6,0.7000,,799.99,0.9575,,1.0,0.9992,,Gentemstick_Mantaray_Yes_Hybrid_Jones_Hovercraft_Lib_Tech_Orca_etc,0.9594,,SuperDrive_sintruded,0.9969,,93.0,0.8176,82-104kg:0.8176|77-99kg:0.1824,4.0,0.9969,,2017,0.9466,,31.75,0.9969,,7.6,0.9969,,,,,2.0,0.8000,,,0.9278,,PLT_Topsheet_Technology,0.9517,,Corey_Smith,0.9569,,2350,0.6000,,MotherShip_Feistritz_Austria,0.9974,,0.8,0.7000,,6.5,0.6000,,26.6,0.9969,,,,,129.0,0.9969,,,,,,,,,0.9969,,CAPiTA,0.9974,,Stainless_Steel_4x2_Inserts,0.9219,,Directional,0.9969,,143_147_151_155cm,0.8182,143_147_151_155cm:0.8182|147_151_155cm:0.1818,2027,0.9777,,Mens,0.9376,,Special_Blend_Fiberglass_Magic_Bean_Resin,0.9969,,Snowboard,0.9974,,,0.9376,,,,,0.3,0.8000,,Certified_B_Corp_score_98.9,0.9865,,58.4,0.8000,,0.6,0.8000,,Ultralight_alloy_cruiser_style_skid_plate,0.9517,,,,,0.85,0.8000,,Inlaid_Alloy_Skid_Plate,0.9969,,2.4,0.7000,,Radial_single_radius,0.9969,,3.5,0.8000,,,,,0.75,0.7000,,,,,,,,,,,,,,,,,0.3,0.8000,,,,,,,,,,
uatICKHOOX,,Sleepwalker,,0.9993,,0.7,0.8000,,559.99,0.9963,,0.4,0.7000,,CAPiTA_DOA_poppy_predictable_safest_park_rec,0.7743,,sintered_bm,0.9982,,70.0,0.9948,,3.0,0.9948,,2017,0.8000,,29.7,0.9948,,8.0,0.9948,,Beginner_Intermediate,0.4878,Beginner_Intermediate:0.4878|Intermediate_Advanced:0.4310|Beginner_Intermediate_Advanced:0.0812,,,,0.8,0.8000,,Mad_scientists_electrifying_mishap,0.6562,,Tommy_Gesme,0.9993,,,,,Austria_Bulgaria_France_Finland_Canada_US,0.9660,,,,,,,,25.2,0.9948,,77.5,0.8000,,120.5,0.9948,,8.2,0.9948,,29.9,0.9948,,,0.9993,,Salomon,0.9993,,2x4_inserts,0.9968,,True_Twin,0.9993,,151_153_155_158_155W_158W,0.5185,151_153_155_158_155W_158W:0.5185|148_151_153_155_158_155W_158W:0.4815,2026,0.9993,,Mens,0.7036,,BA_MD_Biaxial_Medium_Density_fiberglass,0.9608,,Snowboard,0.9685,,,0.9972,,0.0,0.9548,,0.4,0.5338,,FSC_certified_wood_plus_30pct_bio_resin,0.9970,,56.0,0.9948,,0.65,0.6000,,Popster_milled_core_for_natural_flex_and_pop,0.9803,,ABS_Sidewalls_with_Royal_Rubber_Pads,0.9589,,0.8,0.8000,,Freestyle_Edge_Bevel,0.9968,,,,,EQ_Rad_Sidecut,0.9993,,,,,,,,0.8,0.7000,,,,,,,,1.0,0.9000,,,,,,,,,,,,,,,,,,,
ucB8HlcFGp,Salomon_SAS_Annecy_France,Pulse,,0.9957,,0.55,0.8000,,599.99,0.9278,,1.0,0.9940,,K2_Raygun_Burton_Instigator_Nitro_Prime_Yes_Basic_Rossignol_OneLF,0.9870,,Extruded,0.9940,,65.0,0.7206,,2.0,0.7207,,2009,0.4620,,29.6,0.7805,,6.5,0.9940,,Beginner_Intermediate,0.9940,,,,,0.8,0.8000,,UV_Protected_Gloss,0.5886,,,,,2350,0.9000,,,,,,,,,,,25.1,0.9503,,75.0,0.7206,,117.5,0.9503,,,,,30.0,0.7805,,,0.9940,,Salomon,0.9940,,4x2_Inserts,0.9940,,Directional_Twin,0.9957,,142_145_149_152_156_160_163_158W_162W,0.9940,,2026,0.9940,,Mens,0.7806,,BA_LD_Biaxial_Low_Density_fiberglass,0.9967,,Snowboard,0.9940,,,0.8125,All_Mountain_Freestyle:0.8125|Groomed_runs_all_mountain_resort:0.1875,10.0,0.7806,,0.1,0.4836,,FSC_Certified_Wood_Core,0.9550,,55.0,0.7000,,0.55,0.5112,,High_density_birch_binding_area_insert_retention,0.9940,,ABS,0.9993,,,,,BiteFree,0.9940,,2.6,0.7000,,Radial,0.9940,,,,,S_M,0.9940,,0.2,0.8000,,,,,,,,,,,,,,,,,,,,,,,,,,,,
uovZzGxoNC,Amsterdam_Netherlands_Low_Pressure_Studio,Turbo,,0.8833,Medium_Camber_with_3BT_and_SideKick:0.8833|High_Camber:0.1167,0.75,0.7000,,919.99,0.9974,,0.3,0.7000,,Burton_Custom_X_1_Capita_Mega_Merc_2_YES_Standard_3_Turbo_4,0.9252,,Ultra_Glide_S_7000_grade_sintered,0.9888,Ultra_Glide_S_7000_grade_sintered:0.9888|Hyper_Glide_S:0.0112,77.0,0.9974,,9.0,0.9974,,2025,0.8000,,29.7,0.9974,,7.85,0.9974,,Advanced_Expert,0.9975,,3.0,0.8000,,,,,,,,,,,,,,Titan_Factory_China,0.6420,Titan_Factory_China:0.6420|Unresolved_multiple_moves:0.2737,0.9,0.7511,,,,,25.4,0.9974,,83.0,0.8000,,120.2,0.9974,,7.97,0.9974,,30.1,0.9000,,,0.9969,,Bataleon,0.9940,,2x4_Inserts,0.9958,,Directional_Twin,0.9993,,156cm,0.9957,,2025/2026,0.9978,,Mens,0.9996,,Tri_Ax_fiberglass_three_way_weave,0.9974,,Snowboard,0.9957,,,0.9961,,,,,0.5,0.8000,,,,,57.0,0.8000,,0.7,0.7000,,Carbon_stringers_strategically_placed,0.9974,,Flex_Walls_Urethane_Poured_Sidewalls,0.9974,,,,,,,,1.7,0.8000,,,,,,,,,,,0.75,0.7000,,None_all_new,0.9186,,,,,0.75,0.8000,,,,,,,,,,,,,,,,,,,
uyFsPjyvhd,Salomon_SAS,Fastlane,,0.9981,,0.7,0.7000,Aspen_SLCT_FSC_certified:0.7000|Poplar_Aspen:0.3000,1049.99,0.9974,,0.5,0.8000,,Jones_Flagship_no1_freeride_749_95,0.8712,,50pct_recycled_sintered,0.9978,,72.5,0.9948,,9.0,0.9948,,2025,0.8000,,29.7,0.5491,29.7:0.5491|29.8:0.4509,7.1,0.5991,7.1:0.5991|8.0:0.4009,Advanced_to_Expert,0.9981,,2.0,0.7299,,,,,Olive_wood_veneer,0.9738,,Nils_Mindnich_and_Wolle_Nyvelt,0.9951,,3150,0.5546,,,,,,,,,,,25.8,0.5990,25.8:0.5990|25.3:0.4010,,,,114.0,0.5990,114.0:0.5990|119.0:0.4010,,,,,,,,0.9963,,Salomon,0.9967,,2x4_Inserts,0.9948,,Tapered_Directional,0.9981,,149_to_170cm_7sizes,0.9348,149_to_170cm_7sizes:0.9348|157_160_163cm:0.0587,2027,0.9974,,Unisex,0.9948,,Basalt_flax_BFX_Ultra,0.3768,Basalt_flax_BFX_Ultra:0.3768|BFX_Ultra_flax_carbon_BA_MD:0.3266|Aero_Core_Ghost_Carbon_Beams:0.1551|BA_LD_Fiberglass:0.1415,Snowboard,0.9967,,,0.9346,All_Mountain_Freeride:0.9346|Steep_deep_backcountry_powder:0.0654,2.0,0.9948,,0.4,0.8000,,FSC_certified_wood_core_comprehensive,0.9103,,55.0,0.5491,55.0:0.5491|54.0:0.4509,,,,Two_natural_fibers_weight_power_dampening,0.9836,,66pct_recycled_ABS,0.9190,66pct_recycled_ABS:0.9190|100pct_recycled_ABS:0.0810,0.6,0.6000,,20pct_recycled_edges,0.9786,,,,,Quadratic_Sidecut,0.9981,,1.1,0.7382,,,,,,,,,,,,,,,,,,,,,,,,,,,,,,,,,,
v345nLV3zz,,Good_Company,,0.8888,,0.95,0.6735,,699.99,0.9300,,0.6,0.5000,,NS_Photosynthesis_Yes_Greats_Stone_Message_LT_Box_Knife_Yes_Basic_Ride_TwinPig,0.9554,,Sintered_durable_porous,0.8908,,68.0,0.9300,,4.0,0.5766,4.0:0.5766|5.5:0.3369|3.5:0.0865,2023,0.8000,,,,,7.8,0.9300,,Advanced_Expert,0.4870,Advanced_Expert:0.4870|Low_Intermediate_and_up:0.3896|Intermediate_Advanced:0.0504|Expert:0.0253|Novice_Expert:0.0243|Intermediate:0.0234,3.0,0.8000,,0.5,0.6000,,Dog_themed_portrait_of_Posie,0.6885,,Nora_Beck_stiff_enough_soft_enough,0.8856,,3000.0,0.9533,,China_with_some_Austria,0.7057,China_with_some_Austria:0.7057|China_only:0.2911,0.85,0.9635,,3.0,0.8000,,25.2,0.9300,,79.5,0.8000,,118.5,0.9300,,8.1,0.9300,,,,,,0.9034,Park_and_Freestyle:0.9034|Park_first_twin:0.0491|Freestyle_All_Mountain:0.0474,Burton,0.9728,,The_Channel_all_bindings_compatible,0.7628,,True_Twin_symmetrical,0.6900,,145_148_152_155_159_155W_159W,0.9300,,2027,0.9728,,Unisex,0.6522,,Triax_Fiberglass,0.7533,Triax_Fiberglass:0.7533|Biax_Fiberglass:0.2467,,,,,0.9000,,0.0,0.9963,,0.4,0.8000,,B_Corp_certified,0.9608,,,,,0.75,0.5000,Surprisingly_strong_disrupted_sidecut:0.5000|Hard_snow_not_ice:0.5000,Carbon_I_Beam_backbone_on_Triax,0.5900,,,,,0.7,0.7000,,,,,2.5,0.5000,Quick_edge_to_edge_balanced:0.5000|Medium_Fast:0.5000,,,,,,,Burton_Cartel_bindings_paired_well,0.8255,,0.8,0.5556,Great:0.5556|Chattery_in_crud_chunder:0.4444,,,,,,,,,,0.7,0.8000,,85.9,0.9533,,0.7,0.8000,,0.9,0.8000,,0.8,0.8000,,0.8,0.8000,
vVNaChfgSD,Rome_Snowboard_Design_Syndicate,Stale_Crewzer,,0.9999,,0.7,0.8000,,1049.99,0.7104,,0.45,0.7000,,Burton_Custom_slightly_more_snappy_Crewzer_better_ice,0.9691,,Versatile_durable_holds_wax_easy_repair,0.9956,,77.0,0.7103,,6.0,0.9963,,2020,0.8000,,,,,8.16,0.9945,,Intermediate_to_Advanced,0.9978,,,,,0.4,0.7000,,,,,Stale_Sandbech,0.9998,,3080.0,0.9771,,,,,,,,,,,25.5,0.9974,,83.0,0.7103,,120.4,0.9974,,8.34,0.9945,,,,,,0.6764,,Rome_Snowboards_Rome_SDS,0.9976,,2x4_insert_pack,0.9974,,Directional_Twin,0.9974,,151_154_157_160_158W_161W_164W,0.9552,151_154_157_160_158W_161W_164W:0.9552|154_157_158W_160:0.0448,2027,0.9804,,Mens,0.9945,,Triaxial_Fiberglass_three_angles_torsional_rigidity_snap,0.9998,,Snowboard,0.9945,,,0.6768,,0.0,0.9974,,0.4,0.8000,,,,,53.3,0.9963,,0.7,0.8000,,Twin_Single_Carbon_HotRods_nose_and_tail_snap_rebound,0.9945,,,,,0.7,0.7000,,,,,,,,Radial_single_radius,0.9977,,0.0,0.9974,,Standard_2x4_all_major_brands,0.7103,,0.7,0.9726,,,,,,,,0.85,0.8000,,,,,88.6,0.9771,,,,,,,,,,,,,
vsRCNCPdmn,Mervin_Manufacturing,Mayhem_Sweetfish,,0.9579,,0.65,0.7000,,1299.99,0.8200,,1.0,0.9000,,Korua_Dart_Cafe_Racer_Weston_Japow_Moss_Jellyfish_Gentemstick_etc,0.9839,,Sintered_Knife_Cut_Base_UHMW,0.8780,,60.0,0.6000,45_plus_kg:0.9607|65_plus_kg:0.0393,7.0,0.6500,7.0:0.6500|8.0:0.3500,,,,30.8,0.9974,,7.3,0.9974,,experiMENTAL,0.9925,,1.0,0.8000,,0.4,0.7000,,Eco_Sublimated_Poly_Topsheet,0.8386,,Lib_Tech_x_Lost_Matt_Biolos_x_Austen_Sweetin,0.8983,,2600,0.5000,,Sequim_WA_USA_handbuilt,0.9327,,0.85,0.9865,,8.0,0.8000,,26.2,0.9974,,62.5,0.6000,,,,,7.4,0.9974,,,,,,0.9399,experiMENTAL_Freeride_Directional:0.9399|Powder_Freeride:0.0541,Lib_Tech,0.9974,,2x4_binding_mount,0.8443,,Tapered_Directional,0.9516,,150_156_159_162cm,0.9738,150_156_159_162cm:0.9738|150_156_162cm:0.0262,2026,0.9974,,Mens,0.8449,,Tri_Ax_Bi_Ax_Fiberglass,0.8006,,Snowboard,0.9974,,,0.8200,,3.0,0.9998,,0.3,0.8000,,Zero_hazardous_waste_manufacturing,0.8443,,53.97,0.8000,,0.65,0.8000,,,,,Birch_Internal_plus_UHMW_Sintered_Sidewalls,0.9708,,0.65,0.5000,,Traditional_edges_No_Magne_Traction,0.9584,,3.0,0.7000,,Radial_clean_simple_flowing,0.9974,,0.8,0.5000,,Works_with_standard_or_mini_disc,0.8006,,0.7,0.8000,,Lib_Tech_x_Lost_Rocket,0.9948,,93.0,0.9974,,,,,0.2,0.8000,,,,,0.7,0.8000,,0.7,0.8000,,0.7,0.8000,,0.5,0.8000,
vv1siRNkIt,Burton_Snowboards_1977_Burlington_VT,Family_Tree_Smooth_Operator,,0.9647,,0.8,0.7000,,1199.99,0.9140,,1.0,0.9571,,Korua_Dart_Cafe_Racer_Weston_Japow_Moss_Gentemstick_etc,0.9726,,Sintered_WFO_high_density_wax_infused,0.9660,,79.5,0.9548,,6.5,0.5242,6.5:0.5242|5-8:0.4301,2025,0.8000,,29.06,0.9548,,8.8,0.9548,,Expert,0.7678,Expert:0.7678|Intermediate_Advanced:0.2322,3.0,0.8000,,0.85,0.8000,,Audubon_bird_themed_graphics,0.9945,,Masanori_Takeuchi,0.9979,,,,,China_and_Austria_Keil,0.6029,China_and_Austria_Keil:0.6029|Europe:0.3868,0.85,0.9726,,8.0,0.8000,,25.1,0.9573,,,,,117.5,0.9548,,9.1,0.9548,,,,,,0.9548,,Burton,0.9981,,The_Channel_Burton_single_channel_full_length,0.9704,,Directional,0.9245,,144_148_152_156_160_164cm,0.9548,,2026,0.9684,,Unisex,0.9704,,45_degree_Carbon_Highlights_tip_to_tail,0.9660,,Snowboard,0.9945,,10.0,0.9548,,-12.5,0.9939,,0.6,0.8000,,FSC_C124994_certified,0.9660,,54.0,0.9548,,0.5,0.8000,,Multizone_EGD_perpendicular_grain_4_zones_channel,0.9462,,,,,0.7,0.7000,,,,,3.8,0.7000,,Single_sidecut_radius_standard,0.9548,,10.0,0.9624,,Compatible_most_brands_EST_best,0.9462,,,,,,,,,,,,,,0.2,0.8000,,,,,0.7,0.8000,,0.7,0.8000,,0.7,0.8000,,0.7,0.8000,
wC2nrpypI9,Burton_Snowboards_founded_1977_privately_owned,Family_Tree_High_Fidelity,,0.9939,,0.85,0.7000,,1099.99,0.9868,,0.6,0.6000,,Jones_Flagship_stiff_directional_freeride,0.6723,,Sintered_WFO,0.9944,,79.5,0.9868,,7.5,0.9868,,2025,0.9989,,29.35,0.9868,,7.8,0.9868,,Advanced_Expert,0.9423,Advanced_Expert:0.9423|Intermediate_Advanced:0.0577,3.0,0.8000,,0.8,0.8000,,Audubon_inspired_vulture_graphics,0.9317,,Ben_Ferguson_and_Kimmy_Fasani,0.9466,,2450,0.6000,,Keil_Austria_and_China_and_VT,0.9772,,0.8,0.7000,,,,,24.8,0.9868,,,,,112.0,0.9868,,,,,,,,,0.9868,,Burton_Snowboards,0.9991,,The_Channel_mounting_system,0.9947,,Tapered_Directional_Freeride,0.9939,,150_154_158_162_166MW_158W_162W,0.9868,,2027,0.9868,,Unisex,0.9168,,45_degree_Carbon_Highlights_with_5layer_stackup,0.9930,,Snowboard,0.9922,,7.0,0.9868,,-2.5,0.9868,,0.5,0.8000,,FSC_certified_FSC_C124994,0.8153,,56.0,0.9868,,0.4,0.8000,,Dualzone_EGD_wood_grain_alignment,0.9920,,,,,0.8,0.8000,,,,,,,,,,,7.0,0.9388,,Compatible_most_brands_best_with_EST,0.9925,,,,,Burton_Leader_Board,0.5063,,,,,,,,,,,,,,,,,,,,,,,,,
wGPlFlxQfj,K2_Sports_LLC_Seattle_WA,Geometric,,0.9882,Twin_Combination_Camber_RCR:0.9882|Flat_to_Rocker_Profile:0.0118,0.55,0.8000,,455.99,0.9963,,0.9,0.9000,,YES_Basic_great_freestyle_beginner_forgiving,0.7609,,Extruded_2000_low_maintenance,0.9967,,70.0,0.8000,,6.0,0.7160,6.0:0.7160|3.0:0.2840,2022,0.8000,,29.4,0.9948,,7.8,0.9948,,Beginner_to_Intermediate,0.9963,,2.0,0.9963,,0.8,0.8000,,Standard_topsheet_with_Hybritech_capped_tip_tail,0.8414,,,,,,,,Weihai_northern_China,0.8395,,,,,,,,25.1,0.9948,,,,,118.0,0.9948,,,,,,,,,0.9937,,K2,0.9963,,2x4_insert_pattern,0.9943,,True_Twin,0.9963,,148_152_154W_156_157W,0.7047,148_152_154W_156_157W:0.7047|144_148_151W_152_154W_156_157W:0.2953,2024,0.9963,,Mens,0.5980,,Biaxial_fiberglass_0_and_90_degrees,0.9658,,Mens_freestyle_snowboard,0.9963,,,0.9944,,0.0,0.9948,,,,,Dedicated_reducing_footprint_eco_friendly_materials,0.5582,,22.0,0.9948,,0.7,0.7000,,,,,Hybritech_sidewall_ptex_to_capped,0.9582,,,,,,,,,,,,,,0.0,0.9937,,Standard_2x4_all_non_Burton_EST,0.7594,,,,,K2_WWW_World_Wide_Weapon,0.8763,,,,,,,,,,,,,,,,,,,,,,,,,
wGgZ1RwSm9,K2_Sports_LLC,Passport,,0.9963,,0.85,0.8000,,949.99,0.9974,,0.5,0.8000,,YES_PYL_Capita_Navigator_Ride_Algorhythm_Nidecker_Alpha_Jones_Stratos,0.9620,,Sintered_4000_Stone_Finish,0.9963,,77.2,0.8000,,7.0,0.9547,7.0:0.9547|6.0:0.0453,2022,0.8000,,29.9,0.8000,,6.5,0.6000,,Intermediate_Advanced_Expert,0.9963,,,,,0.75,0.8000,,,,,,,,3300.0,0.9726,,China_Guangdong,0.9793,,,,,,,,,,,,,,118.0,0.9984,,,,,,,,,0.9963,,K2,0.9948,,2x4,0.9963,,Directional,0.9974,,13_sizes_including_166W,0.9600,13_sizes_including_166W:0.9600|12_sizes_no_166W:0.0400,2027,0.9948,,Unisex,0.9963,,ICG10_Triax_Carbon_Glass,0.9963,,Snowboard,0.9890,,,,,19.0,0.6769,19.0:0.6769|20.0:0.3231,0.5,0.8000,,Factories_run_on_renewable_energy,0.9543,,,,,0.65,0.8000,,Hybritech_capped_edge_reduced_swing_weight,0.9963,,Hybritech_PTex_sidewall_to_capped_tip_tail,0.7696,,,,,,,,2.4,0.7000,,Triple_radius_sidecut,0.9996,,8.0,0.9963,,,,,,,,,,,,,,1.0,0.9000,,,,,85.7,0.5000,85.7:0.5000|85.6:0.5000,,,,,,,,,,,,
whSTDVh5df,Nitro_AG_Hunenberg_Switzerland,Cheap_Thrills,,0.9820,Cam_Out_Camber:0.9820|Flat_Out_Rocker:0.0164,0.65,0.7000,,559.99,0.9974,,1.0,0.9931,,CAPiTA_DOA_579_95_hybrid_camber_twin,0.8609,,Premium_Extruded_FH_Base,0.6121,Premium_Extruded_FH_Base:0.6121|Sintered_Extruded_FH_Base:0.3395,70.0,0.9200,,5.0,0.9570,,2021,0.7895,,29.3,0.9200,,8.6,0.9200,,Intermediate_Advanced,0.7773,Intermediate_Advanced:0.7773|Beginner_Intermediate:0.1960,2.0,0.9940,,,,,,,,Benny_Urban_Nils_Arvidsson_Dominik_Wagner,0.9974,,,,,,,,,,,,,,25.2,0.9200,,80.0,0.6000,,,,,8.8,0.9200,,29.5,0.9000,,,0.9400,,Nitro,0.9400,,2x4_Inserts,0.9200,,True_Twin,0.9974,,148_152_155_157_155W_157W,0.9200,,2026,0.9400,,Mens,0.7601,,Bi_Lite_Laminates,0.9516,,Snowboard,0.9400,,,0.5799,Park_All_Mountain_Freestyle:0.5799|Park:0.3908,0.0,0.9200,,0.5,0.8000,,Solar_FSC_Water_Inks_Recycled_Materials_Edges,0.8310,,,,,,,,,,,Ureshred_Sidewalls_Polyurethane,0.9516,,0.7,0.7000,,Rail_Killer_Edge_Recycled_Steel,0.9516,,3.2,0.5000,,Radial,0.9516,,,,,,,,0.9,0.8547,,Goodtimes,0.9114,,108.0,0.9200,,,,,,,,,,,,,,,,,,,,,,
wudDREXmgj,Nitro_AG,Team_Pro_Marcus_Kleveland,,0.9968,,0.6,0.7000,,1099.99,0.9816,,0.5,0.8000,,Burton_Custom_Camber_directional_twin_679_95,0.9517,,Sintered_Speed_Formula_II,0.9607,Sintered_Speed_Formula_II:0.9607|Sintered_Speed_Formula_HD:0.0393,70.0,0.8000,,8.0,0.9954,,2023,0.8000,,29.5,0.9771,,7.3,0.8000,,Advanced,0.9726,,2.0,0.9923,,,,,,,,Marcus_Kleveland,0.9963,,,,,Unverified_dev_Germany_historical_Austria_Taiwan,0.9937,,,,,,,,25.0,0.9771,,75.0,0.8000,,,,,7.3,0.8000,,29.7,0.9771,,,0.9726,,Nitro,0.9968,,2x4_Insert_pattern,0.9951,,Directional_Twin,0.9968,,152_155_157_159_159W_162W,0.9726,,2027,0.9944,,Mens,0.9872,,Bi_Lite_Laminates_with_Ballistic_Impact_Panels,0.9771,,Snowboard,0.9726,,,,,-1.5,0.9771,,0.5,0.7763,,ClimatePartner_carbon_neutral,0.9691,,,,,,,,Carbon_Tape_single_strip_supercharged_response,0.9989,,ABS_Sidewall_flexible_impact_resistant,0.9989,,,,,Recycled_Steel_Edge_50pct_recycled,0.9963,,,,,Dual_Degressive_Sidecut,0.9968,,,,,Requires_Burton_Channel_disc_for_EST_bindings,0.7621,,,,,,,,117.0,0.9771,,,,,,,,,,,,,,,,,,,,,,
wwVfbqBQj3,Salomon_SAS_Annecy_France_founded_1947,Dancehaul,,0.9969,,0.75,0.9000,,939.99,0.9974,,0.45,0.7000,,Ride_Warpig_most_popular_volume_shift_comparison,0.9981,,Sintered_Base,0.9969,,,,,6.0,0.5912,6.0:0.5912|5.0:0.4088,2020,0.8000,,,,,,,,Intermediate,0.9963,,2.0,0.6745,,0.75,0.7000,,,,,,,,2900.0,0.9563,,China,0.6044,China:0.6044|France_Bulgaria_Asia_depending_on_model:0.3956,,,,,,,,,,,,,,,,,,,,,,,0.9963,,Salomon,0.9963,,2x4_Inserts,0.9969,,Tapered_Directional,0.9978,,143cm_147cm_152cm_154cm_157cm,0.9969,,2027,0.9979,,Unisex,0.9996,,BA_MD_Biaxial_Medium_Density_Fiberglass,0.9992,,Snowboard,0.9979,,,0.9991,,,,,0.3,0.8000,,,,,,,,,,,Ghost_Basalt_Stringers_in_TriAx_fiberglass_tip_to_tail,0.9999,,ABS_Sidewall,0.9963,,,,,,,,2.2,0.8000,,Radial_Sidecut,0.9969,,,,,,,,,,,,,,,,,,,,,,,86.1,0.9595,,,,,,,,,,,,,
xEwG2rGj6y,,Spring_Break_Powder_Twin,,0.9981,,0.7,0.8000,,1049.99,0.9423,,0.5,0.8000,,Jones_Mind_Expander_Twin_more_centered_float_vs_better_groomers,0.9211,,Powder_Drive_Base_hybrid_sintruded,0.9981,,68.0,0.9984,,5.0,0.9981,,2021,0.6000,,31.5,0.9423,,6.6,0.9423,,Intermediate_Advanced,0.9423,,2.0,0.9923,,0.85,0.8000,,PLT_Technology_featherlight_smooth_high_gloss_no_solvents,0.9896,,Corey_Smith_founder_Spring_Break,0.9462,,3140.0,0.9405,,Mothership_Feistritz_Austria,0.9614,Mothership_Feistritz_Austria:0.9614|China:0.0386,0.7,0.9343,,,,,26.8,0.9984,,76.5,0.8000,,113.8,0.9423,,6.7,0.9423,,32.1,0.9423,,,0.9608,,CAPiTA,0.9987,,2x4_Inserts,0.9423,,True_Twin,0.9981,,153_156_159_162cm,0.9949,153_156_159_162cm:0.9949|153_156_159cm:0.0051,2027,0.9608,,Mens,0.8108,,Holysheet_Triax_above_Biax_below,0.9981,,Snowboard,0.9608,,,0.8333,,0.0,0.9423,,0.6,0.8000,,Certified_B_Corp_score_98_9,0.9840,,55.9,0.9981,,0.7,0.8000,,4x30mm_Carbon_V_Tech_Amplifiers,0.9423,,,,,0.65,0.6000,,,,,5.2,0.7000,,Blended_Radial,0.9981,,,,,,,,,,,,,,,,,,,,,,,84.3,0.5000,84.3:0.5000|83.3:0.5000,,,,,,,0.7,0.8000,,,,
xG9ORvRq8S,,Almanac,,0.9963,,0.85,0.8000,,919.99,0.7500,,1.0,0.8652,,,,,Sintered_4000,0.9965,,81.5,0.7500,,5.0,0.9520,,,,,31.3,0.7500,,7.0,0.7500,,Intermediate_Advanced,0.9965,,,,,0.8,0.8000,,,,,,,,,,,China_Guangdong_Province,0.9939,,,,,7.0,0.8000,,,,,84.0,0.7500,,117.0,0.7500,,7.9,0.9637,7.9:0.9637|7.1:0.0363,31.8,0.7500,,,0.9567,,K2,0.9978,,2x4,0.9963,,Directional,0.6930,Directional:0.6930|Tapered_Directional:0.3070,137_141_145_149_153_157_161cm,0.9554,137_141_145_149_153_157_161cm:0.9554|149_153_157_161cm:0.0446,2027,0.9111,,Unisex,0.9966,,Biax_Glass,0.9965,,Snowboard,0.9978,,,0.9963,,0.0,0.9963,,0.7,0.8000,,Sustainably_sourced_harvested_wood,0.9963,,55.9,0.7500,,0.5,0.8000,,Carbon_Backbone_precambered_carbon_inlay,0.9967,,ABS_sidewalls_tapered_sandwich_tip_tail,0.9743,,,,,,,,4.2,0.8000,,,,,12.0,0.9785,,Any_binding_standard_or_mini_disc_2x4,0.7500,,,,,,,,,,,,,,,,,,,,,,,,,,0.7,0.8000,,,,
xJ8cOTo6pq,Mervin_Manufacturing,Mayhem_LibZilla,,0.9683,Early_Rise_Directional_Camber:0.9683|C2X_Hybrid_Camber:0.0317,0.6,0.6000,Original_Power_Construction:0.9843|Horsepower_Construction:0.0157,1399.99,0.9931,,0.6,0.7000,,Quicker_handling_shorter_effective_length,0.6682,,Sintered_Knife_Cut_Base_UHMW,0.8572,,80.0,0.6000,70plus_kg_150plus_lbs:0.9738|50plus_kg:0.0262,7.0,0.9752,7.0:0.9752|6.5:0.0248,,,,32.7,0.9974,,8.0,0.7000,9_8_7_progressive:0.9788|8m_simplified:0.0212,Advanced_to_Expert,0.7506,,1.0,0.8000,,,,,Eco_Sublimated_Poly_Top,0.8572,,Matt_Mayhem_Biolos,0.9996,,,,,Handbuilt_in_USA_Sequim_WA,0.9995,,,,,,,,,,,,,,,,,,,,,,,,0.9554,All_Mountain_Directional:0.9554|Freeride_Powder:0.0446,Lib_Tech,0.9963,,2x4_binding_mount,0.8800,,Tapered_Directional,0.8800,,188cm_only,0.9974,,2027,0.9996,,Mens,0.9868,,Tri_Ax_Bi_Ax_Fiberglass,0.8800,,Snowboard,0.9963,,,0.9954,,12.5,0.9974,,0.7,0.7628,,Zero_hazardous_waste_factory,0.9620,,55.56,0.8000,,0.8,0.7450,,,,,Birch_Internal_Sidewalls,0.9416,,0.8,0.7000,,UHMW_Tip_Tail_Impact_Deflection,0.8800,,,,,Progressive_elliptical_carving_sidecut,0.9933,,,,,All_new_bindings_except_3D_and_EST,0.6989,,,,,,,,,,,,,,,,,,,,,,,,,,,,,,,
xgtp6AKFVN,Jones_Snowboards_Nidecker_Group,Hovercraft_2.0,,0.9974,,0.75,0.8000,,1149.99,0.9974,,0.5,0.7000,,Korua_Transition_Finder_stiffer_more_tapered_under_500,0.9981,,Sintered_8000,0.9974,,70.5,0.9985,,6.0,0.7484,6.0:0.7484|7.0:0.2516,2010,0.8000,,31.1,0.9985,,9.0,0.9985,,Intermediate_to_Expert,0.8283,,2.5,0.3000,,,0.9742,,Sustainable_Flax_Topsheet,0.9974,,Forrest_Shearer_Antti_Autti_Garrett_Warnick_Jimmy_Goodman_Nathaniel_Murphy,0.9974,,3100,0.9000,,Solico_Winter_Sport_Factory_Dubai_UAE,0.8820,,,,,,,,26.3,0.9985,,84.0,0.8000,,123.0,0.9457,1230.0:0.9457|1225.0:0.0543,9.3,0.9985,,,,,,0.8849,,Jones_Snowboards,0.9313,,2x4_Inserts,0.9985,,Tapered_Directional,0.9974,,144_148_152_156_160_164cm,0.9974,,2027,0.9313,,Unisex,0.9974,,Biax_Fiberglass,0.9697,Biax_Fiberglass:0.9697|Biax_Fiberglass_and_Carbon:0.0303,Snowboard,0.9313,,,0.9974,,0.0,0.9974,,0.5,0.8000,,100pct_solar_power_89pct_CO2_reduction,0.9931,,54.0,0.9985,,0.75,0.8000,,Embedded_stringers_from_reclaimed_snowboards,0.9974,,Recycled_ABS,0.9974,,0.9,0.9000,,Traction_Tech_multiple_contact_points,0.9000,,2.6,0.7000,,,,,17.0,0.9985,,,,,,,,Original_Hovercraft_2011-2023,0.9923,,100.5,0.9974,,0.4,0.7000,,,,,,,,,,,,,,,,,,,
xkr3gZUZ3P,Burton_Snowboards_founded_1977,Custom_Glow_Camber,,0.9706,,0.9,0.9000,,799.99,0.9963,,0.8,0.8000,,Jones_Mountain_Twin_more_forgiving_hybrid_better_powder_ice,0.9679,,Sintered_WFO,0.9727,,79.5,0.9963,,5.0,0.6672,5.0:0.6672|6.0:0.1907|5.5:0.1421,,,,28.8,0.9963,,7.8,0.9963,,Intermediate_to_Expert,0.9727,,3.0,0.8000,,0.9,0.9403,,Neon_inspired_glow_in_the_dark_ink,0.9930,,Casey_Callahan_Burton_Design_Lead,0.9836,,3550.0,0.7407,,Kiel_Nindl_GMBH_Austria,0.9244,,,,,,,,25.2,0.9963,,79.5,0.8000,,119.5,0.9963,,7.9,0.9963,,,,,,0.9727,,Burton_Snowboards,0.9955,,The_Channel_all_brands_best_with_EST,0.9746,,Directional_Twin,0.9744,,150_154_156_158_162_158W_162W_166W_170W,0.9963,,2026,0.9974,,Mens,0.5077,Mens:0.5077|Unisex:0.4487,45_degree_Carbon_Highlights,0.9727,,Snowboard,0.9727,,10.0,0.9543,,-12.5,0.9898,,0.5,0.8000,,Certified_B_Corp,0.8316,,50.5,0.9963,,0.65,0.8000,,Dualzone_EGD_wood_grain_aligned_toe_heel,0.9746,,,,,0.65,0.6000,,Frostbite_Edges_extend_under_bindings,0.9744,,2.8,0.5000,,,,,,,,EST_only_Channel_but_Channel_accepts_all_brands,0.9677,,0.5,0.7000,,,,,,,,,,,,,,88.0,0.6000,,,,,,,,,,,,,
xrYaA4xzJm,Mervin_Manufacturing,TRS_Total_Ripper_Series,,0.9974,,0.75,0.8000,,818.99,0.9974,,0.9,0.9000,,NS_Photosynthesis_Yes_Greats_Stone_Message_Box_Knife_Yes_Basic_Ride_TwinPig,0.9346,,Double_layer_UHMW_polyethylene,0.6449,,,,,6.0,0.9589,6.0:0.9589|7.0:0.0411,,0.9406,,,,,,,,Intermediate_to_Advanced,0.9937,,1.0,0.8000,,0.7,0.7000,,Eco_Sublimated_Poly_Top_high_strength,0.6971,,EJack_Jamie_Lynn_Fredi_K_Blair_Habenicht_Sammy_Luebke,0.9453,,2600,0.5000,,Hand_built_Sequim_Washington_USA,0.9822,,0.65,0.7000,,2.5,0.8000,,,,,,,,,,,,,,,,,,0.9974,,Lib_Tech,0.9974,,2x4_inserts,0.9538,,Twin,0.9935,Twin:0.9935|Directional_Twin:0.0065,154_157_157W_159_159W_162cm,0.9957,,2025,0.9974,,Mens,0.9112,,Triaxial_Biaxial_Fiberglass_with_Basalt_Alloy,0.9080,,Snowboard,0.9991,,,0.9963,,0.5,0.9957,,0.7,0.6000,,FSC_certified_sustainable_forestry,0.9940,,,,,0.95,0.9000,,Extended_core_Triax_Magnesium_Techno_Fiber_Carbon,0.9963,,Birch_Internal_Sidewalls_6_ply,0.6971,,0.8,0.8000,,Magne_Traction_7_serrations,0.9967,,2.5,0.7000,,,,,,,,Standard_2x4_four_screws_per_binding,0.6449,,0.45,0.7000,,,,,,,,,,,0.4,0.6000,,,,,,,,0.8,0.8000,,,,,,,
xtCrmHIit1,Salomon_SAS_Annecy_France,Huck_Knife,,0.9986,,0.65,0.8000,,929.99,0.9974,,0.8,0.8000,,Capita_DOA_very_similar_HK_softer_more_playful,0.9219,,Sintered,0.9981,,65.0,0.9948,,5.0,0.9222,,2017,0.9981,,28.6,0.9948,,7.5,0.9948,,Intermediate_to_Advanced,0.9933,,2.0,0.9840,,0.84,0.8571,,,,,Dusty_Henricksen_and_Sven_Thorgren,0.6689,,,,,China,0.9971,,,,,,,,25.5,0.9948,,77.5,0.8000,,121.6,0.9948,,7.7,0.9948,,,,,,0.9952,,Salomon,0.9976,,2x4_inserts,0.9966,,True_Twin,0.9566,,149_153_156_159_156W_159W,0.9948,,2027_AU_equivalent_2025_2026_NH,0.9120,,Mens_Unisex,0.9346,,Tri_Ax_Glass,0.9951,,Freestyle_snowboard,0.9219,,,0.9890,,0.0,0.6216,,0.6,0.8000,,BioBased_30_resin_30pct_plant_derived,0.7352,,53.0,0.9948,,0.75,0.8000,,Popster_Booster_carbon_stringers_nose_tail_max_pop,0.9957,,ABS_sidewalls,0.7366,,0.85,0.8000,,,,,,,,EQ_Rad_Equaliser_Radial_blended,0.9981,,,,,2x4_insert_compatible_most_bindings,0.6322,,0.6,0.7000,,,,,,,,,,,,,,86.475,0.3598,86.475:0.3598|85.175:0.3598|83.7:0.2804,,,,,,,,,,,,
xtdkXGh0Rr,Low_Pressure_Studio_Nidecker_Group,Party_Wave,,0.9923,,0.6,0.7000,,869.99,0.9310,,0.6,0.8000,,Gentemstick_Korua_United_Shapes_Yes_Rome,0.9466,,Hyper_Glide_S_sintered,0.9963,,78.0,0.9948,,4.0,0.9865,4.0:0.9865|6.0:0.0135,2018,0.8000,,31.35,0.9948,,8.9,0.9948,,Intermediate,0.5446,Intermediate:0.5446|Intermediate_Advanced:0.4554,2.0,0.8000,,0.6,0.7000,,,,,,,,,,,Austria_CAPiTA_Mothership,0.9554,Austria_CAPiTA_Mothership:0.9554|Asia_or_Saudi_Arabia:0.0446,0.2,0.9000,,,,,28.0,0.9948,,84.0,0.8000,,123.3,0.9948,,9.0,0.9948,,32.0,0.8000,,,0.9000,,Bataleon,0.9974,,2x4_Inserts_24_per_board,0.9963,,Tapered_Directional,0.9963,,145_148_151_154_157cm,0.9723,145_148_151_154_157cm:0.9723|148_151_154cm:0.0277,2027_Southern_Hemisphere,0.7100,,Mens,0.9974,,Bi_Ax_fiberglass,0.9802,Bi_Ax_fiberglass:0.9802|Tri_Ax_fiberglass:0.0198,Snowboard,0.9974,,,0.8609,,40.0,0.9284,40.0:0.9284|10.0:0.0716,0.4,0.8000,,Flip_Flop_Base_minimizes_ptex_waste,0.7119,,55.0,0.8000,49.0_61.0cm:0.9494|55.0_59.0cm:0.0506,0.6,0.6000,,3BT_camber_3D_sidebases_ollie_carving,0.9912,,Urethane_Flex_Walls_shock_absorbing,0.9923,,0.65,0.6000,,,,,2.3,0.8000,,,,,2.0,0.8000,,2x4_insert_compatible_most_brands,0.9000,,0.3,0.8000,,,,,,,,0.75,0.8000,,,,,,,,0.3,0.7000,,,,,,,,,,
yK7Rkc5jVr,Nitro_AG_Hunenberg_Switzerland,Dinghy,,0.9996,,0.65,0.7000,,999.99,0.9245,,0.5,0.7302,,Gnu_Gremlin_similar_specs_stiffer_better_carve_worse_powder,0.9686,,Sintered_EcoSpeed_HD_Base,0.9945,,80.0,0.6000,,7.0,0.9923,,2023,0.6270,,31.1,0.9945,,6.95,0.7000,,Advanced_Expert,0.9726,,,,,0.75,0.8000,,EcoGuard_Topsheet_90pct_recycled,0.9945,,Bryan_Fox_and_Austin_Smith_Quiver_lineup,0.7545,,2600,0.5000,,Playmaker_factory_Taiwan,0.6677,,0.85,0.9726,,8.0,0.8000,,26.7,0.9945,,87.5,0.6000,,,,,7.3,0.8000,,31.5,0.8000,,,0.7176,,Nitro,0.9945,,2x4_Inserts,0.7176,,Tapered_Directional,0.9945,,150W_155W_160W,0.9945,,2027,0.7302,,Unisex,0.7547,,Bi_Lite_Laminates_two_direction_fibers,0.9887,,Snowboard,0.9945,,,0.7176,,-15.0,0.9945,,0.4,0.8000,,Made_with_100pct_solar_power,0.9923,,54.0,0.8000,,0.75,0.8000,,,,,ABS_Sidewalls_35pct_recycled_polymers,0.9647,ABS_Sidewalls_35pct_recycled_polymers:0.9647|Ureshred_Sidewalls:0.0353,0.65,0.6000,,Recycled_Steel_Edge_50pct,0.9945,,4.2,0.8000,,Progressive_Sidecut,0.9923,,,,,,,,,,,,,,113.0,0.9945,,,,,0.5,0.8000,,,,,0.7,0.8000,,0.7,0.8000,,0.8,0.8000,,0.5,0.8000,
yhfj6dMPok,The_Burton_Corporation,Blossom_Camber_Snowboard,,0.9915,,0.8,0.7000,,615.99,0.9307,,0.6,0.6000,,Comparable_pop_to_Capita_DOA,0.9317,,Recycled_Sintered_WFO,0.9587,,68.0,0.9307,,4.5,0.5364,3-6_range_varies_by_size:0.5364|4.5:0.4180,2022,0.8000,,29.3,0.9307,,7.7,0.9307,,Intermediate,0.8906,,3.0,0.8000,,0.8,0.8000,,Eroded_rock_crystal_graphic_color_shifts_in_cold,0.8167,,Zeb_Powell_Winkelmann_Crouch_Ciccarelli_Warner,0.9947,,2900.0,0.9785,,Keil_factory_Austria,0.9569,,,,,3.0,0.8000,,25.1,0.9307,,79.5,0.8000,,118.5,0.9307,,7.9,0.9307,,29.7,0.9307,,,0.8339,Freestyle_All_Mountain_Freestyle:0.8339|All_Mountain_Park:0.1500,Burton,0.9985,,The_Channel_compatible_all_major_bindings,0.9520,,True_Twin,0.9558,,144_149_152_155_158_162cm,0.9307,,2025,0.9207,,Unisex,0.9870,,Triax_Fiberglass,0.8786,,Snowboard,0.9985,,,0.9999,,0.0,0.9307,,0.5,0.8000,,First_snowboard_company_certified_B_Corporation,0.9998,,56.0,0.9307,,0.7,0.8000,,Carbon_I_Beam_ultra_light_carbon_backbone,0.8786,,,,,0.7,0.7000,,Frostbite_Edges_enhanced_edge_hold_hardpack_ice,0.8810,,,,,,,,,,,,,,,,,Burton_Killroy_Twin_discontinued,0.9212,,,,,,,,,0.9785,,87.2,0.9743,,,,,,0.9785,,,,,,,
yuGjSr8tzf,Salomon_SAS_Annecy_France,Jetstream,,0.9999,,0.7,0.9000,Aspen_SLCT_Core_FSC:0.9944|Aero_Core_Balsa_Poplar:0.0056,1049.99,0.6300,,1.0,0.9990,,Ride_Psychocandy_tapered_directional_unisex_freeride,0.9915,,50pct_Recycled_Sintered_Base,0.9999,,,,,7.0,0.9549,,2025,0.8000,,,,,,,,Advanced_Expert,0.6282,Advanced_Expert:0.6282|Intermediate_to_Advanced:0.3718,3.0,0.9998,,,,,Olive_wood_veneer,0.9938,,Nils_Mindnich_and_Wolle_Nyvelt,0.8989,,3400,0.4826,,Primarily_China,0.6918,,,,,,,,,,,,,,,,,,,,,,,,0.9836,,Salomon,0.9991,,2x4_Inserts,0.6300,,Tapered_Directional,0.9999,,146_149_153_157_160_163_166cm,0.9929,146_149_153_157_160_163_166cm:0.9929|153_157_160_163cm:0.0049|153_157cm:0.0022,2026,0.9816,2026:0.9816|2027:0.0184,Unisex,0.9945,,BA_MD_BIAX_MD_European_fiberglass,0.9991,,Snowboard,0.9984,,,0.6300,,2.0,0.9501,,,,,FSC_certified_wood,0.9974,,,,,,,,Ghost_Carbon_Beams_Plus,0.9991,,66pct_Recycled_ABS,0.9914,66pct_Recycled_ABS:0.9914|100pct_Recycled_ABS:0.0086,0.65,0.6000,,20pct_Recycled_edges,0.9938,,,,,Radial_Sidecut,0.9999,,0.5,0.5000,,,,,,,,,,,,,,,,,,,,,,,,,,,,,,,,,,
yuK3bW43g2,Burton_Snowboards_founded_1977_Burlington_VT,Family_Tree_Alekesam,,0.9960,,0.9,0.9000,,899.99,0.9974,,0.8,0.8000,,Lib_Tech_Orca_more_nose_rocker_better_powder_float,0.9343,,Sintered_WFO_high_density_wax_infused,0.9954,,79.5,0.9948,,6.5,0.8040,6.5:0.8040|8.0:0.1960,2023,0.9974,,,,,7.2,0.9948,,Intermediate_to_Advanced,0.9950,,3.0,0.8000,,0.5,0.5000,,Bird_themed_Audubon_macaw_parrot,0.9945,,Selema_Masekela,0.9539,,2660.0,0.9871,,Keil_Nindl_GmbH_Uttendorf_Austria,0.9993,,0.65,0.6000,,,,,25.6,0.9948,,105.0,0.6000,,119.1,0.9948,,7.5,0.9948,,,,,,0.9931,,Burton,0.9985,,The_Channel_Burton_adjustable_stance_all_bindings,0.9960,,Tapered_Directional,0.9958,,140_144_148_152_156_160cm,0.9931,,2026,0.9985,,Unisex_gender_neutral_female_friendly_sizing,0.9944,,Triax_fiberglass_above_below_core,0.9949,,Snowboard,0.9974,,,0.9925,,25.0,0.6044,25.0:0.6044|neg50:0.3956,0.4,0.8000,,Certified_B_Corporation,0.9839,,,,,0.35,0.8000,,Carbon_I_Beam_ultralight_backbone_bottom_triax,0.9949,,,,,,,,,,,2.0,0.8000,,,,,15.0,0.9960,,,,,0.4,0.7000,,,,,,,,,,,,,,88.3,0.9840,,,,,,,,,,,,,
z3zMzKG4EW,Bataleon_Low_Pressure_Studio_Nidecker_Group,Chaser,,0.9346,,0.5,0.8000,,615.99,0.9974,,0.6,0.7000,,YES_Basic,0.6070,,Hyper_Glide_S,0.9985,,75.0,0.9963,,3.0,0.9986,,2018,0.6000,,29.3,0.9963,,7.75,0.9963,,Beginner_to_Intermediate,0.9949,,2.0,0.8000,,0.8,0.8000,,Not_described_in_technical_specs,0.3226,,,,,,,,Austria_CAPiTA_Mothership,0.9976,,,,,,,,25.1,0.9963,,85.0,0.8000,,118.7,0.9963,,8.0,0.9963,,29.9,0.8000,,,0.9998,,Bataleon,0.9998,,2x4_inserts,0.9563,,Directional_Twin,0.9535,,149_152_155_157_159_159W,0.9985,,2025/2026,0.9963,,Mens,0.9963,,Bi_Axial_fiberglass_two_way_weave,0.9986,,Snowboard,0.9998,,,0.9680,,,,,0.2,0.4396,,,,,53.0,0.7000,,0.4,0.8000,,Two_hardwood_beech_stringers_tip_to_tail,0.9993,,FlexWalls_urethane_poured,0.9985,,,,,3D_base_shaping_reduces_edge_catch_maintains_ollie_carving,0.9948,,2.4,0.7000,,,,,0.3,0.4000,,Standard_2x4_wide_variety_stance_options,0.6623,,0.75,0.7000,,Entry_level_all_mountain_since_2019,0.4375,,,,,0.75,0.8000,,,,,,,,,,,,,,,,,,,
zWJWle90lc,,Magnum,,0.9695,Cam_Out_Camber:0.9695|True_Camber:0.0305,0.6,0.7000,,1049.99,0.9406,,0.5,0.7000,,Amplid_Big_Kahuna,0.5980,,Sintered_EcoSpeed_HD_Base_recycled,0.9923,,75.0,0.9923,,7.0,0.9923,,1997,0.8000,,31.65,0.9620,31.7/31.6:0.9620|31.0/31.6:0.0380,4.1,0.8000,,Intermediate,0.9295,,2.0,0.9890,,,,,,,,Tommy_Delago,0.8215,,2400,0.6000,,,,,,,,,,,,,,,,,,,,,,,,,,,0.9295,,Nitro,0.9923,,2x4_inserts,0.9295,,Directional,0.9923,,159W_163W_167W_171W,0.9923,,2027,0.8215,,Mens,0.9295,,Bi_Lite_Laminates_fibres_two_directions,0.9966,,Snowboard,0.9923,,10.0,0.9923,,-15.0,0.9923,,0.6,0.4384,,100pct_solar_power,0.9923,,56.0,0.8000,,,,,Overlaying_sidecut_extended_width_edge_control,0.9923,,ABS_Sidewalls_35pct_recycled_polymers,0.9923,,0.75,0.4673,,Recycled_Steel_Edge_50pct_recycled,0.9923,,2.6,0.6000,,Dual_Degressive_smaller_radius_centre,0.9923,,,,,,,,,,,,,,109.0,0.9923,,0.35,0.7000,,,,,,,,,,,,,,,,,,,
zZWVCKWytq,Salomon_SAS_Annecy_France,Sleepwalker,,0.9584,,0.65,0.8000,,769.99,0.9462,,0.8,0.8000,,Capita_Ultrafear_549_95_true_twin_cork_dampening,0.9931,,Sintered_base,0.9584,,70.0,0.9548,,3.0,0.5716,3.0:0.5716|4.0:0.4284,2017,0.8000,,29.7,0.9548,,8.0,0.9548,,Intermediate_Advanced,0.9336,Intermediate_Advanced:0.9336|Beginner_Intermediate:0.0664,2.0,0.8000,,0.8,0.8000,,Mad_scientists_electrifying_mishap_theme,0.7720,,Tommy_Gesme,0.9972,,,,,,,,,,,,,,25.2,0.9548,,77.5,0.8000,,120.5,0.9548,,8.2,0.9548,,29.9,0.9548,,,0.9516,Freestyle_Park_and_Jib:0.9516|Freestyle:0.0484,Salomon,0.9982,,2x4_inserts,0.9576,,True_Twin,0.9584,,148_151_153_155_158_155W_158W,0.9906,,2027,0.9924,,Mens,0.9983,,BA_MD_Biaxial_Medium_Density_Fiberglass,0.9569,,Snowboard,0.9987,,,0.9706,,0.0,0.8664,,0.5,0.5755,,FSC_certified_wood_core_and_ABS_sidewalls,0.6875,,56.0,0.9548,,0.6,0.7000,,Popster_milled_core_for_pop,0.9971,,ABS_Sidewalls,0.6045,,0.75,0.8000,,,,,,,,EQ_Rad_Sidecut,0.7809,EQ_Rad_Sidecut:0.7809|Quadratic_Sidecut:0.2191,0.0,0.8664,,SM_148_153_ML_155_158W,0.9462,,0.8,0.7000,,,,,,,,,,,,,,,,,,,,,,,,,,,,
zbnBF7cZrf,Mervin_Manufacturing,Something_Gnu,,0.9965,,0.85,0.7000,,1099.99,0.8531,,0.3,0.5000,,Lib_Tech_Orca_directional_freeride_powder,0.8414,,Sintered_Knife_Cut,0.9540,,65.0,0.6000,,6.0,0.6949,6.0:0.6949|6.5_to_8.0:0.3051,2025,0.9675,,30.4,0.9974,,6.33,0.7000,,Not_explicitly_stated,0.9914,,1.0,0.9957,,,,,Eco_Sublimated_Poly_Top,0.9614,,Pete_Saari,0.9957,,,,,Sequim_Washington_USA,0.9997,,,,,,,,25.3,0.9974,,80.0,0.6000,,,,,6.33,0.8000,,31.15,0.8000,,,0.9964,,GNU,0.9998,,2x4_inserts,0.8531,,Directional,0.9964,,151_156_161_169cm,0.9974,,2026,0.9940,,,,,Triaxial_Biaxial_alloy_glass,0.9540,,Snowboard,0.9940,,,0.9996,,4.0,0.9974,,0.5,0.8000,,Zero_hazardous_waste_production,0.9997,,51.12,0.8000,,,,,Carbon_power_bands,0.8842,,UHMW_Sidewalls,0.9540,,0.6,0.6000,,Magne_Traction,0.9540,,,,,Progressive_sidecuts,0.9964,,,,,,,,0.8,0.8000,,,,,108.0,0.9974,,,,,,,,,,,,,,,,,,,,,,
zeJXkvuhnS,Never_Summer_Industries,Easy_Rider,,0.9926,,0.65,0.6000,,999.99,0.9974,,0.7,0.7000,,Burton_Custom_CAPiTA_DOA_K2_Alchemist_Lib_RC_Jones_MT_YES_Standard_GNU_Money,0.8526,,Durasurf_XT_Sintered_5501,0.9896,,,,,4.5,0.8721,4.5:0.8721|5.5:0.1047,2023,0.8000,,30.1,0.9896,,7.64,0.6000,,All,0.9896,,,,,0.85,0.8000,,,,,,,,3357.0,0.9853,,Denver_Colorado_USA_handcrafted,0.9995,,,,,,,,25.3,0.9896,,,,,122.0,0.9896,,,,,,,,,0.9465,,Never_Summer,0.9926,,2x4_inserts,0.9964,,True_Twin_symmetrical,0.9977,,148_152_154_157_160,0.9896,,2027,0.9551,,Mens,0.9637,,Carbon_Max_BiLite_Fiberglass_STS_PreTensioned,0.9896,,Snowboard,0.9926,,7.0,0.9896,,0.0,0.9896,,0.4,0.7000,,,,,,,,0.95,0.9000,,Advanced_top_bottom_carbon_matrix,0.9917,,UHMW_Ultra_High_Molecular_Weight_PE,0.9896,,0.75,0.7000,,Full_Wrap_Metal_Edge,0.9963,,2.5,0.7000,,Multiple_radii_additional_contact_flat_middle_deeper_tips,0.9341,,0.0,0.9968,,Standard_or_mini_disk_on_2x4_inserts,0.9465,,,,,Proto_Type_2_shape_carbon_flex,0.9853,,,,,0.55,0.7000,,,,,,,,,,,,,,,,,,,
zgd1w5U433,Burton_Snowboards_founded_1977_Vermont_USA,Custom_X,,0.9962,,0.8,0.7000,,1199.99,0.9984,,0.4,0.6000,,Jones_Flagship_rocker_contacts_mellows_camber,0.9146,,Sintered_WFO_high_density,0.9953,,79.5,0.9958,,8.0,0.9852,8.0:0.9852|7.0:0.0148,2004,0.9984,,29.43,0.9958,,7.8,0.9958,,Advanced,0.9948,,3.0,0.8000,,0.7,0.7000,,,,,Burton_riders_Olympic_competition_backcountry,0.8412,,2720.0,0.9905,,Kiel_Nindl_GMBH_Austria,0.6693,,,,,,,,25.2,0.9998,,79.5,0.8000,,119.5,0.9958,,7.9,0.9958,,,,,,0.9738,,Burton,0.9974,,The_Channel_all_major_bindings,0.9953,,Directional_Twin,0.9962,,150_154_156_158_162_158W_162W_166W,0.9963,,2027,0.9986,,Mens,0.9963,,Triax_fiberglass_with_Carbon_I_Beam,0.9991,,Snowboard,0.9974,,9.0,0.9922,,-1.25,0.9958,,0.5,0.8000,,B_Corp_certified,0.9925,,53.0,0.9958,,0.9,0.9000,,Multizone_EGD_perpendicular_wood_grain_4_zones,0.9933,,,,,0.65,0.7000,,Frostbite_Edges_extend_under_bindings,0.9955,,,,,,,,,,,Channel_requires_Burton_inserts_works_all_brands,0.9370,,0.35,0.7000,,Continuous_since_2004_incremental_updates,0.9659,,,,,0.8,0.8000,,,,,91.5,0.9912,,,,,,,,,,,,,
