product_guid,manufacturer,model_name,camber_profile,camber_profile_confidence,camber_profile_posterior,core_material,core_material_confidence,core_material_posterior,price,price_confidence,price_posterior,availability,availability_confidence,availability_posterior,comparable_board,comparable_board_confidence,comparable_board_posterior,base_material,base_material_confidence,base_material_posterior,recommended_weight_range,recommended_weight_range_confidence,recommended_weight_range_posterior,flex_rating,flex_rating_confidence,flex_rating_posterior,model_first_available_year,model_first_available_year_confidence,model_first_available_year_posterior,tip_tail_width,tip_tail_width_confidence,tip_tail_width_posterior,sidecut_radius,sidecut_radius_confidence,sidecut_radius_posterior,rider_level,rider_level_confidence,rider_level_posterior,warranty,warranty_confidence,warranty_posterior,reviewer_opinion,reviewer_opinion_confidence,reviewer_opinion_posterior,topsheet,topsheet_confidence,topsheet_posterior,board_designer,board_designer_confidence,board_designer_posterior,board_weight,board_weight_confidence,board_weight_posterior,manufacturing_location,manufacturing_location_confidence,manufacturing_location_posterior,carving_rating,carving_rating_confidence,carving_rating_posterior,powder_rating,powder_rating_confidence,powder_rating_posterior,waist_width_at_156,waist_width_at_156_confidence,waist_width_at_156_posterior,recommended_weight_at_159,recommended_weight_at_159_confidence,recommended_weight_at_159_posterior,effective_edge,effective_edge_confidence,effective_edge_posterior,sidecut_radius_at_159,sidecut_radius_at_159_confidence,sidecut_radius_at_159_posterior,tip_tail_width_at_159,tip_tail_width_at_159_confidence,tip_tail_width_at_159_posterior,board_category,board_category_confidence,board_category_posterior,brand,brand_confidence,brand_posterior,mounting_pattern,mounting_pattern_confidence,mounting_pattern_posterior,shape,shape_confidence,shape_posterior,available_sizes,available_sizes_confidence,available_sizes_posterior,model_year,model_year_confidence,model_year_posterior,gender,gender_confidence,gender_posterior,laminate,laminate_confidence,laminate_posterior,product_type,product_type_confidence,product_type_posterior,terrain_suitability,terrain_suitability_confidence,terrain_suitability_posterior,setback,setback_confidence,setback_posterior,negative_aspect,negative_aspect_confidence,negative_aspect_posterior,sustainability_certification,sustainability_certification_confidence,sustainability_certification_posterior,stance_width_range_size,stance_width_range_size_confidence,stance_width_range_size_posterior,edge_hold,edge_hold_confidence,edge_hold_posterior,construction_material_innovation,construction_material_innovation_confidence,construction_material_innovation_posterior,sidewall_material,sidewall_material_confidence,sidewall_material_posterior,positive_aspect,positive_aspect_confidence,positive_aspect_posterior,edge_technology,edge_technology_confidence,edge_technology_posterior,turn_initiation_performance,turn_initiation_performance_confidence,turn_initiation_performance_posterior,sidecut_type,sidecut_type_confidence,sidecut_type_posterior,taper,taper_confidence,taper_posterior,binding_compatibility,binding_compatibility_confidence,binding_compatibility_posterior,chatter_performance,chatter_performance_confidence,chatter_performance_posterior,predecessor_model_name,predecessor_model_name_confidence,predecessor_model_name_posterior,contact_length_size,contact_length_size_confidence,contact_length_size_posterior,return_policy_terms,return_policy_terms_confidence,return_policy_terms_posterior,jibbing_rating_tgr,jibbing_rating_tgr_confidence,jibbing_rating_tgr_posterior,overall_rating_snowboardingprofiles,overall_rating_snowboardingprofiles_confidence,overall_rating_snowboardingprofiles_posterior,speed_rating_tgr,speed_rating_tgr_confidence,speed_rating_tgr_posterior,jumps_rating_tgr,jumps_rating_tgr_confidence,jumps_rating_tgr_posterior,on_snow_feel_tgr,on_snow_feel_tgr_confidence,on_snow_feel_tgr_posterior,pipe_rating_tgr,pipe_rating_tgr_confidence,pipe_rating_tgr_posterior
0AYEov1dlY,Salomon_SAS,HPS_Louif_Paradis,Rock_Out_Camber,0.6662,Rock_Out_Camber:0.6662|Powder_Camber:0.3338,Ghost_Green_Core_Paulownia_super_light,0.9974,,569.99,0.9932,,Available_155_159_163cm,0.8800,,YES_PYL_Jones_Hovercraft_Rome_Ravine_Arbor_Clovis_Lago_Open_Road,0.6442,,Sintered_EG,0.8800,,60_95kg,0.8800,,Medium,0.8788,Medium:0.8788|Stiff:0.1053|Soft:0.0160,2021.0,0.9777,,Nose_302mm_Tail_297mm,0.8800,,,,,Expert,0.9488,Expert:0.9488|Intermediate_Advanced:0.0512,,,,Proof_not_all_powder_boards_have_to_be_pointy,0.9777,,ABC_Wrapper_bamboo_veneers_40pct_less_fiberglass_resin,0.9974,,Louif_Paradis,0.9984,,,,,,,,,,,,,,255.0,0.8800,,70_100kg,0.8800,,1180.0,0.8800,,,,,Nose_307mm_Tail_302mm,0.8800,,All_Mountain_Freeride,0.9865,,Salomon,0.9974,,2x4_Inserts,0.8800,,Tapered_Directional,0.9525,,155cm_159cm_163cm,0.9854,,2024.0,0.8571,2024.0:0.8571|2025.0:0.1429,Unisex,0.9948,,BA_MD_Glass_biaxial_medium_density_fiberglass,0.9536,,Snowboard,0.9984,,Deep_terrain_powder_freeride_freestyle,0.5331,Deep_terrain_powder_freeride_freestyle:0.5331|Deep_powder_off_piste_backcountry_versatile_groomers:0.4669,20.0,0.9500,,,,,FSC_certified_woodcore,0.9577,,,,,Solid_Quadralizer_sidecut_AM_edge_bevel_reliable,0.8231,,Bamboo_veneers_add_liveliness_explosive_pop,0.6423,,Recycled_ABS_Sidewalls,0.9536,,,,,All_Mountain_Edge_Bevel,0.8800,,,,,Quadralizer,0.7140,Quadralizer:0.7140|Quadratic_Sidecut:0.2859,Nose_approx_5mm_wider_than_tail,0.9662,,Standard_4x4_and_2x4_compatible,0.7720,,,,,Annie_Boulanger_HPS_and_Takaharu_Nakai_HPS,0.9777,,,,,,,,,,,,,,,,,,,,,,,,,
0WO90RPV8Y,Burton_Snowboards_Burlington_VT,Cartographer,Directional_Camber,0.9914,,FSC_Certified_Super_Fly_800G_Core,0.9569,,,,,Available_Winter_2026,0.9974,,Jones_Frontier_quiver_of_one_6_10_flex_directional,0.9620,,Sintered_WFO,0.9954,,54-82kg,0.9912,,5.5,0.9422,5.5:0.9422|4-7_range:0.0578,2022,0.9479,,30.0/29.5,0.9912,,7.0,0.9912,,Advanced_to_Expert,0.6114,Advanced_to_Expert:0.6114|Intermediate_Advanced:0.3170|Intermediate:0.0715,3_year_warranty_from_purchase,0.9800,,Great,0.9839,,Picasso_to_OKeeffe_deep_lines_abstract_imagery,0.9317,,Vermont_artist_Julio_Desmont,0.9317,,,,,China,0.9997,,Great,0.9839,,Good,0.9839,,25.5,0.9912,,68-91kg,0.9912,,1142.0,0.9963,,7.3,0.9912,,30.5/30.0,0.9912,,All_Mountain_Freeride,0.9954,,Burton,0.9974,,The_Channel,0.9914,,Directional,0.9567,,144_149_154_159_162_154W_159W,0.9931,,2026,0.9974,,Unisex,0.9692,,Triax_Fiberglass,0.9917,Triax_Fiberglass:0.9917|Mystery_Glass:0.0083,Snowboard,0.9974,,Powder_and_all_mountain_riding,0.9692,,-2.5,0.9912,,Edge_hold_behind_some_peers,0.9839,,Certified_B_Corporation,0.9948,,53.0,0.9912,,Medium_Snow,0.9839,,None_standard_Triax_only_no_carbon,0.9018,,,,,Great_pop_fun_turning_rides_switch_well_versatile_quiver,0.9839,,,,,Medium_Fast,0.9839,,,,,5.0,0.8459,5.0:0.8459|15.0:0.1541,Compatible_all_major_brands_best_with_Burton_EST,0.9957,,,,,,,,,,,,,,Average,0.9839,,,,,Good,0.9839,,Great,0.9839,,Semi_Locked_In,0.9839,,Good,0.9839,
0bszvf1jUz,Rome_Snowboards_SDS,Rene,Fusion_Camber,0.9500,,Pop_Core_poplar_paulownia,0.7100,,949.99,0.7100,,Preorder_est_May_2026,0.7100,,Indoor_Survival_Shadowban_Nitro_Team_Yes_Typo_Frontier,0.5263,,SinterStrong_Base,0.7100,,65_85_kg,0.7100,,7.0,0.7100,,2026_27_season,0.7100,,,,,8.2,0.7100,,Intermediate_Advanced,0.7100,,,,,,,,,,,Rene_Rinnekangas,0.9996,,,,,,,,,,,,,,25.5,0.7100,,71_91_kg,0.7100,,122.0,0.7100,,8.4,0.7100,,,,,All_Mountain_Freestyle,0.9948,,Rome,0.9974,,2x4_Inserts,0.7100,,Directional_Twin,0.9500,,153_156_157W_159_160W,0.6308,153_156_157W_159_160W:0.6308|156_157W_159:0.3692,2027,0.7100,,Mens,0.9948,,Triax_Glass,0.9974,,Snowboard,0.7100,,All_Mountain_Freestyle_Park,0.7100,,0.0,0.7100,,Not_playful_slow_speeds_stiff,0.9341,,,,,53.3,0.7100,,Consistently_holds_edge_damp,0.9341,,Directional_Triple_Bamboo_Omega_HotRods,0.7100,,Twin_Flax_Walls_predecessor,0.9726,,,,,,,,,,,Radial_Sidecut,0.9584,,0.0,0.7100,,Not_suitable_Burton_EST_3D,0.6213,,,,,Rome_Rene_Gade,0.9922,,,,,45_day_return,0.9923,,,,,,,,,,,,,,,,,,,
0veqI4FzRH,Burton_Snowboards_founded_1977_Vermont,Process_Flying_V,Flying_V_hybrid_rocker_camber_underfoot,0.9542,,FSC_Super_Fly_II_700G,0.9967,,615.99,0.9974,,Available_2025_and_2026_model_at_549_95,0.9240,,CAPiTA_DOA_true_twin_hybrid_camber_stiffer,0.9980,,Sintered_durable_porous,0.9542,,w54_82kg_p,0.9922,,4.5,0.7633,4.5:0.7633|2.5:0.2367,2011,0.9969,,29.32,0.9301,,7.9,0.9301,,Intermediate,0.9394,,3_year_warranty_from_purchase,0.9382,,,,,Panda_graphic_glows_in_dark,0.9116,,Mark_McMorris,0.8979,,Normal_weight,0.9692,,,,,,,,,,,251.0,0.9800,,w68_91kg_b,0.9922,,1195.0,0.9381,,8.2,0.9301,,29.86,0.9301,,All_Mountain,0.9975,,Burton,0.9975,,The_Channel_all_major_bindings_best_with_EST,0.9542,,Twin_symmetrical_tip_to_tail,0.9542,,152_155_157_159_162_155W_157W_159W_162W,0.9893,,2025,0.9328,,Mens,0.9975,,Triax_triaxial_fiberglass,0.9542,,Snowboard,0.9974,,All_mountain_with_freestyle_flavour,0.9823,,12.5,0.9470,12.5:0.9470|0.0:0.0530,Not_for_aggressive_carvers_speed_chargers_pipe_icy,0.9943,,FSC_certified_core_and_Super_Sap_bio_epoxy,0.9976,,v53_0s,0.9301,,Firm_Medium_Snow_not_amazing_on_ice,0.9955,,Squeezebox_variable_thickness_core,0.9542,,,,,Very_easy_to_butter_and_press_4_of_5,0.9955,,Frostbite_Edges_extended_under_bindings,0.9542,,Medium_fast_effortless_quick_edge_to_edge,0.9800,,Single_radius_sidecut,0.9001,,,,,Channel_all_major_brands_best_with_EST,0.9389,,Handles_bumpy_terrain_well,0.9800,,,,,,,,,,,3.5,0.9800,,83.7,0.9839,,v3_0s,0.9800,,3.5,0.9800,,,,,Weakest_too_soft_edge_hold_insufficient,0.9800,
0vy5ZEFcFU,CAPiTA_by_C3_Worldwide_manufactured_Core_Srl,Aeronaut,Alpine_V3_Directional,0.9957,,Panda_Hover_Paulownia_Poplar_Bamboo_Power_Rods,0.9957,,1249.99,0.9421,,In_stock_multiple_US_EU_retailers,0.9659,,Jones_Stratos,0.8712,,HyperDrive_ADV_XT_premium_sintered_extra_thick,0.9957,,61_88kg,0.9957,,6.0,0.9976,,2024,0.9620,,30.0_29.5,0.9957,,8.5_7.5,0.9957,,Advanced_Expert,0.9839,,Structural_defects_material_workmanship_no_impact_abuse,0.9978,,Recommended_lower_end_weight_better_for_lighter_riders,0.9839,,PLT_metallic_screen_PAM16000_solventless_UV_ink,0.9970,,Arthur_Longo,0.9980,,,,,Austria_MotherShip_Feistritz,0.9998,,Great,0.9839,,Average,0.9839,,25.0,0.9957,,65_92kg,0.9957,,1215.0,0.9957,,,,,,,,All_Mountain_Freeride,0.9976,,CAPiTA,0.9976,,2x4_inserts,0.9607,,Tapered_Directional_20mm_setback,0.9976,,153_155_157_159_161_156W_158W_160W_162W,0.9957,,2027,0.9780,,Mens,0.9780,,Holysheet_Tri_Bi_triax_above_biax_below,0.9977,,Snowboard,0.9976,,,,,2.0,0.9976,,Bucks_in_uneven_soft_snow,0.9839,,Certified_B_Corp_score_98_9,0.9840,,55.9,0.9957,,Medium_Snow,0.9839,,3x25mm_CarbonFlax_Amplifier_flax_carbon_weave,0.9981,,,,,Pops_Super_Well_On_Ollie,0.9839,,,,,Fast,0.9839,,Progressive,0.9957,,0.5,0.9957,,,,,,,,,,,,,,,,,Average,0.9839,,,,,Good,0.9839,,Great,0.9839,,Semi_Locked_In,0.9839,,Good,0.9839,
0wlvcYbEX2,,Mountain_Twin_Pro,CamRock,0.9908,,Boost_Core_Bamboo_Paulownia_Poplar,0.8866,Boost_Core_Bamboo_Paulownia_Poplar:0.8866|Ultra_Core_Paulownia_Poplar:0.1134,1199.99,0.9531,,,,,Korua_Otto_K2_Manifest_Yes_Typo_Ride_Algorythm_etc,0.9219,,UHMWPE_Carbon_50pct_recycled,0.9526,,59-82kg,0.9186,,8.0,0.8894,8.0:0.8894|7.0:0.1106,2025,0.9140,,301.0,0.9186,,7.7,0.9186,,Advanced_Expert,0.9954,,,,,Same_shape_camber_as_UMT_lighter_poppier,0.9341,,Ash_veneer,0.9186,,,,,,,,SWS_Dubai_UAE,0.9840,,,,,,,,254.0,0.9186,,59-82kg,0.9186,,1210.0,0.9907,,7.8,0.9907,,296.0,0.8702,296.0:0.8702|301.0:0.1298,All_Mountain,0.9186,,Jones_Snowboards,0.9186,,2x4_Inserts,0.9186,,Directional_Twin_Medium_3D_Contour_Base,0.9186,,154cm_157cm_156W_159W,0.9186,,2027,0.9186,,Mens,0.9771,,Basalt_Pro_Layup_full_basalt,0.9186,,Snowboard,0.9186,,9.0,0.9186,,0.0,0.9186,,,,,27pct_plant_based_carbon_33pct_less_CO2,0.6406,,580.0,0.9186,,Incredible,0.8358,,Forever_Flex_overbuilt_then_broken_in,0.9186,,Recycled_ABS_round_finish,0.9954,,,,,Traction_Tech,0.8700,Traction_Tech:0.8700|High_Traction_Tech:0.1300,Medium_fast_bordering_medium,0.9449,,Progressive_Sidecut,0.7253,,0.0,0.9907,,Union_Force_or_Jones_Meteorite,0.8358,,,,,Jones_Ultra_Mountain_Twin,0.9346,,,,,30_days_new_unused_buyer_covers_return,0.9726,,Not_ideal_for_jibs_okay_for_pipe,0.9449,,,,,,,,Very_good_choice_big_kickers,0.9449,,,,,,,
1D2Fxhz6Eo,Mervin_Manufacturing,Facts,OB_Original_Banana_BTX_Hybrid,0.9986,,G_Lite_1_Core,0.9535,,699.99,0.9931,,Not_stocked_at_Tactics,0.9032,,Burton_Cultivator,0.8609,,Extruded_Eco_Knife_Cut_Co-Ex,0.5506,Extruded_Eco_Knife_Cut_Co-Ex:0.5506|Sintered_Knife_Cut_Co-Ex:0.4494,110+lbs_50+kg,0.9948,,5.0,0.9586,5.0:0.9586|4.0:0.0414,New_for_2026,0.7561,,29.8/29.8,0.9948,,8.2,0.9948,,Beginner-Intermediate,0.9541,,Defects_in_materials_and_workmanship,0.9999,,,,,Eco_Sublimated_Poly_Topsheet,0.9973,,Sam_Davidson_Anti_Hero,0.9569,,,,,Sequim_Carlsborg_Washington_USA,0.9994,,,,,,,,25.4,0.9948,,130+lbs_60+kg,0.9948,,,,,8.3,0.9948,,30.2/30.2,0.9948,,Freestyle-All_Mountain,0.9535,,GNU,0.9978,,2x4_Inserts,0.9001,,Directional_Twin,0.9986,,147_150_153_156_159_156W_159W_162W,0.9974,,2025-2026,0.9707,2025-2026:0.9707|2027_Southern_Hemisphere:0.0244,Mens,0.9847,,Tri-Ax_Bi-Ax_Fiber_alloy_glass,0.8802,,Snowboard,0.9985,,Resort_freestyle_all_mountain,0.9994,,0.75,0.9948,,,,,FSC_certified_core_wood,0.9533,,19.24-24,0.9948,,Serrated_steak_knife_unreal_edge_hold,0.9994,,,,,UHMW_Polyethylene,0.9001,,,,,Magne-Traction_7_serrations,0.9998,,Easy_and_catch_free,0.9942,,,,,,,,Standard_2x4_all_major_binding_brands,0.9001,,Nerve_wracking_at_speed,0.5529,,,,,119.0,0.9948,,Up_to_full_year_return,0.8324,,,,,,,,,,,,,,,,,,,
1JvX9FmL2G,Rossignol_Skis_Rossignol_SA,District,AmpTek_Auto_Turn_Rocker_Camber_Rocker,0.9943,,Wood_5620,0.9459,Wood_5620:0.9459|Wood_6420:0.0541,299.99,0.9742,,Available_Australian_retailer,0.9579,,K2_Standard_similar_rocker_soft_twin_beginner,0.9827,,4400_Extruded,0.9508,4400_Extruded:0.9508|Extruded_4800:0.0492,60_to_85kg,0.9524,,5.0,0.9644,,2011_2012_season,0.8763,,294_250_294mm,0.9524,,7.5,0.9948,,Beginner_to_Intermediate,0.9934,,Defects_in_workmanship_and_materials,0.8414,,,,,Silkscreened_graphics,0.7979,,,,,2800.0,0.9931,,,,,,,,,,,250.0,0.9524,,75_to_100plus_kg,0.9524,,1170.0,0.9524,,7.9,0.9202,7.9:0.9202|7.8:0.0798,297_252_297mm,0.9524,,Freestyle,0.7180,Freestyle:0.7180|All_Mountain:0.2820,Rossignol,0.9956,,4x4_insert_pattern,0.9800,,True_Twin,0.9947,,146_151_155_156W_159_161W,0.9620,,2020,0.9956,,Mens,0.9964,,Glass_Fiber,0.9992,,Snowboard,0.9956,,All_Mountain_Freestyle,0.9579,,0.0,0.9974,,Soft_flex_rocker_reduces_high_speed_stability,0.8530,,FSC_Certified_wood_core,0.9742,,54_to_62cm,0.9948,,Rocker_dominant_reduces_edge_grip_less_suitable_icy,0.8530,,None_not_listed_entry_level_board,0.6667,,ABS,0.9858,,Strong_value_cheapest_beginner_board_reasonable_construction,0.9949,,,,,Effortless_AmpTek_maneuverability,0.9993,,Deep_progressive,0.9037,,,,,Standard_4x4_insert_compatible_with_most_bindings,0.9742,,,,,,,,,,,,,,,,,,,,,,,,,,,,,,,
1VrBAwE1ov,Nidecker_SA_Rolle_Switzerland,The_Gun,Surfy_CamRock,0.7801,,Light_Core_Paulownia_Poplar_Beech,0.7801,,1099.99,0.7801,,In_stock,0.5183,In_stock:0.5183|PREORDER:0.4817,Korua_Cafe_Pencil,0.5714,,N_9000_Sintered,0.7801,,75_plus_kg,0.9500,,8.0,0.7801,,,,,290.0,0.5500,290.0:0.5500|298.0:0.4500,10.0,0.9554,,Advanced,0.7801,,2yr_warranty_extendable_to_3yr,0.9902,,Excels_at_huge_fast_turns_hardpack_and_offpiste,0.9499,,Absorbnid_Topsheet,0.7801,,Mike_Basich,0.9777,,,,,,,,,,,,,,,,,,,,,,,,,,,,,Freeride_Powder,0.7801,,Nidecker,0.9963,,2x4_Inserts,0.7801,,Tapered_Directional,0.7801,,174cm_only,0.7801,,2027,0.7801,,Unisex,0.7801,,Triax_Plus,0.7801,,Snowboard,0.9963,,Big_mountain_steeps_powder_open_faces_groomers,0.9906,,35.0,0.9500,,Not_suitable_for_tight_trees_at_174cm,0.7600,,1pct_of_sales_to_environmental_initiatives,0.9726,,520.0,0.5500,520.0:0.5500|540.0:0.4500,,,,Pop_Carbon_Plus_nose_to_tail,0.7091,Pop_Carbon_Plus_nose_to_tail:0.7091|Pop_Carbon_strategic_placement:0.2909,Slim_ABS_sidewall,0.5527,,,,,,,,,,,Single_radius_10m,0.5914,Single_radius_10m:0.5914|Multi_radius_20_10_15_5m:0.4086,8.0,0.6601,,Works_with_any_binding,0.9853,,,,,,,,1080.0,0.6601,,Return_unused_within_30_days_full_refund,0.9853,,,,,,,,,,,,,,,,,,,
1dpFmvUwSW,Mervin_Manufacturing,Gremlin,C3,0.9985,,G_Lite_2_Core,0.9588,,969.99,0.9974,,In_stock_30pct_off,0.9957,,Lib_Tech_Orca_Jones_Hovercraft_Endeavor_Scout_etc,0.9808,,Fast_sintered_die_cut_to_reduce_waste,0.9937,,,,,6.0,0.9767,6.0:0.9767|7.0:0.0233,2021,0.7065,,,,,,,,Advanced_to_Expert,0.9983,,Structural_defects_only_no_impact_abuse,0.9594,,Good,0.9840,,Eco_Sublimated_Poly_Texture_Topsheet,0.9948,,Gnu_Gift_Shop,0.9957,,Heavier_than_average_for_length_contributes_damping,0.8689,,Handbuilt_USA_Sequim_Washington,0.9994,,Excellent,0.9840,,Good,0.9840,,,,,,,,,,,,,,,,,All_Mountain_Freeride,0.9975,,GNU,0.9984,,2x4_Inserts,0.9948,,Tapered_Directional,0.9975,,144_148_152_155_158_161cm,0.9984,,2026,0.9984,,Mens,0.9140,,Triaxial_Biaxial_Fiberglass,0.9588,,Snowboard,0.9984,,Powder_hardpack_icy_groomers_all_mountain,0.9948,,2.0,0.9957,,Base_glide_below_average_especially_soft_snow,0.9985,,Zero_hazardous_waste_manufacturing,0.9346,,,,,Icy_Snow_top_tier,0.9840,,,,,UHMW_Polyethylene,0.9948,,Exceptional_edge_hold_icy_conditions_MagneTraction_C3,0.9985,,Magne_Traction,0.9985,,Medium,0.9840,,,,,12.0,0.9871,,Bent_Metal_Axtion_matching_teal_2026,0.7790,,,,,,,,,,,,,,Average,0.9840,,,,,Good,0.9840,,Good,0.9840,,Semi_locked_in_tracks_well,0.9840,,,,
2IvmhQew1q,CAPiTA_Snowboards_founded_Seattle_2000,Kazu_Kokubo_Pro,Resort_V3_Directional,0.9838,,Panda_Hover_Core_Paulownia_Poplar_Bamboo_Power_Rods,0.9838,,1249.99,0.9838,,PREORDER_estimated_May_1_2026,0.9816,,Amplid_Souly_Grail_K2_Alchemist_Burton_Skeleton_Key_YES_PYL_Weston_Backwoods_and_more,0.8989,,Hyperdrive_ADV_XT_premium_sintered_PE_highest_antifriction,0.9838,,59-86,0.9771,,7.0,0.6471,7.0:0.6471|6.5:0.3529,2016_2017_season,0.9548,,30.4/29.5,0.9771,,8.4,0.9771,,Advanced,0.9838,,Topsheet_base_sidewall_delamination_cracking_misaligned_inserts,0.9945,,5.0,0.7317,,Skinless_Core_Ash_Woodgrain_digital_print_PAM16000_silkscreened,0.9838,,Kazu_Kokubo_Kazuhiro_Kokubo_Japanese_professional_snowboarder,0.9994,,Significantly_lighter_than_average,0.9044,,Feistritz_an_der_Gail_Carinthia_Austria_The_Mothership,0.7309,,Exceptional_deep_grippy_carve_takes_effort,0.8824,,,,,25.5,0.9771,,63-90,0.9771,,1222.0,0.9771,,8.6,0.9771,,,,,All_Mountain_Freeride,0.9974,,CAPiTA,0.9974,,2x4_Inserts_stainless_steel,0.9838,,Tapered_Directional,0.9997,,151_154_157_160_155W_158W_161W,0.6044,151_154_157_160_155W_158W_161W:0.6044|155_158_161_164_167:0.3956,2027,0.9974,,Mens,0.6593,,Holysheet_Tri_Bi_triaxial_above_biaxial_beneath,0.9838,,Snowboard,0.9974,,Backcountry_all_mountain_variable_terrain_powder,0.9838,,2.0,0.9996,,Not_for_beginners_could_knock_confidence,0.8824,,Certified_B_Corporation_B_Impact_Score_98_9,0.9771,,55.9,0.9771,,Very_good_close_to_full_traditional_camber,0.9044,,4x25mm_CarbonFlax_Amplifier,0.9547,4x25mm_CarbonFlax_Amplifier:0.9547|3x25mm_CarbonFlax_Amplifier:0.0453,Full_ABS1000_Sidewalls,0.5247,,Versatile_for_sidecountry_powder_mornings_transitioning_to_resort,0.9726,,360_Degree_HRC48_Steel_Edges,0.5247,,Short_and_long_radius_turns_explosive_all_speeds,0.9219,,Radical_Taper,0.9838,,7.0,0.9912,,,,,Eats_up_vibrations_and_rough_snow_well,0.9981,,,,,,,,,,,,,,,,,,,,,,,,,,,,
2LdthH7GBg,,Freecarver_9000s,True_Camber_full_camber_tip_to_tail,0.9948,,Power_Core,0.9964,,1149.99,0.8788,,evo_Tactics_Backcountry_Christy_Sports_Basement_Blauer_ERIKS_Salty_Peaks,1.0000,,Stranda_Cheater_titanal_construction,0.8716,,Sintered_9900_Base,0.4646,Sintered_9900_Base:0.4646|Sintered_9000_Base:0.2770|Sintered_8000_Base:0.2584,59-82kg_130-180lbs,0.9186,,8.0,0.6035,8.0:0.6035|7.5:0.3965,2024,0.9175,,319/310mm,0.9186,,9.2,0.9186,,Advanced,0.9103,,,,,Alternative_Freeride,0.9499,,FSC_Ash_Veneer,0.5745,FSC_Ash_Veneer:0.5745|Premium_Topsheet:0.4255,,,,,,,Dubai_UAE,0.9995,,Excellent,0.9595,,Average,0.9499,,270.0,0.9186,,67-91+kg_150-200lbs,0.9186,,1300.0,0.9186,,9.4,0.9186,,322/313mm,0.9186,,All_Mountain_Freeride,0.9138,,Jones_Snowboards,0.9974,,2x4_inserts,0.9186,,Tapered_Directional,0.9964,,152_156_160_164cm,0.9923,,2027,0.9138,,Mens_Unisex,0.6716,,Triax_Fiberglass_triple_layer_multi_directional,0.9948,,Snowboard,0.9974,,Groomers_bordercross_all_mountain,0.9103,,40.0,0.9948,,Pretty_bad_in_powder_nightmare_nose_up,0.9991,,Fair_Trade_Certified_via_Fair_Trade_USA,0.9922,,580.0,0.9186,,Hard_snow_capable,0.9595,,Basalt_Power_Stringers,0.5100,Basalt_Power_Stringers:0.5100|BComp_Carbon_Flax_Stringer_Bio_Resin:0.4900,Recycled_ABS,0.9312,,Super_camber_carver_high_speed_carves,0.9635,,Traction_Tech_3_0,0.9530,,Slow,0.9499,,Progressive_sidecut_radius_increases_toward_contact_points,0.9405,,9.0,0.9186,,Standard_4_hole_mount,0.9865,,Good,0.9499,,,,,,,,30_day_return_new_unused_buyer_pays_shipping,0.9871,,Poor,0.9499,,,,,Great,0.9595,,Good,0.9499,,Locked_in,0.9595,,Poor,0.9499,
2biFvZoeMv,Mervin_Manufacturing,Banked_Country,C3,0.9575,,G_Lite_3_FSC_Aspen_Paulownia_Carbon_Power_Bands,0.9567,,1049.99,0.9890,,Yes,0.9890,,Amplid_Souly_Grail_K2_Alchemist_United_Shapes_Cadet_Ride_Algorythm_etc,0.8691,,Sintered_Knife_Cut_Base,0.6884,,130_plus_lbs,0.9948,,7.0,0.6959,7.0:0.6959|8.0:0.3041,2022,0.9909,,29.4/29.2,0.9948,,8.2,0.9948,,Advanced_to_Expert,0.9871,,,,,All_Mountain,0.8941,,Eco_Sublimated_Poly_Topsheet,0.9008,,Temple_and_Cannon_Cummins,0.9970,,,,,Carlsborg_Sequim_Washington_USA,0.9993,,great_carve,0.8941,,average_pow,0.8941,,25.3,0.9948,,140_plus_lbs,0.9948,,,,,8.3,0.9948,,29.6/29.4,0.9948,,All_Mountain_Freeride,0.9953,,GNU,0.9967,,2x4_Inserts,0.9008,,Tapered_Directional,0.6879,,155_159_160W_162_163W,0.9696,155_159_160W_162_163W:0.9696|155_159_160W:0.0304,2026,0.9993,,Mens,0.7843,,Triaxial_Biaxial_alloy_glass,0.7888,,Snowboard,0.9948,,All_mountain_powder_hardpack_ice_banked_slalom,0.9871,,1.5,0.9375,1.5:0.9375|2.25:0.0625,Thirsty_base_needs_constant_waxing,0.8941,,Zero_hazardous_waste_FSC_woods_water_solvents_eco_print,0.9897,,19in_to_24in_1_5in_setback,0.9948,,Hard_Snow_excellent,0.8941,,Carbon_Power_Bands,0.6879,,UHMW_Polyethylene,0.6930,,Very_poppy_carves_well_excellent_grip_all_conditions,0.8941,,Progressive_Pro_Magne_Traction,0.9998,,Fast,0.8941,,,,,Mild_only_a_few_mm,0.8691,,,,,,,,GNU_Billy_Goat,0.9989,,112.0,0.9948,,,,,average_jib,0.8941,,Rank_7_of_27_freeride_boards,0.8111,,great_speed,0.8941,,great_jumps,0.8941,,Semi_Locked_In,0.8941,,great_pipe,0.8941,
2jxEAJa3Fk,Jones_Snowboards_Nidecker_US_Inc_Truckee_CA,Frontier_2.0,Directional_Camber_Rocker,0.9957,,Master_Core_Poplar_Paulownia,0.9957,,899.99,0.9000,,PREORDER,0.9000,,Jones_Flagship_749.95_stiffer_freeride,0.9940,,Sintered_8000_Base,0.9957,,140-190lbs_64-86kg,0.9948,,Friendly_flex_fun_loving,0.6909,Friendly_flex_fun_loving:0.6909|Very_soft_almost_jib_park:0.2559|Mellow_flex_playful:0.0532,2025_2026_season,0.7262,,30.2,0.9957,,7.8,0.9957,,Beginner_Intermediate_Expert_progress_2of5,0.9948,,2yr_warranty_plus_1yr_extension,0.6722,,Very_easy_but_flex_massively_softer_dealbreaker,0.9283,,Premium_Topsheet,0.9957,,Inaki_Odriozola,0.9726,,2700.0,0.9948,,SWS_Solico_Dubai_UAE,0.9972,,,,,,,,,,,,,,,,,,,,,,,Mellow_freeride,0.9020,Mellow_freeride:0.9020|All_Mountain-Freeride:0.0980,Jones_Snowboards,0.9957,,2x4_Inserts_Standard_Pack,0.9974,,Tapered_Directional,0.9957,,150_153_155W_156_158W_159_161W_162_164W_165_167W,0.9957,,2025/2026,0.8593,2025/2026:0.8593|2027:0.1407,Mens,0.9957,,Biax_Fiberglass_with_Bio_Resin,0.9957,,Snowboard,0.9957,,Groomers_powder_all_mountain,0.9000,,20.0,0.9957,,Not_a_dedicated_park_board,0.9673,,Fair_Trade_Certified,0.9252,,56.0,0.9957,,Excellent,0.9673,,,,,Recycled_ABS,0.9957,,Easy_to_butter_on_groomers_soft_flex,0.9673,,Oversize_recycled_steel_edges,0.7170,,Quick_turns_slow_to_moderate_speeds,0.9253,,,,,5.0,0.9957,,,,,Reports_of_chatter_at_high_speeds_due_to_softness,0.9594,,Jones_Frontier_original_last_2025MY,0.9151,,115.5,0.9957,,30day_return_new_unused_buyer_pays_shipping,0.9957,,,,,,,,,,,,,,,,,,,
34xl4zXkIS,Rome_Snowboards_founded_2001,Viper,Fusion_Camber,0.9375,Fusion_Camber:0.9375|Hybrid_Positive:0.0625,Stomp_Core_poplar_only,0.6987,Stomp_Core_poplar_only:0.6987|Stomp_or_Pop_Core_poplar_paulownia_blend:0.3013,999.99,0.9579,,Pre_order_some_sizes_sold_out,0.9997,,Jones_Mountain_Twin_directional_twin_camber_579_95,0.9211,,SinterStrong_sintered_base,0.9949,,65_85,0.9959,,6.0,0.9964,,2026_new_model,0.9995,,,,,8.6_6.6_8.6,0.8051,,Intermediate_Advanced,0.9839,,,,,,,,,,,Stale_Sandbech_and_Rene_Rinnekangas,0.9594,,,,,Titan_Factory_China,0.9890,,,,,,,,25.4,0.9949,,69_89,0.9959,,121.1,0.9949,,8.7_6.7_8.7,0.8051,,,,,All_Mountain_Freeride,0.9839,,Rome_SDS,0.9958,,2x4_inserts,0.9949,,Directional_Twin,0.9964,,154_156_158_160W_162W,0.9951,,2027_FW_2026_27,0.9996,,Mens,0.9964,,Triax_Upper_and_Lower_Glass,0.9949,,Snowboard,0.9974,,Groomers_fresh_snow_changing_terrain_all_mountain,0.9799,,0.0,0.9513,,,,,,,,49.3_53.3_61.3,0.9959,,Strong_consistent_hold_on_edge,0.9888,,Directional_Diamond_3D_nose,0.9994,,,,,Yes_dependable_one_board_quiver,0.9945,,,,,Smooth_forgiving_entry_reduced_edge_catch,0.9888,,Tri_Radial_Sidecut_three_radii,0.9839,,0.0,0.9964,,Compatible_most_bindings_2x4,0.8047,,,,,,,,,,,45_day_return_from_delivery,0.9912,,,,,,,,,,,,,,,,,,,
3EvvgTQAkz,Jones_Snowboards_Nidecker_Group,Tweaker_Pro_2.0,True_Camber_full_camber,0.9963,,Boost_Surf_Core,0.9549,Boost_Surf_Core:0.9549|Boost_Core:0.0451,1099.99,0.9502,,Preorder,0.9500,,CAPiTA_Super_DOA_4_67_of_5,0.7330,,Sintered_8000,0.9963,,130_180lbs_59_82kg,0.9963,,7.5,0.5432,7.5:0.5432|8.0:0.3187|7.0:0.1381,2025_model_year,0.8275,,29.4,0.9386,29.4:0.9386|29.8:0.0614,7.8,0.9386,7.8:0.9386|7.6:0.0614,Advanced_to_Expert,0.9994,,,,,,,,Premium_durable_scratch_resistant,0.9963,,Jimmy_Goodman,0.8197,,2900.0,0.9923,,Dubai_SWS_Board_Technology,0.8108,,,,,,,,25.4,0.9963,,140_190lbs_64_86kg,0.9963,,120.0,0.9386,120.0:0.9386|121.6:0.0614,,,,,,,Freestyle_All_Mountain_Freestyle,0.9003,,Jones_Snowboards,0.9978,,2x4_inserts_Standard_Pack,0.9963,,True_Twin_symmetrical,0.9963,,146_149_151_154_156_157W_159,0.9990,,2027,0.9937,,Mens,0.9978,,Basalt_Pro_Layup_basalt_fibre,0.9927,,Snowboard,0.9978,,8.0,0.9963,,0.0,0.9963,,Too_stiff_for_casual_park_riders_pressing_rails,0.8577,,Fair_Trade_Certified_since_2024_25,0.9991,,54.0,0.9386,54.0:0.9386|56.0:0.0614,Phenomenal_Traction_Tech_ice_hardpack,0.8577,,Aerospace_derived_synthetic_core_dampening_swing_weight,0.9923,,Recycled_ABS_round_finish,0.9963,,Exceptional_carving_for_park_board,0.8577,,Medium_Traction_Tech_multiple_contact_points,0.9923,,Bit_slow_edge_to_edge_size_dependent,0.9219,,Progressive_sidecut,0.8371,,0.0,0.9963,,,,,Basalt_Pro_damping_composed_at_speed,0.7008,,Jones_Tweaker_Pro_2025_2026,0.8275,,,,,30_days_unused_buyer_return_shipping,0.9923,,,,,,,,,,,,,,,,,,,
3wOygBFu3i,Salomon_SAS_Annecy_France,Sight,Cross_Profile_Rocker_Camber_Rocker,0.9985,,Aspen_Strong_FSC_wood,0.9553,,649.99,0.9500,,Listed_on_salomon_com,0.9963,,Nidecker_Escape_Amplid_Singular_Burton_Instigator,0.9730,,Extruded_EG,0.9573,,65_90kg,0.9301,,5.0,0.8583,5.0:0.8583|4.0:0.1417,2012_2013_season,0.9579,,29.9/29.6cm,0.9301,,,,,Beginner_Advanced,0.5529,Beginner_Advanced:0.5529|Beginner_Intermediate:0.2738|Intermediate_Advanced:0.1733,2_year_manufacturer_defects,0.9933,,All_Mountain,0.9681,,,,,,,,,,,Global_France_Bulgaria_Asia,0.9886,,Good,0.9681,,Poor_needs_back_leg_work,0.9681,,252.0,0.9301,,w65_90r,0.9301,,118.0,0.9301,,,,,,,,All_Mountain,0.5328,All_Mountain:0.5328|All_Mountain_freeride_inspired:0.4653,Salomon,0.9985,,2x4_Inserts,0.9556,,Tapered_Directional,0.9985,,147_150_153_156_159cm,0.9539,,2025,0.9950,,Mens,0.9946,,BA_LD_low_density_fiberglass,0.6060,BA_LD_low_density_fiberglass:0.6060|BA_MD_medium_density_fiberglass:0.3940,Snowboard,0.9985,,All_mountain_freeride_powder,0.9893,,_10.0,0.9681,,,,,FSC_certified_wood_strips,0.9374,,,,,Medium_Snow,0.9681,,,,,ABS_sidewalls_Royal_Cork_Rails,0.9437,,,,,,,,Medium_Fast,0.9681,,Quadratic_Sidecut,0.9631,,Tapered_2_to_20mm,0.9460,,,,,Good_handles_chewed_groomers,0.9681,,Salomon_Ace,0.9793,,,,,,,,Average_not_best_rail_jib,0.9681,,,,,Poor_limited_by_base_and_flex,0.9681,,Good_pop_for_ollies_stable,0.9681,,Stable,0.9681,,Good_beginner_pipe_board,0.9681,
4L0uIaTGot,,Basher,Flat_Out_Rocker,0.9820,Flat_Out_Rocker:0.9820|Cam_Out_Camber:0.0180,PowerCore_II_Poplar_Beech,0.9957,,999.99,0.9974,,In_stock,0.9660,,Jones_Stratos_Ride_Twinpig_Lib_Tech_Skate_Banana_CAPiTA_Aeronaut,0.8246,,Sintered_EcoSpeed_HD_85pct_recycled_Ptex,0.9974,,60_plus_kg,0.9957,,7.0,0.9737,7.0:0.9737|8.0:0.0216|5.0:0.0046,First_friendly_freestyle_in_Quiver_lineup,0.9073,,303.0,0.9957,,9.0_5.5_9.0_and_7.7_5.2_7.7,0.9957,,Park_freestyle_urban_riders,0.8955,Park_freestyle_urban_riders:0.8955|Intermediate_to_advanced_freestyle:0.1045,Structural_defects_materials_workmanship,0.9966,,One_of_those_boards_that_just_makes_snowboarding_fun,0.9418,,EcoGuard_Topsheet_90pct_recycled,0.9964,,,,,,,,Playmaker_factory_Taiwan,0.5056,,Excels_eurocarving_slow_mid_speed_surfy,0.9418,,Surprisingly_floaty_maneuverable,0.9418,,,,,,,,,,,,,,,,,Freestyle_all_mountain_twin,0.7071,Freestyle_all_mountain_twin:0.7071|All_Mountain:0.2929,Nitro,0.9974,,2x4_Inserts,0.9846,,Asym_Twin,0.9866,Asym_Twin:0.9866|True_Twin:0.0134,155mw_158w,0.9957,,2026,0.9978,,Mens,0.9577,,Bi_Lite_Laminates_biaxial_fiberglass,0.9964,,Standard_solid_snowboard,0.9974,,All_Mountain_Park_Powder_Freestyle,0.8517,,0.0,0.9957,,Not_pure_park_deck_but_handles_freestyle,0.9418,,100pct_solar_power,0.9957,,48_60cm,0.9957,,,,,3D_Twin_Tech_convex_concave_convex,0.9957,,ABS_Sidewalls_35pct_recycled,0.9957,,,,,50pct_Recycled_Steel_edges,0.9957,,Easy_smooth_asym_twin,0.9418,,Dual_Degressive,0.9957,,,,,Any_standard_or_mini_disk_fits_2x4,0.6454,,,,,Optisym_asymmetric_Friendly_Freestyle,0.9957,,1020.0,0.9957,,30_day_return_exchange_unworn_unused,0.6477,,,,,,,,,,,,,,,,,,,
4tEumX87V1,Mervin_Manufacturing,Banked_Country,C3_dominant_camber_mild_rocker_between_feet,0.9987,,G_Lite_3_FSC_Aspen_Paulownia_Carbon_Power_Bands,0.9988,,1049.99,0.9501,,Widely_available_on_sale,0.9991,Widely_available_on_sale:0.9991|Sold_out_at_some_retailers:0.0005|Limited_closeout:0.0004,Jones_Flagship_1_Never_Summer_Valhalla_2_YES_PYL_3_and_more,0.8340,,Sintered_Knife_Cut_Base,0.9524,,130_plus_lbs_55_plus_kg,0.9974,,7.0,0.9740,7.0:0.9740|8.0:0.0260,2021_2022_season,0.9983,,29.4_29.2,0.9974,,8.2,0.9974,,Advanced_to_Expert,0.9997,,,,,Very_Poppy_Carves_Super_Well_Excellent_Grip_Good_All_Conditions,0.9554,,Eco_Sublimated_Poly_Topsheet,0.9501,,Temple_and_Cannon_Cummins,0.9995,,2960.0,0.9486,2960.0:0.9486|3140.0:0.0514,Mervin_Manufacturing_longest_running_last_major_USA_factory,0.9929,,Great,0.9554,,Average,0.9554,,25.3,0.9974,,140_plus_lbs_60_plus_kg,0.9974,,,,,8.3,0.9974,,29.6_29.4,0.9974,,All_Mountain_Freeride,0.9979,,GNU,0.9976,,2x4_Inserts,0.9501,,Tapered_Directional,0.9985,,155_159_160W_162_163W,0.9789,155_159_160W_162_163W:0.9789|155_159_160W:0.0211,2026_season_2025_2026,0.9977,,Mens,0.9551,,Tri_Ax_Bi_Ax_fiberglass_Carbon_Power_Bands,0.9987,,Snowboard,0.9984,,All_Mountain_Freeride_Off_piste_Steep_excels_hardpack_icy_powder,0.9906,,1.5_inch_38mm_sidecut_setback,0.7735,1.5_inch_38mm_sidecut_setback:0.7735|2.25_inch_at_22_75_stance:0.2265,Sintered_base_extremely_thirsty_needs_waxing_daily,0.9922,,EcoUNREAL_Manufacturing_zero_hazardous_waste,0.9590,,19_to_24_inch_setback_1_5,0.9974,,Grips_like_champ_excellent_on_hard_to_icy_snow,0.9937,,Carbon_Power_Bands_radical_response_and_pop,0.9986,,UHMW_wraps_around_tip_tail,0.9525,,,,,Progressive_Pro_Magne_Traction_directional,0.9985,,Fast,0.9449,,,,,Mild_taper_approximately_2mm,0.9994,,,,,Good_stays_stable_predictable_without_being_bucky,0.7205,,GNU_Billy_Goat_replaced_2021_22,0.9983,,112.0,0.9974,,,,,Average,0.9554,,87.5,0.9486,87.5:0.9486|85.9:0.0514,Great,0.9554,,Great,0.9554,,Semi_Locked_In,0.9449,,Great,0.9554,
5DbRUwVfd4,,Fastlane,Backseat_Camber,0.9991,,Aspen_SLCT_Core,0.7423,Aspen_SLCT_Core:0.7423|Aero_Core:0.2577,759.99,0.9002,,Available,0.9986,,Jones_Flagship_perennial_1_freeride_directional_FSC,0.9317,,50pct_Recycled_Sintered_Base,0.9002,,60_to_85kg,0.9002,,9.0,0.9002,,New_model_first_year_2026,0.9171,,,,,7.1,0.9002,,Advanced_to_Expert,0.9563,,2_year_limited_materials_craftsmanship,0.8466,,,,,Olive_wood_veneer,0.9115,,,,,,,,Primarily_China,0.8609,,,,,,,,25.8,0.9002,,70_to_90kg,0.9002,,114.0,0.9002,,7.3,0.9002,,,,,Freeride_Powder,0.7924,Freeride_Powder:0.7924|All_Mountain_Carving:0.2076,Salomon,0.9991,,2x4_Inserts,0.9002,,Tapered_Directional,0.9302,,153_157_160_163cm,0.9002,,2026_FW_2025_26,0.9552,,Unisex,0.9963,,BFX_Ultra_flax_carbon_BA_MD_Fiberglass,0.9002,,Snowboard,0.9302,,Freeride_Powder_Steep_Offpiste_Backcountry,0.9002,,2.0,0.9002,,Torsional_stiffness_very_soft_spooky_in_bumps,0.9375,,FSC_Certified_wood_core,0.9673,,54.0,0.9002,,,,,Popster_milled_core_inserts_natural_flex_pop,0.9002,,66pct_Recycled_ABS,0.7017,66pct_Recycled_ABS:0.7017|100pct_Recycled_ABS:0.2983,Most_damp_riding_board_from_Salomon,0.9375,,20pct_Recycled_Steel_Edges,0.9115,,Quadratic_sidecut_fluid_edge_transitions,0.9963,,Quadratic_Sidecut_mix_elliptic_curves,0.9991,,Tail_tapered_2_to_20mm,0.9129,,,,,,,,Salomon_Super_8_discontinued_after_10_seasons,0.9923,,,,,,,,,,,,,,,,,,,,,,,,,
5GEZh2Xdb0,Nidecker_SA_Rolle_Switzerland,Storm_Chaser,Directional_Camber_Rocker_Christenson_Surf,0.9962,,Master_Core_1to1_Poplar_Paulownia,0.9416,Master_Core_1to1_Poplar_Paulownia:0.9416|Bamboo_Surf_Core_triple_density:0.0584,1199.99,0.9839,,Pre_order_2027_delivery_Apr_May_2026,0.8691,,Nitro_Squash_better_edge_ice_more_stable_versatile,0.9346,,Sintered_8000_UHMWPE_carbon,0.9963,,67-91kg,0.9912,,6.0,0.9313,6.0:0.9313|7.0:0.0687,2016,0.8661,,327/307mm,0.9912,,7.1,0.9912,,Intermediate_Advanced,0.9865,,Authorized_dealer_only_non_transferable,0.9974,,5.0,0.7065,,Premium_Topsheet_durable_scratch_resistant,0.9430,Premium_Topsheet_durable_scratch_resistant:0.9430|ECO_Plastic_Topsheet_castor_bean_bio_plastic:0.0570,Chris_Christenson_surfboard_shaper,0.9839,,Feels_heavy_for_152_standard_for_width_no_exact_weight,0.8535,,SWS_factory_Dubai_UAE,0.9890,,,,,,,,275.0,0.9912,,,,,1140.0,0.9912,,,,,,,,Powder_Surf_Series,0.9923,,Jones_Snowboards,0.9974,,2x4_Inserts,0.9912,,Tapered_Directional_High_3D_Contour_Base,0.9931,,152cm_157cm,0.8400,152cm_157cm:0.8400|142cm_147cm_152cm_157cm:0.1600,2027,0.9865,,Unisex,0.8530,,Biax_Fiberglass_BComp_Carbon_Flax_Bio_Resin,0.9541,Biax_Fiberglass_BComp_Carbon_Flax_Bio_Resin:0.9541|Biax_Fiberglass_only:0.0459,Snowboard,0.9974,,6.0,0.9865,,22.0,0.9912,,,,,Protect_Our_Winters_POW_founded_2007,0.9865,,600.0,0.9912,,Yes_strategic_contact_points_edge_grip,0.9954,,BComp_Carbon_Flax_Stringer_Bio_Resin,0.9930,BComp_Carbon_Flax_Stringer_Bio_Resin:0.9930|Sustainable_Flax_Basalt_Stringers:0.0070,Recycled_ABS_round_finish,0.9996,,,,,Recycled_German_steel_edges,0.9996,,,,,Progressive_Sidecut,0.9466,,20.0,0.9912,,,,,,,,,,,,,,30_days_unused_buyer_pays_return_shipping,0.9865,,,,,,,,,,,,,,,,,,,
5MAasfhw3w,Salomon_founded_1947_Annecy_France,Assassin_Pro,Rock_Out_Camber,0.9995,,Ghost_Green_Core_sustainable_ultra_light_paulownia,0.9990,,1089.99,0.9423,,Preorder_estimated_May_2026,0.9315,,Yes_Greats_better_on_hard_snow,0.3407,,Sintered_EG_Base,0.9968,,55_85kg,0.9533,,8.0,0.9315,,Since_2017_2018_season,0.9350,,29.1,0.9533,,7.7,0.9533,,Advanced_to_Expert,0.9968,,2_year_limited_warranty_materials_craftsmanship,0.8974,,Reviewed_2019_through_2025_models,0.9007,,,,,Bode_Merrill,0.9350,,One_of_lightest_in_51_board_sample,0.7701,,,,,Fun_to_carve_springs_out_of_turns,0.8242,,OK_not_epic_decent_for_category,0.8418,,25.3,0.9533,,65_90kg,0.9533,,118.0,0.9533,,7.9,0.9533,,,,,All_Mountain_Freestyle,0.9923,,Salomon,0.9968,,2x4_Inserts,0.9315,,Directional_Twin,0.9973,,150_153_156_159_162_158W_163W,0.9423,,2026,0.9303,2026:0.9303|2027:0.0697,Mens,0.8638,,BA_MD_Fiberglass_Biaxial_Medium_Density,0.9977,,Snowboard,0.9315,,All_Mountain_Freestyle_Freeride,0.9963,,2.0,0.9533,,Hard_to_ride_when_conditions_change_pre2025,0.8836,,30pct_bio_resin_and_Bamboo_Rods_reduce_impact,0.8295,,54.0,0.9533,,Good_edge_hold_strong_reliable_through_turn,0.7365,,Popster_core_strategically_milled_inside_insert_packs,0.9350,,Gunslinger_Rails_full_length_carbon_inlays,0.9968,,,,,,,,Highly_responsive_flex_smooth_ride,0.9140,,Quadralizer_Sidecut,0.9977,,,,,,,,Recycled_ABS_much_more_acceptable_not_super_damp,0.9007,,,,,,,,,,,,,,,,,,,,,,,,,,,,
5UV718LPyy,Mervin_Manufacturing,Mayhem_Rocket,Early_Rise_Directional_Camber_C3,0.8127,,OP_75pct_Aspen_25pct_Paulownia,0.9979,,1099.99,0.9963,,In_stock_lib_tech_com,0.9963,,Korua_Dart_Cafe_Racer_Weston_Japow_Jones_Hovercraft_Storm_Chaser_etc,0.7200,,Optimized_wax_retention_and_toughness,0.8127,,140_plus_lbs,0.9259,140_plus_lbs:0.9259|150_to_210_lbs:0.0741,6.5,0.8031,6.5:0.8031|8.0:0.1127|7.0:0.0842,2016,0.9436,,31.7_29.7,0.9979,,7.5-6.5,0.9979,,Advanced_Expert,0.7200,,1_year_manufacturer_warranty_structural_defects_only,0.9506,,Moderate,0.7200,,Eco_Sublimated_Poly_Topsheet,0.6329,,Matt_Mayhem_Biolos_Lost_Surfboards,0.9934,,,,,Handbuilt_USA_Sequim_WA,0.9546,,Great,0.7200,,Good,0.7200,,,,,,,,,,,,,,,,,All_Mountain_Directional,0.7627,All_Mountain_Directional:0.7627|Freeride_Powder:0.2373,Lib_Tech,0.9974,,2x4_Inserts,0.9948,,Tapered_Directional,0.9998,,152.5_157.5_161.5cm,0.9979,,2025-2026,0.9974,,Unisex_listed_as_Mens,0.5315,,Triaxial_Biaxial_Fiberglass,0.6329,,Snowboard,0.9974,,All_Mountain,0.6688,All_Mountain:0.6688|Freeride_Powder_All_terrain:0.2787|Resort_powder_groomer_carving_trees:0.0525,3.625,0.7200,,Base_needs_daily_waxing_thirsty_base,0.7200,,Zero_hazardous_waste_production,0.9904,,19.5_to_24.25in_2.5in_setback,0.9979,,Medium_Snow,0.7200,,UHMW_Tip_Tail_Impact_Deflection,0.9868,,Birch_Internal_Sidewalls,0.8122,,Easy_float,0.7200,,Magne_Traction_present,0.8631,Magne_Traction_present:0.8631|Not_present_on_older_models:0.1369,Medium_Fast,0.7200,,Progressive_Elliptical,0.9923,,20.0,0.6800,,,,,Good,0.7200,,Lib_Tech_Lost_Rocket_2018_2024,0.7200,,114.5,0.9979,,,,,Poor,0.7200,,,,,Great,0.7200,,Good,0.7200,,Stable,0.7200,,Good,0.7200,
5mnaWv4Qc8,Nidecker_Group_NDK,Mens_Howler,Jones_True_Camber_High_Power_Camber,0.9237,,Power_Core_Bamboo_Paulownia_Poplar_triple_density,0.9996,,784.0,0.6108,,Preorder_2027_estimated_June_2026,0.9001,,Similar_stats_comparable_freeride_option,0.7774,,Sintered_8000_UHMWPE_carbon,0.9917,,,,,8.0,0.9963,,2024_2025_limited_edition,0.9984,,26.0,0.9923,,8.4,0.9963,,Intermediate_to_Expert,0.9678,,,,,More_tapered_directional_Aviator_2_0,0.9937,,Premium_Eco_Topsheet_castor_bean_bio_plastic,0.8916,,Victor_De_Le_Rue_and_Elena_Hight,0.9997,,2700.0,0.9865,,Dubai,0.8720,,,,,,,,25.4,0.9963,,,,,1201.0,0.9963,,,,,,,,All_Mountain_Freeride,0.9201,,Jones_Snowboards,0.9974,,2x4_Inserts_Standard_Pack,0.9963,,Tapered_Directional,0.9963,,152_155_158_161_157W_160W_163W,0.9708,152_155_158_161_157W_160W_163W:0.9708|155_158_157W_160W:0.0292,2027,0.9237,,Mens,0.9974,,Triax_Fiberglass_triaxial_stitched,0.9349,,Snowboard,0.9501,,7.0,0.9343,7.0:0.9343|8.0:0.0657,2.0,0.9923,,Too_stiff_for_rails_buttering_park,0.9981,,Fair_Trade_Certified_snowboards,0.6058,,56.0,0.9923,,Outstanding_edge_grip_hardpack_icy,0.9981,,Koroyd_aerospace_synthetic_core_in_nose_95pct_air_75pct_lighter,0.9921,,Recycled_ABS_rounded_finish,0.9349,,Exceptional_carving_favorite_for_corduroy,0.9981,,Oversized_recycled_German_steel_3mm,0.9911,,,,,,,,8.0,0.9963,,2x4_insert_pattern_ML_standard_L_wide,0.9923,,Minimal_chatter_at_speed_crud_slush_groomers,0.9978,,,,,112.5,0.9923,,30_day_returns_unused_buyer_ships_discounted_final,0.9923,,,,,,,,,,,,,,,,,,,
5yKZxPj1b1,Salomon_SAS_Annecy_France,Abstract,Rock_Out_Camber_hybrid,0.9963,,Aspen_SLCT_Core_hand_selected,0.9965,,679.99,0.9948,,Sold_out_at_AUD_679_99,0.9940,,CAPiTA_DOA_hybrid_camber_true_twin,0.9620,,Sintered_base,0.9963,,65-95kg,0.9940,,5.0,0.9914,,2023,0.9839,,29.5,0.9960,,7.8,0.9940,,Intermediate,0.9868,,,,,,,,,,,crosby_sutter_pro,0.9793,,,,,Altenmarkt_Austria_skis_confirmed,0.9138,,,,,,,,25.2,0.9940,,70-105kg,0.9940,,120.5,0.9940,,,,,,,,Freestyle,0.9963,,Salomon,0.9963,,2x4_Inserts,0.9925,,True_Twin,0.9966,,138_143_147_151_153_155_158_155W_158W,0.6651,138_143_147_151_153_155_158_155W_158W:0.6651|138_143_147_151_153_155_158_162_155W_158W:0.3349,2026,0.9963,,Unisex,0.9963,,BA_MD_Biax_Medium_Density_Fiberglass,0.5562,BA_MD_Biax_Medium_Density_Fiberglass:0.5562|Tri_Ax_HD_Fiberglass:0.4438,Snowboard,0.9963,,Park_freestyle_all_mountain,0.9948,,0.0,0.9242,,Less_stable_on_steep_icy_conditions,0.9809,,FSC_certified_wood,0.9051,,55.0,0.9940,,good_edge_hold,0.9899,,Ghost_Carbon_Beams_Stringers_tip_tail,0.9127,,Royal_Rubber_Rails_full_length,0.8545,,,,,,,,Very_nimble_playful_easy_turn_initiation,0.9985,,Quadralizer_Equalizer_Quadratic,0.9967,,,,,,,,,,,Salomon_Villain_and_Gypsy,0.9466,,,,,,,,,,,,,,,,,,,,,,,,,
68pyZWjp7O,Rome_Snowboard_Design_Syndicate,Artifact_Pro,Stay_Positive_Camber_traditional_tip_to_tail,0.9979,,Pop_Core_alternating_20mm_Poplar_Paulownia,0.9958,,949.99,0.8941,,2027_preorder_156_159_available_May_2026,0.9892,,CAPiTA_DOA_hybrid_camber_more_forgiving_20_more,0.8215,,SinterStrong_sintered_low_maintenance_durable,0.9995,,59_to_77.5kg,0.9207,59_to_77.5kg:0.9207|65_to_85kg:0.0793,5.0,0.9725,5.0:0.9725|6.0:0.0275,2022_2023_season,0.9983,,,,,7.90,0.9890,,Advanced,0.8941,,Delamination_insert_problems_cracked_topsheet,0.9890,,Whitelines_top_100_snowboard_products_2022_2023,0.9357,,,,,,,,Pretty_close_to_average_slightly_under,0.7895,,Unverified_not_explicitly_stated,0.3000,,,,,,,,256.5,0.8941,,,,,1200.0,0.8941,,8.08,0.9890,,,,,Freestyle,0.9949,,Rome_Snowboards_SDS,0.9928,,2x4_Inserts_fine_tuned_stance,0.9989,,True_Twin_fully_symmetrical,0.9979,,147_150_153_154W_156_157W_159_160W,0.9890,,2027_season_2026_2027,0.8941,,Mens,0.9890,,Biaxial_upper_lower_glass_torsionally_playful,0.9097,,Snowboard,0.8941,,9.0,0.8941,,0.0,0.8941,,Likely_woeful_in_powder_full_camber_twin_zero_setback,0.9764,,,,,49.3_to_61.3cm,0.9890,,Strong_edge_hold_full_camber_smaller_margin,0.9018,,Carbon_Omega_HotRods_nose_tail,0.9990,,FlaxWalls_flax_reinforced_vibration_dampening,0.8602,,Explosive_springboard_pop_15pct_extra,0.7309,,,,,,,,Radial_Sidecut_single_radius,0.9979,,0.0,0.8941,,Compatible_any_binding_standard_or_mini_disc_2x4,0.6397,,,,,Rome_Artifact_original,0.7895,,115.0,0.9890,,45_day_return_period,0.9890,,,,,,,,,,,,,,,,,,,
6c05alvB2T,Nidecker_Group_Switzerland,Tape_Deck,Positive_Camber_traditional,0.9517,,Light_Core_paulownia_poplar_beech,0.6579,Light_Core_paulownia_poplar_beech:0.6579|Master_Wood_Core:0.2950,799.99,0.9974,,Preorder,0.9974,,Burton_Custom_Camber_2027,0.9114,,N7000_Hybrid_extruded_sintered,0.9514,,65-90kg,0.9002,,6.0,0.9002,,2027,0.9777,,30.6,0.9002,,7.5,0.9002,,Intermediate_to_advanced,0.4790,Intermediate_to_advanced:0.4790|Intermediate:0.4755,Free_from_defects_materials_craftsmanship,0.9957,,,,,Size_specific_artwork_iconic_art,0.8213,,,,,,,,Titan_factory_Guangdong_China,0.9923,,,,,,,,25.7,0.9002,,75+kg,0.9002,,126.0,0.9002,,7.6,0.9002,,31.1,0.9002,,All_Mountain_Freestyle,0.9521,,Nidecker,0.9517,,2x4_Inserts,0.9505,,True_Twin,0.9517,,147_150_153_156_159cm,0.9002,,2027,0.9938,,Mens,0.8246,,Premium_Sandwich_Biax_Plus_Fiberglass,0.9518,,Snowboard,0.9008,,All_mountain_park_groomed_off_piste,0.9002,,,,,,,,,,,54.0,0.9002,,Strong_camber_edge_hold,0.8214,,Carbon_Kevlar_advanced_construction,0.8246,,,,,,,,,,,Carbon_tips_dampen_and_snap,0.8051,,,,,,,,2x4_inserts_any_standard_mini_disk,0.8246,,Absorbnid_reduces_chatter,0.8214,,None_new_addition,0.9777,,,,,,,,,,,,,,,,,,,,,,,,,
75e1VTYhj9,Mervin_Manufacturing,T_Rice_Pro,Hybrid_C2,0.9957,,60pct_Aspen_40pct_Paulownia,0.9974,,1169.99,0.8571,,Yes,0.9985,,Jones_Mountain_Twin_softer_faster_edge,0.7293,,Eco_Sublimated_Sintered_Base,0.9974,,125_plus_lbs,0.9957,,6.5,0.9957,,2005_2006_season,0.9660,,30.1_30.1,0.9957,,8.1,0.9957,,Advanced_Expert,0.9672,Advanced_Expert:0.9672|Intermediate_Advanced:0.0185|Intermediate:0.0144,One_year_manufacturer_defects,0.9957,,Can_power_over_uneven_snow_not_fun_bumps,0.9219,,Eco_Sublimated_Poly,0.9974,,Travis_Rice,0.9957,,Feels_lighter_side_of_normal,0.9062,,Sequim_Washington_USA,0.9808,,Decent_carving_moderate_speeds,0.9211,,Not_epic_deep_powder_handles_shallow_well,0.9211,,25.5,0.9957,,140_plus_lbs,0.9957,,,,,8.3,0.9957,,,,,Freestyle_All_Mountain,0.9957,,Lib_Tech,0.9957,,2x4_inserts,0.9974,,Twin,0.9957,,148_153_155_157_159_161_164_157W_161W_164W,0.9974,,2025_2026,0.9974,,Mens,0.5567,,TriAx_BiAx_Fiberglass_Basalt_Alloy,0.9974,,Snowboard,0.9957,,Park_All_Mountain_Powder,0.6036,,0.0,0.9974,,Pretty_heavy_for_lightweight_construction,0.8029,,Zero_hazardous_waste_facility,0.9490,,20.25_to_25.0,0.9957,,Really_strong_grip_hard_snow,0.9972,,TriAx_0_45_45_torsional,0.7928,,Birch_Internal_UHMW_Sintered,0.6035,,Tight_trees_and_ice_standout,0.8029,,Magne_Traction_7_serrations,0.9976,,Pretty_quick_edge_to_edge,0.5990,Pretty_quick_edge_to_edge:0.5990|Slow_edge_to_edge:0.4010,,,,No_taper,0.9406,,,,,Some_tip_tail_chatter_higher_speeds,0.9140,,,,,121.0,0.9957,,30_days,0.4142,,,,,,,,Great,0.9219,,Lots_of_pop_approaches_kickers_well,0.9219,,,,,,,
8Nk5Gqy04H,Nitro_AG,Nitro_Alternator_FX_Splitboard_2027,True_Camber,0.9923,,KOROYD_PowerLite_Core_with_poplar_wood,0.9969,,1399.99,0.9684,,Pre_order_154cm_sold_out,0.9608,,Jones_Solution_directional_freeride_hybrid_camber_900usd,0.8642,,Sintered_Speed_Formula_II_nanotech_wax,0.9923,,60-80kg,0.9945,,7.0,0.9879,7.0:0.9879|8.0:0.0121,New_for_2025_26_season,0.9840,,298/293mm,0.9945,,10.8/6.8/10.8m,0.9945,,Advanced_to_Expert,0.9580,,Structural_defects_only_no_impact_abuse_wear,0.7261,,Old_school_full_camber_fun_dynamic_damp_flex,0.8929,,,,,Griffin_Siebert_Jared_Elston_Tommy_Delago,0.9991,,,,,,,,,,,,,,252.0,0.9974,,,,,109.0,0.7249,,,,,,,,Powder_Splitboard,0.7106,,Nitro,0.9991,,Voile_Compatible,0.7106,,Directional_Splitboard,0.9923,,148_152_154_158_162cm,0.9608,,2027,0.9608,,,,,Bi_Lite_Laminates_with_Carbon_Tape,0.9963,,,,,Powder_Freeride_Backcountry,0.7106,,neg15mm,0.9945,,More_forgiving_boards_exist_for_intermediates,0.9615,,Made_with_100pct_solar_power,0.9963,,48.4-63.6cm,0.9945,,Very_strong_edge_hold,0.8946,,Carbon_Tape_longitudinal,0.9551,Carbon_Tape_longitudinal:0.9551|V_Shape_Carbon_Tape_torsional:0.0449,ABS_35pct_recycled_cold_resistant,0.9923,,Ultimate_quiver_killer_Editors_Choice,0.9615,,Recycled_steel_50pct_strong_durable_sharpenable,0.9923,,Prefers_big_drawn_out_turns,0.8946,,Dual_Degressive,0.9923,,,,,Requires_splitboard_specific_bindings_Spark_RD,0.9956,,,,,Alternator_Split,0.9923,,1110.0,0.9945,,,,,,,,,,,,,,,,,,,,,,
8eKhhTup3r,Mervin_Manufacturing,MC_Wayfinder_III,C2_Directional_Hybrid_Camber_Rocker_Camber,0.9974,,OP_Plus_75pct_Aspen_25pct_Paulownia,0.9454,,1169.99,0.9018,,Available_at_evo,0.9620,,Jones_Mind_Expander,0.7309,,High_density_UHMW_sintered_fast_rugged,0.9095,,140_plus_lbs,0.9974,,7.0,0.9462,7.0:0.9462|6.0:0.0329|6.5:0.0210,2019,0.9138,,32.0,0.9782,32.0:0.9782|31.4:0.0218,6.2,0.9974,,Intermediate_Advanced,0.9579,,Original_purchaser_authorized_dealer_only,0.9974,,,,,Eco_Sublimated_Poly_Topsheet,0.9524,,Matt_Cummins_30_plus_years,0.9912,,,,,Sequim_Washington_USA,0.9974,,,,,,,,26.2,0.9974,,165_plus_lbs,0.9974,,,,,7.0,0.9974,,,,,experiMENTAL_Freeride_Directional,0.7774,experiMENTAL_Freeride_Directional:0.7774|Freeride_Powder:0.2226,Lib_Tech,0.9974,,2x4_inserts,0.9416,,Tapered_Directional,0.9659,,155cm_160cm,0.9974,,2026,0.9974,,Mens,0.9231,,Tri_Ax_Bi_Ax_Fiberglass,0.9416,,Snowboard,0.9974,,Powder_Freeride_Groomers,0.9261,,4.0,0.9974,,Not_real_powerhouse_carver_slashy_groomers,0.9416,,Zero_hazardous_waste_production,0.9413,,19.25in_to_24in,0.9974,,Mellow_mag_grips_hard_snow_not_icy_specialist,0.9416,,,,,Birch_internal_UHMW_sintered_sidewalls,0.9524,,,,,Magne_Traction_7_serrations,0.9931,,Lightning_quick_turns_tight_trees,0.9416,,,,,1.2,0.9963,,,,,Bucks_chatters_like_most_shorter_wider_boards,0.9416,,MC_Wayfinder_II,0.9892,,107.0,0.9974,,,,,,,,,,,,,,,,,,,,,,
9GjKvDBmW4,Mervin_Manufacturing,T.Rice_Orca_II,Orca_C2x_Directional,0.9200,,HPONH_Horsepower_Ocean_Bound_Native_Hemlock,0.9300,,1199.99,0.9300,,In_stock_at_evo_com,0.9185,,Never_Summer_Harpoon_Orca_clone_softer_flex_better_freestyle,0.7895,,High_density_UHMW,0.8937,,160_plus_lbs_75_plus_kg,0.9948,,7.0,0.9935,,2018_for_2018_2019_season,0.9824,,32.2_31.1cm,0.9677,32.2_31.1cm:0.9677|32.3_31.1cm:0.0323,7.0,0.9948,,Intermediate_to_Advanced,0.9001,,1_year_against_manufacturers_defects_from_purchase,0.9894,,Incredibly_stable_in_control_regardless_of_conditions,0.9620,,Ocean_Bound_Eco_Sublimated_Poly_Topsheet,0.9001,,Travis_Rice,0.9974,,,,,Sequim_Washington_USA,0.9979,,Carves_beautifully_tons_of_power_and_response,0.9620,,10.0,0.9669,,26.7,0.9948,,,,,,,,,,,,,,All_Mountain_Directional,0.9210,All_Mountain_Directional:0.9210|Freeride_Powder:0.0790,Lib_Tech,0.9974,,2x4_inserts,0.9300,,Tapered_Directional,0.9963,,138_144_147_150_153_156_159_162cm,0.9300,,2027_2626_2627_Early_Release,0.9974,,Unisex,0.9948,,Triaxial_Biaxial_Fiberglass_with_Basalt_Alloy,0.9558,,Snowboard,0.9974,,Powder_Freeride_All_Resort,0.9500,,2.5,0.5688,2.5:0.5688|2.0:0.4312,Prone_to_gouges_jibbing_park_rails_not_designed_for_that,0.9620,,Hand_made_Mervin_Factory_zero_hazardous_waste,0.9349,,,,,10.0,0.9669,,UHMW_Tip_Tail_Impact_Deflection,0.9001,,Birch_Internal_UHMW_Sintered_Sidewall,0.9544,,Most_fun_snowboard_ridden_by_multiple_reviewers,0.9620,,Magne_Traction,0.9300,,Very_fast_edge_to_edge_fun_to_get_on_edge,0.9742,,Tight_7m_trench_gouging_sidecut,0.9948,,10.0,0.5946,10.0:0.5946|11.0:0.4054,,,,Absorbs_chatter_very_well_hard_uneven_snow_stays_damp,0.9742,,Lib_Tech_T_Rice_Orca_2019_2026,0.9620,,1130.0,0.9948,,,,,,,,91.15,0.9669,,Speed_demons_no_issue_going_fast,0.9742,,,,,,,,Exceptional_pipe_board_edge_hold_camber_drive_speed_turnability,0.9742,
9IjmPgVexs,Mervin_Manufacturing,Skunk_Ape,Hybrid_C2x_Directional,0.8947,,60pct_Aspen_40pct_Paulownia,0.9986,,818.99,0.9465,,In_stock_multiple_sizes_2025_blem_2026_new,0.9617,,K2_Party_Platter_157,0.4087,,Sintered_Knife_Cut,0.8947,,140+lbs_65+kg,0.9176,140+lbs_65+kg:0.9176|70+kg:0.0824,7.0,0.9333,7.0:0.9333|6.0:0.0667,2010.0,0.9617,,30.5/30.3,0.9957,,8.5,0.9986,,Intermediate_Advanced,0.9886,,Structural_defects_only_no_impact_abuse_wear,0.9416,,Solid_all_mountain_ride_big_foot_riders,0.9617,,Eco_Sublimated_Poly_Topsheet,0.8947,,Trevor_Phillips_Krush_Kulesza_Neil_Green_Kurt_Jensen,0.9940,,,,,Sequim_Washington_USA,0.9997,,Good,0.9617,,Average,0.9617,,,,,145+lbs_70+kg,0.9957,,,,,8.5,0.9957,,30.8/30.5,0.9957,,All_Mountain,0.9996,,Lib_Tech,0.9986,,2x4_inserts,0.8947,,Directional_Twin,0.9986,,157W_161W_163UW_165W_169W_170UW_173UW,0.9957,,2025,0.8947,,Mens,0.7157,,Triax_Biax_Basalt_alloy_glass,0.8947,,Snowboard,0.9974,,All_Mountain_Freeride_Powder,0.8947,,1.0,0.8574,1.0:0.8574|-2.125:0.1426,Base_needs_frequent_waxing_sintered_thirsty,0.9617,,FSC_certified,0.9988,,21.0-26.0_inches,0.9986,,Icy_Snow_grips_even_ice,0.9617,,UHMW_Tip_Tail_Impact_Deflection,0.8947,,Birch_Internal_UHMW_Sintered,0.8947,,Rocker_float_in_powder,0.9617,,Magnetraction,0.8947,,Medium_Fast,0.9617,,,,,2.0,0.9617,,,,,,,,,,,115.0,0.9957,,,,,Average,0.9617,,,,,Good,0.9617,,Great,0.9617,,Semi_Stable,0.9617,,Great,0.9617,
9c7Iz9RRyA,Burton_Snowboards_B_Corp_certified,Blossom,Traditional_Camber,0.9928,,Super_Fly_II_700G_Core,0.9824,,679.99,0.8006,,Available,0.9987,,Both_twin_camber_DOA_hybrid_slightly_softer,0.9984,,Recycled_Sintered_WFO,0.9825,,45_68kg_100_150lb,0.9926,,6-9,0.5448,6-9:0.5448|7.5:0.2663|3-6:0.1889,Winter_2022_2023_season,0.9978,,30.3,0.8006,,7.3,0.8006,,Intermediate_Advanced,0.9665,,3_year_warranty_from_purchase,0.9272,,,,,Playful_frog_stencil_bright_lily_pad_scene,0.9974,,Zeb_Powell,0.9911,,2900.0,0.9861,,,,,Felt_great_all_types_of_carves,0.9892,,,,,,,,,,,,,,,,,,,,Freestyle_All_Mountain,0.9419,,Burton,0.9993,,The_Channel,0.9815,,True_Twin,0.9655,,144_149_152_155_158_162cm,0.9926,,2026,0.9805,,Unisex_Gender_neutral,0.9683,,Triax_Fiberglass,0.9800,,Snowboard,0.9993,,10.0,0.9587,,0.0,0.9926,,Might_be_too_stiff_for_jib_butter_focus,0.9681,,Super_Sap_reduces_carbon_50pct,0.9457,,53.0,0.8006,,Good_suitable_for_hard_snow,0.9865,,Squeezebox_variable_thickness,0.9626,,,,,,,,Frostbite_Edges,0.9367,,Improved_ease_vs_previous_models,0.9865,,,,,,,,Compatible_all_major_best_with_EST,0.9616,,,,,Absorbed_Free_Thinker_and_Talent_Scout,0.9951,,,,,,,,3.0,0.9892,,87.2,0.6000,87.2:0.6000|84.3:0.4000,4.0,0.9892,,4.5,0.9892,,Semi_locked_in,0.9865,,,,
9sPa6PPn6u,CAPiTA_C3_Worldwide_Core_Srl_Italy,Navigator_158_Miles_Fallon_LTD,Resort_V2_Directional_Flat_Kick_Tech,0.9974,,Hover_Core_Paulownia_Poplar_ultralight,0.9964,,1099.99,0.8571,,evo_REI_Amazon_Buckmans_Blauer_House_SunSki,0.8029,,Jones_Storm_Chaser_Lib_Tech_Orca_Mind_Expander_Deep_Thinker_Warpig_Surfer,0.5112,,Hyperdrive_sintered_UHMW_UHDPE,0.9923,,150_200_lbs_68_91_kg,0.9974,,5.5,0.9790,5.5:0.9790|6.0:0.0210,2018.0,0.8181,,30.5_29.3,0.9974,,8.1_7.0_8.1,0.7055,,Intermediate_to_advanced_not_beginners,0.9022,,2_year_manufacturer_warranty,0.9974,,Surfy_wider_cruisy_turns_slash,0.8671,,Skinless_Core_Ash_Woodgrain_220g_lighter,0.9923,,Miles_Fallon,0.9923,,Felt_light,0.8333,,MotherShip_Feistritz_Carinthia_Austria,0.8447,,Surprisingly_good_decent_all_mountain,0.8371,,Excellent_more_floaty_than_BSOD,0.5119,Excellent_more_floaty_than_BSOD:0.5119|Outstanding_excels_deep_snow:0.4881,25.6,0.9974,,,,,1192.0,0.9737,1192.0:0.9737|1195.0:0.0263,,,,,,,Powder_Resort_Freeride,0.9974,,CAPiTA,0.9923,,Stainless_Steel_4x2_Inserts_4x4_compatible,0.6205,,Directional_with_0_8in_2cm_setback,0.6760,,158cm_only,0.9991,158cm_only:0.9991|155_to_167cm_range:0.0009,2025_2026_season,0.6070,,,,,HolySheet_Tri_Bi_fiberglass,0.6493,,Mens_snowboard,0.9923,,Powder_sidecountry_resort_trees_groomers,0.9974,,,,,Mediocre_hardpack_ice_not_for_frequent_ice,0.8671,,B_Impact_Score_98_9_exceeding_median_50_9,0.9839,,55.9,0.9974,,Only_okay_back_foot_slips_icy,0.8812,,2x30mm_Technora_Flax_Boosters_aramid,0.9923,,Full_ABS1000_Sidewalls,0.6703,,Particularly_good_trees_light_manoeuvrable,0.8904,,360_Degree_HRC48_Steel_Edges,0.6703,,,,,Parabolic_Radical_Taper,0.9974,,12.0,0.7055,,,,,Bucks_bounces_uneven_snow,0.6087,Bucks_bounces_uneven_snow:0.6087|Technora_Flax_reduce_chatter:0.3913,,,,,,,AU_shop_30day_return_store_credit_no_change_of_mind,0.5603,,,,,90.0,0.6087,90.0:0.6087|80.35:0.3913,,,,,,,,,,,,
AAkvfNUooz,Jones_Snowboards_Truckee_California,Mind_Expander_2.0,Directional_Camber_Rocker,0.9635,,Master_Core_Poplar_Paulownia,0.8609,Master_Core_Poplar_Paulownia:0.8609|Boost_Surf_Core_Bamboo_Paulownia_Poplar:0.1391,1079.99,0.9635,,Preorder_as_of_April_2026,0.9635,,Lib_Tech_Orca_Korua_Dart_Storm_Chaser_Gentemstick_others,0.8427,,Sintered_8000_Base,0.9635,,67-91kg,0.9635,,6.0,0.9996,,2018,0.9840,,30.6/29.6,0.9635,,7.4/6.8,0.9635,,Intermediate_and_above,0.9972,,,,,Less_float_than_before_but_turns_much_better_well_rounded,0.8899,,Premium_Topsheet_durable_scratch_resistant,0.9944,,Chris_Christenson_surf_shaper,0.7349,,,,,SWS_factory_Dubai_UAE,0.9945,,,,,,,,30.2,0.9635,,,,,113.6,0.9635,,,,,,,,Freeride_Powder_Alternative_All_Mountain,0.9606,,Jones_Snowboards,0.9945,,2x4_Inserts,0.9635,,Tapered_Directional_High_3D_Contour_Base,0.9635,,142_146_150_154_158_162_166cm,0.6297,142_146_150_154_158_162_166cm:0.6297|142_146_150_154_158_162cm:0.3703,2027,0.7100,,Unisex,0.7349,,Biax_Fiberglass_BComp_Carbon_Flax_Stringer_Bio_Resin,0.9635,,Snowboard,0.7100,,All_Mountain_Powder_Freeride,0.9635,,,,,Not_grippiest_on_ice_edging_shortcomings,0.8427,,Fair_Trade_Certified_via_SWS,0.9840,,56.0,0.9635,,,,,Carbon_pop_flax_chatter_reduction_Bcomp_Swiss,0.9887,,Recycled_ABS_Sidewalls,0.9635,,Powder_trees_slashing_pillow_popping_porpoising,0.9771,,Recycled_German_Steel_Edges,0.9635,,,,,,,,1.0,0.9635,,,,,,,,Jones_Mind_Expander_2018_2025,0.9219,,,,,30_day_return_new_unused_buyer_covers_shipping,0.9923,,,,,,,,,,,,,,,,,,,
AVzDhRI1CH,Burton_Snowboards_B_Corp,Family_Tree_Gril_Master,Directional_Camber_rocker_nose_camber_back,0.9451,,Super_Fly_II_700G_Core,0.9311,,699.99,0.9504,,Discontinued_as_of_2026,0.9569,,Jones_Frontier,0.9248,,Extra_absorbent_high_density_sintered_wax_infused,0.9106,,54-82kg,0.9504,,6.5,0.6588,6.5:0.6588|4-7:0.3412,November_23_2022_limited_100_boards,0.9660,,305/290mm,0.9504,,7.5,0.9504,,Advanced_Expert,0.7338,Advanced_Expert:0.7338|Intermediate_Expert:0.1500|Intermediate:0.1162,3_Year_Warranty,0.9852,,Very_fun_lively_floaty_easy_pop_directional_camber,0.9639,,,,,Marko_Grilo_Grilc,0.9994,,Feels_normal_155cm,0.9569,,Austria_Kiel_Nindl_GMBH,0.8361,,Great,0.9639,,Great,0.9639,,257.0,0.9504,,82-118kg,0.9504,,1146.0,0.9504,,7.8,0.9504,,313.8/298.8mm,0.9504,,All_Mountain_Powder,0.9305,,Burton,0.9997,,The_Channel,0.9359,,Freeride_Directional,0.9333,,130_140_145_150_155_160_165_155W,0.9889,,2024_W24,0.9980,,Gender_neutral_sizing,0.9774,,45_degree_Carbon_Highlights_tip_to_tail,0.9106,,Snowboard,0.9985,,All_Mountain_Powder,0.9007,,25.0,0.9504,,Base_glide_slow_for_price,0.9639,,FSC_Certified,0.8384,,560.0,0.9504,,Medium_Snow,0.9639,,Squeezebox_enhanced_energy_transfer,0.9112,,,,,Super_fun_turning_experience,0.9639,,Frostbite_Edges,0.7492,,Medium_Fast,0.9639,,Balanced_Freeride_Geometry,0.8949,,15.0,0.9333,,Compatible_all_major_bindings,0.9359,,Great,0.9639,,Gril_Master_LTD_2023,0.9965,,1100.0,0.9504,,,,,Average,0.9639,,,,,Great,0.9639,,Great,0.9639,,Semi_Locked_In,0.9639,,Good,0.9639,
AYF3ZPQjRS,CAPiTA_C3_Worldwide,Spring_Break_Powder_Twin,Surf_Camber_Twin,0.9948,,Meta_Core_Poplar_Paulownia_Beech,0.9978,,999.99,0.9200,,Widely_available_multiple_retailers,0.9986,,Bataleon_Party_Wave_Twin_3BT,0.9346,,Powder_Drive_die_cut,0.9978,,120-180lb_54-82kg,0.9948,,5.0,0.9978,,2021,0.9405,,31.6/31.6,0.9554,31.6/31.6:0.9554|31.5:0.0446,6.6,0.9948,,Intermediate_Advanced,0.9333,,NFC_register_online_2_3_day_response,0.9948,,Remarkably_well_rounded_no_one_trick_pony,0.8982,,PLT_Technology,0.9925,,,,,Heavier_per_cm_average_per_area,0.8982,,Austria_Mothership,0.9887,Austria_Mothership:0.9887|China:0.0113,Decent_on_groomers_non_powder_days,0.8982,,Best_twin_in_powder_ever_seen,0.9499,,26.9,0.9554,26.9:0.9554|26.8:0.0446,140-200lb_63-91kg,0.9948,,1138.0,0.9948,,6.7,0.9948,,32.2/32.2,0.9554,32.2/32.2:0.9554|32.1:0.0446,Powder_Resort,0.9948,,CAPiTA,0.9963,,Stainless_Steel_2x4,0.9331,,True_Twin,0.9978,,153_156_159_162,0.9709,153_156_159_162:0.9709|153_156_159:0.0291,2026,0.9978,,Mens,0.6936,,HolySheet_Tri_Bi,0.9953,,Snowboard,0.9963,,MedHigh_groomers_High_powder_Med_jumps_LowMed_jib,0.9948,,0.0,0.9978,,Challenging_width_bumps_tight_trees,0.9499,,,,,55.9cm_22in,0.9948,,Good_not_great_adequate_icy,0.9499,,4x30mm_Carbon_V_Tech,0.9607,4x30mm_Carbon_V_Tech:0.9607|Amplitex_Flax_Carbon_V_Tech:0.0393,Full_ABS1000,0.6927,,Easier_than_expected_rocker_after_bindings,0.9499,,360_Degree_HRC48_Steel,0.6927,,Not_easy_due_to_width_deep_sidecut_helps,0.9499,,Blended_Radial,0.7801,,,,,Standard_2x4_all_brands,0.8800,,Pretty_damp_minimizes_chatter,0.9499,,,,,,,,Up_to_one_year_return,0.7809,,OK_not_most_confidence_inspiring,0.8982,,,,,,,,,,,,,,,,
BWUpjhMSSe,,Alternator,True_Camber_traditional,0.9789,,PowerLite_Core_ultra_lightweight_poplar,0.9513,,999.99,0.9513,,Preorder_2027,0.9822,,CAPiTA_Aeronaut_700USD_more_playful_Alternator_faster,0.9917,,Sintered_Speed_Formula_II,0.9513,,60-80kg_130-175lbs,0.9974,,7.0,0.9843,7.0:0.9843|8.0:0.0157,2024,0.9760,,29.8/29.3,0.9513,,10.8/6.8/10.8,0.9513,,Advanced,0.9025,,Defects_in_material_workmanship_normal_use_not_transferable,0.9948,,Very_old_school_full_camber_fun_dynamic_damp_flex,0.9440,,,,,Torgeir_Bergrem_Mateo_Massitti_Sean_Miskiman_Yuto_Yamada_Griffin_Siebert,0.8152,,Pretty_normal_weight_compared_similar,0.9292,,,,,Praised_carving_prowess_dual_degressive_versatile_turns,0.9692,,Not_bad_in_powder_for_full_camber_size_up,0.9934,,25.4,0.9997,,65-85kg_145-185lbs,0.9974,,,,,11.0/7.3/11.0,0.9513,,30.0/29.5,0.9513,,All_Mountain_Freeride,0.9025,,Nitro,0.9513,,2x4_inserts,0.9513,,Directional,0.9513,,154_157_160_162W,0.9513,,2027,0.9090,,Mens_unisex_womens_variant_separate,0.9344,,Bi_Lite_Laminates_two_directions,0.9897,,Snowboard,0.9513,,10.0,0.9974,,neg1.5,0.9985,,Not_great_jibs_Unforgiving_non_experts_Average_float,0.9692,,FSC_responsibly_sourced_forestry,0.9513,,r48_60s,0.9974,,Very_strong_edge_hold,0.8941,,Carbon_Tape_V_Shape_longitudinal_reinforcement,0.9972,,ABS_Sidewall_35pct_recycled_polymers,0.9948,,Jack_of_all_trades_Capable_Lightweight_Responsive_Stable_Priced,0.9692,,Recycled_Steel_Edge_50pct,0.9948,,Wanted_big_drawn_out_turns,0.8941,,Dual_Degressive_Sidecut,0.9513,,Subtle_minimal_taper,0.9692,,2x4_insert_pattern,0.9513,,Damp_flex_rubbery_absorbs_uneven_snow,0.5500,Damp_flex_rubbery_absorbs_uneven_snow:0.5500|Can_chatter_icy_super_firm:0.4500,,,,111.0,0.9513,,,,,,,,,,,,,,,,,,,,,,
BpxGv47B0Y,Never_Summer_Industries,Mens_Swift,Rocker_Camber_CRC,0.9603,,PowerSurf_Paulownia_Poplar_Birch,0.9642,,1049.99,0.9974,,In_stock_free_shipping,0.9940,,Korua_Dart_Cafe_Racer_Weston_Japow_Moss_Jellyfish_Gentemstick_Barracuda_Soul_Shift_Nidecker_Beta,0.9781,,Durasurf_XT_Sintered_5501_graphite,0.9540,,63_90kg_140_200lbs,0.9300,,7.0,0.9603,,2016,0.9826,,316mm_296mm,0.9300,,Vario_800,0.9300,,Intermediate_to_Expert,0.5851,Intermediate_to_Expert:0.5851|Beginner_to_Expert:0.4149,3_year_limited_warranty,0.9999,,,,,Co_Extruded_Polymer_Topsheet,0.9552,,Tim_Canaday,0.9922,,3140.0,0.9923,,Denver_Colorado_USA,1.0000,,Good,0.9868,,Great,0.9868,,259.0,0.9300,,,,,1170.0,0.9300,,,,,,,,Mellow_Freeride_Snowsurf,0.9880,Mellow_Freeride_Snowsurf:0.9880|Freeride_Powder:0.0120,Never_Summer,0.9977,,2x4_Inserts,0.9300,,Tapered_Directional,0.9603,,153cm_158cm_163cm,0.9603,,2026,0.9991,,Mens,0.9500,,Bi_Lite_Fiberglass,0.9300,,Snowboard,0.9991,,Powder_Freeride_AllMountain_Groomers,0.9300,,85.0,0.9171,85.0:0.9171|83.0:0.0829,Switch_very_difficult_nose_catches,0.9940,,,,,,,,Hard_Snow,0.9984,,,,,UHMW_Sidewalls,0.9300,,Powder_float_universally_praised_effortless,0.9961,,Fullwrap_Metal_Edge_Aluminium_Tail,0.9300,,Medium_Fast,0.9868,,Power_Grip_Sidecut_multiple_radii_flat_middle,0.9300,,20.0,0.9950,,,,,,,,,,,,,,,,,,,,92.8,0.9890,,Good,0.9868,,Good,0.9868,,Semi_Stable,0.9868,,,,
C9Vn2faiNl,,Santoku,True_Camber_traditional_full,0.9974,,Powercore_II_poplar_beech,0.9977,,1099.99,0.9974,,Preorder,0.9974,,Yes_Standard_Jones_MT_Capita_Mercury_Salomon_Assassin_K2_Broadcast,0.6141,,Sintered_Speed_Formula_II,0.9974,,60-80kg,0.9974,,5.0,0.8438,5.0:0.8438|6.0:0.1562,2020,0.8874,,293/293,0.9974,,7.5/5.5/7.5,0.9974,,Intermediate,0.9659,,Free_from_defects_materials_workmanship_normal_use,0.9974,,Playful_buttery_good_turning_fun_all_conditions,0.9416,,,,,Elias_Elhardt,0.9974,,,,,Playmaker_factory_Taiwan,0.9285,,,,,,,,250.0,0.9974,,65-85kg,0.9974,,,,,7.5/5.5/7.6,0.9676,7.5/5.5/7.6:0.9676|7.5/5.5/7.5:0.0324,301/301,0.9974,,All_Mountain,0.8639,All_Mountain:0.8639|All_Mountain_Freestyle:0.1361,Nitro_Snowboards,0.9984,,2x4_Inserts,0.9742,,All_Terrain_Twin,0.9974,,156_159_162W,0.9635,156_159_162W:0.9635|156_159:0.0365,2027,0.9923,,Mens,0.9579,,Bi_Lite_Laminates_two_direction_glass,0.9985,,Snowboard,0.9984,,All_Mountain_Park_All_terrain,0.9659,,0.0,0.9974,,,,,Made_with_100pct_solar_energy,0.9858,,48-60,0.9974,,,,,Carbon_Tape_V_Shape,0.9974,,ABS_35pct_recycled_polymers,0.9974,,,,,Recycled_Steel_Edge_50pct,0.9974,,,,,Dual_Degressive_Sidecut,0.9974,,,,,,,,Lively_chatter_in_chunder_low_dampening,0.9268,,Nitro_Uberspoon,0.9382,,100.5,0.9974,,,,,,,,,,,,,,,,,,,,,,
Cge1q0elpO,,Assassin,Rock_Out_Camber,0.9974,,Aspen_SLCT_Core,0.9966,,719.99,0.9948,,Sold_out,0.9948,,Burton_Custom_CAPiTA_Mercury_Nitro_Team_K2_Broadcast_Yes_Standard_Jones_Mountain_Twin,0.8696,,Sintered_EG,0.9966,,55-85kg,0.9948,,5.0,0.8059,5.0:0.8059|6.0:0.1941,2014,0.9951,,29.3,0.9948,,7.5,0.9948,,Intermediate_to_Advanced,0.9946,,2_year_limited,0.9768,,4.8,0.9785,,ABC_Wrapper_wood_veneer,0.9889,,Victor_Daviet_Nils_Mindnich,0.9931,,,,,,,,,,,,,,25.3,0.9948,,65-90kg,0.9948,,116.0,0.9948,,7.7,0.9948,,29.6,0.9948,,All_Mountain_Freestyle,0.9999,,Salomon,0.9980,,2x4_Inserts,0.8221,2x4_Inserts:0.8221|5x2_Inserts:0.1256|4x2_Inserts:0.0523,Directional_Twin,0.9590,,150_153_156_159_162_165_158W_163W,0.9948,,2026,0.9967,,Mens,0.9966,,BA_MD_Fiberglass,0.9988,,Snowboard,0.9980,,All_Mountain_Powder_Park_Groomers_Backcountry,0.9942,,Slight_setback,0.9968,,,,,FSC_certified_wood,0.9963,,56.0,0.9948,,Good_on_hard_snow_not_on_ice,0.8696,,Popster_Eco_Booster_carbon_bamboo,0.9998,,Royal_Rubber_Rails,0.5455,Royal_Rubber_Rails:0.5455|Recycled_ABS:0.4545,,,,,,,,,,Quadralizer_Sidecut,0.9268,,Nose_1cm_longer_than_tail,0.9971,,,,,Tips_chattery_but_board_absorbs_most,0.8696,,Originally_True_Twin_changed_Directional_Twin_2019,0.9620,,,,,,,,,,,,,,,,,,,,,,,Great_pipe_board,0.9620,
CvHHKqIbHd,,Burton_Custom_30th_Anniversary,Traditional_full_camber,0.9737,,Super_Fly_II_700G_Core,0.9559,,1049.99,0.9984,,Very_limited_quantities_shop_exclusive_reissue,0.9328,,Jones_Mountain_Twin_120_cheaper_similar_versatility,0.9620,,Sintered_WFO_extra_absorbent_high_density,0.9581,,68_91kg_150_200lbs,0.9917,,6.0,0.5910,6.0:0.5910|6.5:0.4090,1995_96_season,0.9965,,294.0,0.9890,,7.8,0.9890,,Intermediate,0.9868,,3_year_warranty,0.9586,,Not_the_one_board_quiver_it_used_to_be,0.9709,,Classic_1996_line_graphics_vary_by_length,0.9599,,,,,2620.0,0.9779,,Kiel_Nindl_GMBH_Austria,0.8653,,,,,,,,252.0,0.9951,,,,,1195.0,0.9890,,7.9,0.9890,,,,,All_Mountain,0.9564,,Burton_Snowboards,0.9950,,The_Channel,0.9737,,Directional_Twin,0.9574,,150_154_156_158_162_154W_158W_162W_166W_170W,0.9973,,2026,0.9985,,Unisex,0.9146,,45_degree_Carbon_Highlights_tip_to_tail,0.9587,,Snowboard,0.9985,,10.0,0.9890,,-12.5,0.9927,,Not_awesome_for_powder_back_leg_burner,0.9793,,100_percent_FSC_certified_cores,0.9997,,530.0,0.9951,,Good_but_not_top_tier,0.9639,,Overbuilt_factory_broken_in_consistent_flex,0.9382,,,,,Super_versatile_feels_good_every_terrain,0.9743,,Frostbite_Edges_enhanced_edge_hold,0.9581,,Surprisingly_easy_edge_to_edge,0.9212,,,,,,,,Compatible_with_all_major_binding_brands,0.9390,,More_damp_than_average_not_bulletproof_in_crud,0.9594,,,,,,,,,,,,,,89.8,0.9726,,,,,,,,,,,,,
D4shrOp8jr,,Slash_Quiver_Slash,True_Camber,0.9964,True_Camber:0.9964|Cam_Out_Camber:0.0036,PowerCore_II_Poplar_Beech,0.9542,,999.99,0.9175,,Available_evo_com,0.9449,,Jones_Hovercraft_2_0_629_95_USD,0.9960,,Sintered_EcoSpeed_HD_Base,0.9942,,60_plus_kg_130_plus_lbs,0.9627,,7.0,0.9610,,Since_at_least_2011,0.9732,,31.2_29.6,0.9627,,7.7_5.7,0.9627,,Advanced_to_Expert,0.9942,,,,,Independent_unpaid_800_plus_boards_tested,0.9346,,EcoGuard_Topsheet_90pct_recycled,0.9942,,,,,Normal_not_heavy_or_light,0.9219,,Playmaker_factory_Taiwan,0.9877,,Great,0.9449,,Good,0.9449,,26.5,0.9627,,,,,,,,,,,,,,Freeride_Powder,0.9245,,Nitro,0.9948,,2x4_Inserts,0.9315,,Tapered_Directional,0.9966,,144_151_156_162cm,0.9315,,2026,0.9943,,Mens,0.9490,,Bi_Lite_Laminates,0.9942,,Snowboard,0.9922,,Freeride_Powder_All_Mountain,0.9952,,2.5,0.9315,,Only_suited_for_back_foot_weighted_turners,0.9548,,Made_with_100pct_solar_energy,0.9175,,,,,Hard_Snow_pretty_good,0.9449,,Convex_nose_transitioning_into_front_binding,0.9660,,ABS_Sidewall,0.9591,,Very_competent_powder_float,0.9449,,Recycled_Steel_Edge,0.9591,,Medium_Fast,0.9449,,Progressive_Sidecut,0.9942,,,,,,,,Good,0.9449,,,,,107.0,0.9627,,,,,Average,0.9449,,,,,Great,0.9449,,Good,0.9449,,Semi_locked_in,0.9449,,Good,0.9449,
Dm94yBeX8K,Nitro_AG_Switzerland,Cannon,Cam_Out_Camber,0.9945,,PowerCore_II_poplar_beech,0.9833,,1099.99,0.9042,,Preorder,0.9042,,Korua_Dart_swallowtail_surfy_nimble,0.8155,,85pct_post_industrial_Ptex,0.9042,,70plus_kg,0.9044,,7.0,0.9866,,2018,0.9449,,300mm_210mm,0.9917,,7.1m_6.3m,0.8069,7.1m_6.3m:0.8069|7.1m_8.9m:0.1931,Advanced_to_Expert,0.9219,,Defects_in_material_and_workmanship,0.9945,,Crazy_big_board_functional_quiver_ride,0.8546,,EcoGuard_Topsheet_90pct_recycled,0.9923,,Bryan_Fox_Marcus_Kleveland_Markus_Keller,0.9866,,,,,,,,Fun_to_turn_carve_likes_open_spaces,0.8856,,,,,,,,,,,,,,,,,,,,Freeride_Powder,0.9219,,Nitro,0.9945,,2x4_inserts_10_Pack,0.9626,,Tapered_Swallowtail_Directional,0.9945,,163cm_and_203cm,0.9202,,2027,0.9122,,Unisex_marketed_as_Mens,0.7046,,Bi_Lite_Laminates,0.9278,,Snowboard,0.9945,,freeride_powder_ts,0.9042,,neg25.0,0.9044,,Challenging_tight_spaces_without_momentum,0.5629,,32.2,0.9866,,52_to_64cm,0.9044,,Grippy_no_complaints_even_fast_icy_turns,0.7778,,,,,ABS_Sidewall,0.9278,,Exceptional_powder_float_more_than_Dupraz_D1,0.7113,,Recycled_Steel_Edge_50pct,0.9923,,Slow_but_manageable_best_for_long_turns,0.9990,,Progressive_Sidecut,0.9866,,,,,,,,Nose_chatter_high_speed_cosmetic_not_performance,0.7329,,,,,1060.0,0.9044,,,,,,,,,,,,,,,,,,,,,,
Dvxb550TR1,,ThunderStorm,Low_Camber,0.6146,Low_Camber:0.6146|Medium_Camber_3BT_SideKick:0.3854,Ultra_Light_Core_Poplar_Paulownia,0.7400,,959.99,0.7800,,In_stock_now_2026,0.9346,,Jones_Flagship,0.7004,,Ultra_Glide_S_premium_7000_sintered,0.9905,,68_to_88kg,0.9554,68_to_88kg:0.9554|65_to_85kg:0.0446,6.0,0.9906,,2023_2024_season,0.9517,,30.1_29.6,0.9554,30.1_29.6:0.9554|30.2_29.5:0.0446,7.5,0.7400,,Advanced,0.7400,,2_plus_1_year_register_for_3rd,0.9905,,,,,Step_Down_Rails_Top_3D_reduces_weight_precision,0.9905,,,,,2600.0,0.9626,,Saudi_Arabia,0.5447,Saudi_Arabia:0.5447|Uncertain_moved_multiple_times:0.3152,,,,,,,25.6,0.7400,,,,,117.0,0.7400,,7.6,0.7400,,,,,Freeride_Powder,0.7800,,Bataleon,0.9984,,2x4_config_24_German_stainless_inserts,0.9905,,Tapered_Directional,0.9870,,144N_148N_152N_154_156_158_161_156W_159W_162W,0.9637,144N_148N_152N_154_156_158_161_156W_159W_162W:0.9637|156_158_161_156W_159W_162W:0.0363,2027,0.7800,,Unisex_listed_as_Mens_by_some,0.9905,,Tri_Ax_three_way_fiberglass_weave,0.9434,,Snowboard,0.9984,,Freeride_Powder_Resort_Groomers,0.7400,,10.0,0.9449,,First_day_grabby_edge_catching_improved_day2,0.9396,,,,,55.0,0.7400,,Good_for_firm_to_hard_snow,0.9449,,DST_Dual_SuperTubes_hollow_carbon_cylinders,0.9967,,Flex_Walls_urethane_poured_shock_absorbing,0.9905,,Responsive_wrecks_powder_and_groomers,0.6892,,,,,,,,Single_radius_sidecut,0.7400,,6.0,0.9396,,Standard_insert_compatible_non_Burton_EST,0.8941,,,,,Thunder_mens_and_Storm_womens_merged,0.9979,,,,,45_day_returns,0.9905,,,,,84.4,0.9554,,,,,,,,,,,,,
DwdfjTb0PY,Burton_Snowboards_Burlington_Vermont_USA,Family_Tree_Hometown_Hero,Directional_Camber_rocker_nose_camber_feet,0.9890,,Super_Fly_II_700G_Core_Dualzone_EGD_Squeezebox,0.9868,,1049.99,0.9890,,Preorder,0.9868,,Lib_Tech_Orca_more_powder_float_less_hardpack,0.9416,,Recycled_Sintered_WFO_high_density_wax_infused,0.9860,,68_91kg,0.9002,,7.0,0.9063,7.0:0.9063|6.5:0.0937,2020,0.9890,,300.2,0.9002,,7.4,0.9002,,Advanced_to_Expert,0.7392,Advanced_to_Expert:0.7392|Intermediate_Advanced:0.1307|Intermediate_Expert:0.1301,3_year_manufacturer_warranty,0.9002,,Whitelines_100_Best_Gear_multiple_seasons,0.9742,,EcoZen_topsheet_unverified_for_2027,0.4504,,Bosco_Sodi_base_Dom_Berrini_topsheet,0.9524,,,,,Kiel_Nindl_GMBH_Austria,0.9865,,,,,,,,252.0,0.9002,,82_118kg_plus,0.9002,,1177.0,0.9002,,,,,,,,Mellow_Freeride,0.4950,Mellow_Freeride:0.4950|All_Mountain_Freeride:0.4950,Burton,0.9958,,The_Channel_all_brands_best_with_EST,0.9890,,Freeride_Directional,0.8183,Freeride_Directional:0.8183|Tapered_Directional:0.1654,144_148_152_156_160_156W_160W_165W,0.9890,,2027,0.9958,,Unisex,0.9479,,45_degree_Carbon_Highlights_full_tip_to_tail,0.9002,,Snowboard,0.9958,,All_Mountain_Freeride_Powder,0.9868,,_40.0,0.9002,,Edge_hold_not_there_compared_to_peers_in_hard_snow,0.9681,,FSC_Certified,0.9524,,560.0,0.9002,,Firm_on_medium_snow,0.9569,,,,,Inferred_sandwich_construction_unverified,0.5003,,Genuine_quiver_of_one_works_across_conditions,0.9742,,,,,Medium_fast_turn_initiation,0.9569,,,,,12.0,0.9860,,,,,,,,,,,1120.0,0.9002,,,,,,,,85.7,0.5000,85.7:0.5000|83.9:0.5000,,,,,,,More_locked_in_feeling_vs_Mountain_Twin,0.9517,,,,
ESIYSaCdUS,Mervin_Manufacturing,T.Rice_Orca,Orca_C2X_Directional_rocker_between_feet_camber_tip_tail,0.6562,,HP_60pct_Aspen_40pct_Paulownia,0.7787,,1199.99,0.9890,,,,,Warpig_Harpoon_Dancehaul_Flagship_MindExpander_Hovercraft_Mercury_Gremlin_Dart_Hybrid_PartyWave,0.5410,,Double_layer_UHMW_polyethylene,0.5842,,130_plus_lbs,0.9957,,7.0,0.9945,7.0:0.9945|6.0:0.0055,2018_2019_season,0.9406,,31.6_30.5,0.9957,,6.8m_smallest_7.0m_others,0.9957,,Intermediate_to_Expert,0.8947,,Structural_defects_only_no_impact_abuse_wear,0.9557,,Absolutely_a_favorite_not_letting_go,0.9284,,Eco_Sublimated_Poly_Topsheet,0.9890,,Travis_Rice,0.9957,,,,,Sequim_Washington_USA,0.9073,,,,,,,,,,,,,,,,,,,,,,,All_Mountain_Directional,0.9957,,Lib_Tech,0.9779,,2x4,0.9890,,Tapered_Directional,0.9890,,138_144_147_150_153_156_159_162cm,0.9957,,2025-2026,0.9957,,Unisex_Mens,0.8044,,Tri_Ax_Bi_Ax_Fiberglass_Basalt_Alloy,0.7787,,,,,Deep_powder_variable_snow_trees_steep,0.5909,Deep_powder_variable_snow_trees_steep:0.5909|Powder_tree_quiver_handles_resort:0.4091,50mm_2in_on_153cm,0.9449,,Worst_bases_not_true_sintered_frequent_waxing,0.4014,,Zero_hazardous_waste_producing_factory,0.9278,,19.5in_24.25in_2.5in_setback,0.9957,,Exceptional_pronounced_grip,0.9284,,Basalt_strength_higher_than_fiberglass_better_damping,0.7358,,Birch_Internal_Sidewalls,0.7400,,Still_easy_to_butter_despite_stiffness,0.9284,,Magne_Traction_7_serrations_per_edge,0.6562,,Very_fast_edge_to_edge_turny_tight_and_long_carves,0.9284,,,,,10.0,0.9449,,,,,Absorbs_chatter_very_well_stays_damp,0.9284,,Climax_and_Gold_Member,0.8767,,110.0,0.9957,,,,,,,,88.9,0.9278,,,,,,,,,,,,,
ET3uyMvXNe,Mervin_Manufacturing,Off_Ramp,Traditional_Camber,0.9998,Traditional_Camber:0.9998|C3_Camber:0.0002,Original_Power_Plus,0.9974,,678.99,0.9974,,In_stock,0.9573,,Burton_Blossom,0.9742,,Eco_Sublimated_Sintered,0.9974,,120_plus_lbs_55_plus_kg,0.9974,,7.0,0.9948,,2024_season,0.9975,,29.5,0.9974,,8.2,0.9974,,Intermediate_to_Advanced_Expert,0.9774,,,,,,,,Eco_Sublimated_Poly_Top,0.8813,,Phil_Hansen_and_Matteo_Soltane,0.9996,,,,,Sequim_Washington_USA,0.9994,,,,,,,,25.3,0.9974,,,,,,,,,,,,,,Freestyle_Park_Twin,0.7113,Freestyle_Park_Twin:0.7113|All_Mountain_Freestyle:0.2887,Lib_Tech,0.9984,,2x4_inserts,0.9013,,True_Twin,0.9974,,148_151_154_157_157W,0.9979,148_151_154_157_157W:0.9979|154_157:0.0021,2025,0.9974,,Mens,0.9804,,Tri_axial_and_Bi_axial_fiberglass,0.8813,,Snowboard,0.9991,,AllMtn_8_Powder_6_Park_10,0.8104,,0.0,0.9974,,Expensive_for_a_jib_board,0.9742,,Zero_hazardous_waste_renewable_energy_eco_sublimation,0.9924,,20.25_to_25.0_inches,0.9974,,Strong_edge_hold_ice_Magne_Traction_camber,0.9976,,,,,Birch_internal_sidewalls_vertical_end_grain,0.8813,,Stable_underfoot_damp_poppy,0.9793,,Magne_Traction_serrated_edges_7_serrations,0.9974,,,,,,,,,,,Union_Ultra,0.9980,,,,,Lib_Tech_Box_Knife,0.9980,,115.0,0.9974,,,,,,,,84.4,0.9742,,,,,,,,,,,,,
EToYuxqbks,,Mystery_Day_Trader,Directional_Flat_Top,0.9733,,Dragonfly_II_500G,0.9625,,1539.99,0.9914,,Sold_out,0.9914,,Capita_Nitro_Salomon_K2_Yes_Jones,0.7309,,Methlon,0.9577,,54-82kg,0.9016,,6.0,0.9768,6.0:0.9768|6.0-9.0:0.0232,,,,298.3/286.3,0.9581,,7.4,0.9581,,Intermediate_to_Expert,0.6937,Intermediate_to_Expert:0.6937|Expert:0.3063,Authorized_dealers_only_original_purchaser_no_eBay,0.9974,,Freeride_borders_all_mountain_not_super_aggressive,0.9524,,,,,,,,,,,Austria_Keil_factory,0.9970,,,,,,,,249.0,0.9581,,82-118+kg,0.9016,,1175.0,0.9016,,7.7,0.9016,,306.2/294.2,0.9016,,All_Mountain_Powder,0.9561,,Burton,0.9985,,The_Channel,0.9997,,Tapered_Directional,0.9553,,145_150_155_160cm,0.9524,,2025,0.9985,,Unisex,0.9663,,Mystery_Glass,0.9547,,Snowboard,0.9517,,7.0,0.9097,,-37.5,0.9914,,Not_playful_no_park_awkward_switch,0.9742,,,,,560.0,0.9016,,,,,,,,,,,,,,Frostbite_Edges,0.9939,,,,,,,,12.0,0.9915,,All_major_bindings_best_with_Burton_EST,0.9006,,,,,Day_Trader_2014_then_FT_Day_Trader_2016_2021,0.9971,,,,,,,,,,,,,,,,,,,,,,,,,
EZ0IoSIe38,Low_Pressure_Studio_Nidecker_Group,The_Surfer,Low_Camber_3BT_SideKick,0.9185,Low_Camber_3BT_SideKick:0.9185|Medium_Camber_3BT_SideKick:0.0815,Super_Ultra_Light_80_20_Paulownia_Poplar,0.9971,,1899.99,0.9974,,All_sizes_sold_out_official_US,0.9940,,Burton_Fish_3D_679_95_USD,0.9692,,Nano_Speed_S_sintered_ISOSPORT_7000,0.9998,,67-87kg,0.9974,,4.0,0.9995,,Approx_2017_2018,0.9899,,32.2_29.1,0.9974,,7.74,0.9974,,Intermediate_Advanced,0.9157,,2_plus_1_year_warranty,0.9974,,Learning_curve_steering_not_intuitive_initially,0.9692,,Step_Down_Rails_Top_3D,0.9996,,,,,3000,0.9146,,Austria_CAPiTA_Mothership,0.9972,,Carves_better_than_expected_for_powder_shape,0.9539,,,,,25.9,0.9974,,77-97kg,0.9974,,123.3,0.9974,,7.89,0.9974,,,,,Powder_Freeride,0.9969,,Bataleon,0.9974,,2x4_Inserts,0.9868,,Tapered_Directional,0.9959,,149cm_154cm_159cm_162cm,0.9974,,2027,0.5946,2027:0.5946|2025/2026:0.4054,Mens,0.9984,,Tri_Ax_triaxial_fiberglass,0.9974,,Snowboard,0.9984,,Powder_primary_Hardpack_carving_secondary,0.9959,,neg25,0.9687,,High_price_staggering_increase,0.9412,,,,,49.0-61.0cm,0.9974,,Better_than_expected_for_powder_shape,0.9926,,Carbon_Stringers,0.9956,,Urethane_Flex_Walls,0.9490,Urethane_Flex_Walls:0.9490|ABS_Solid_Walls:0.0510,Exceptional_effortless_float,0.9995,,,,,,,,Progressive_sidecut,0.9940,,28,0.9146,,Standard_2x4_compatible_all_major_brands,0.9868,,,,,Surfer_LTD_limited_125_150_units,0.9969,,1160,0.9146,,Free_shipping_2plus1yr_warranty_45day_return,0.9940,,,,,,,,,,,,,,,,,,,
EmdmnQ5oQr,Mervin_Manufacturing,Wagyu,C3,0.9974,,G_Lite_2_FSC_Aspen_Paulownia,0.8536,,899.99,0.9231,,GNU_com_in_stock_30pct_off,0.9923,,Lib_Tech_also_Mervin_Manufacturing,0.9808,,Fast_tough_wax_retentive,0.9387,,110plus_lbs_50plus_kg,0.9974,,8.0,0.9682,8.0:0.9682|6.0:0.0318,August_2025,0.9595,,29.3,0.9974,,8.0,0.9974,,Intermediate_to_Advanced,0.9278,,One_year_warranty_manufacturer_defects,0.9767,,,,,Eco_Sublimated_Poly_Topsheet,0.8536,,Cannon_Cummins,0.8427,,,,,Carlsborg_WA_USA,0.9840,,,,,,,,25.3,0.9974,,120plus_lbs_55plus_kg,0.9974,,,,,v8_158,0.9974,,29.5,0.9974,,Freestyle_All_Mountain,0.9974,,GNU,0.9974,,2x4_Inserts,0.9832,,Directional_Twin,0.9977,,155_158_161cm,0.9974,,2025-2026,0.9974,,Mens,0.8502,,TriAx_BiAx_fiberglass_Carbon_Power_Bands,0.9387,,Snowboard,0.9974,,Resort_Park,0.9976,,0.5,0.9231,,,,,Zero_hazardous_waste_production,0.9777,,18.5in_to_26.5in_0.5in_setback,0.9974,,Superior_MagneTraction_icy_steeps,0.9449,,Carbon_Power_Bands,0.9371,,UHMW_Polyethylene,0.9371,,,,,MagneTraction_7_serrations,0.9928,,High_carbon_bands_enhanced_energy_return,0.5668,,,,,,,,,,,,,,New_model_2025_2026_no_direct_predecessor,0.9490,,115.0,0.9974,,,,,,,,,,,,,,,,,,,,,,
ErS7nbbAfK,Nitro_AG_Hunenberg_Switzerland,Team,True_Camber,0.9027,True_Camber:0.9027|Cam_Out_Camber:0.0973,PowerLite_ultra_lightweight_poplar,0.9975,,899.99,0.9793,,Preorder,0.9793,,Burton_Custom_CAPiTA_Mercury_Salomon_Assassin_K2_Broadcast_Yes_Standard_Jones_Mountain_Twin,0.5556,,Sintered_EcoSpeed_HD_Base,0.9584,,60-80kg,0.9827,,7.0,0.9827,,Over_20_years_since_early_2000s,0.9808,,28.9,0.9827,,11.3/7.3/11.3,0.9827,,Advanced_Expert,0.9142,Advanced_Expert:0.9142|Intermediate:0.0858,Authorized_Nitro_dealers_only,0.9945,,Switch_Great_doable_either_way,0.9219,,,,,,,,Feels_normal_average,0.9140,,Taiwan_Playmaker_factory,0.9971,,Great,0.9219,,Poor,0.9548,,25.0,0.9827,,65-85kg,0.9827,,,,,11.7/7.3/11.7,0.9827,,,,,Freestyle_All_Mountain,0.9793,,Nitro,0.9827,,2x4_Inserts,0.9827,,Directional_Twin,0.9793,,152_155_157_159_162_157W_159W_162W_165W,0.9827,,2027,0.9861,,Mens,0.8904,,Bi_Lite_Laminates,0.9960,,Snowboard,0.9861,,Park_Halfpipe_Offpiste_All_Mountain,0.9793,,neg1.5,0.9827,,Full_camber_minimal_setback_limits_powder_float,0.9984,,Solar_FSC_water_inks_recycled,0.9950,,,,,Medium_Snow,0.9380,,,,,ABS_flexible_impact_resistant,0.9828,,Frequently_recommended_do_it_all_board,0.9977,,Recycled_Steel_Edge,0.9793,,Very_smooth_easy_strong_grip,0.8371,,Dual_Degressive_Sidecut,0.9827,,,,,,,,,,,,,,117.0,0.9827,,,,,,,,,,,Great,0.9346,,Great,0.9380,,Semi_Locked_In,0.9140,,,,
FA7n3YKV1P,Mervin_Manufacturing,Terrain_Wrecker,C2x_Directional,0.9982,,OP_75pct_Aspen_25pct_Paulownia,0.9981,,999.99,0.9963,,Yes_available,0.9999,,Korua_Otto_K2_Manifest_Jones_Frontier_Ride_Algorythm_etc,0.9406,,Eco_Sublimated_TNT_Base,0.9980,,110plus_lbs_50plus_kg,0.9957,,6.5,0.4000,6.5:0.4000|6.0:0.3500|7.0:0.2500,2018,0.9979,,,,,,,,Beginner_to_Expert,0.6355,Beginner_to_Expert:0.6355|Intermediate_Advanced:0.2245|Intermediate:0.1400,1_year_manufacturer_defects_structural,0.9977,,5.0,0.9406,,Eco_Sublimated_Poly_Topsheet,0.9979,,Schoph,0.9957,,2860.0,0.9499,,Sequim_Washington_USA,0.9991,,Good,0.9462,,Average,0.9462,,,,,120plus_lbs_55plus_kg,0.9957,,,,,,,,,,,All_Mountain,0.9663,All_Mountain:0.9663|All_Mountain_Freeride:0.0300,Lib_Tech,0.9987,,2x4_Inserts,0.9948,,Directional_Twin,0.9965,,152_154_157_160_156W_161W,0.9979,,2025-2026,0.9979,,Mens,0.6891,,Tri_Ax_Bi_Ax_Fiber,0.9981,,Snowboard,0.9991,,All_Mountain,0.9965,,,,,Can_feel_loose_auto_spinny_base_slow_for_price,0.9462,,Zero_hazardous_waste_producing_factory,0.9992,,20.25_to_25in_0in_setback,0.9957,,Excellent_grip_icy_hard_snow,0.9957,,,,,Birch_Internal_plus_UHMW_Sintered_Sidewalls,0.9551,,Very_Forgiving_Versatile_Quiver_Excellent_Grip,0.9462,,Magne_Traction_7_serrations,0.9981,,Fast,0.9462,,,,,,,,,,,More_chattery_than_damp_doesnt_crush_crud,0.9405,,,,,,,,Up_to_full_year_to_return,0.7855,,Good,0.9462,,87.3,0.9499,,Good,0.9462,,Great,0.9462,,Semi_Stable,0.9462,,Great,0.9462,
FIrOush9ym,Nitro_AG_Hunenberg_Switzerland,Squash,True_Camber,0.9985,,PowerCore_II_Poplar_Beech_stringers,0.9974,,839.99,0.9974,,In_stock_2026_evo,0.9726,,Jones_Hovercraft_2_0,0.9499,,Sintered_Speed_Formula_HD_Base,0.9974,,60_80kg_130_175lbs,0.9974,,7.0,0.9974,,2017_2018_season_Quiver_Series,0.7090,,299.0,0.9974,,8.2_6.2m,0.9974,,Advanced,0.9974,,2_year_limited_warranty_structural_defects,0.9945,,Good,0.9595,,,,,Bryan_Fox_and_Austin_Smith,0.8989,,,,,,,,Great,0.9595,,good_pow,0.9595,,253.0,0.9974,,65_85kg_145_185lbs,0.9974,,,,,8.4_6.4m,0.9974,,,,,Freeride_Powder,0.8980,Freeride_Powder:0.8980|All_Mountain_Freeride:0.0531|Freeride_Powder_Carving:0.0489,Nitro,0.9985,,2x4_Inserts,0.9974,,Tapered_Swallowtail,0.7966,Tapered_Swallowtail:0.7966|Tapered_Directional:0.2034,156cm_159cm,0.9030,156cm_159cm:0.9030|156mw_159mw_163w:0.0970,2026,0.9985,,Mens_also_womens_youth,0.9044,,Bi_Lite_Laminates_biaxial_fiberglass,0.9974,,Snowboard,0.9985,,Powder_Groomers_Freeride,0.9974,,negative_25mm,0.9974,,Very_Technical_Locked_In_Catchy,0.9081,,FSC_Certified_Wood_Core,0.9203,,48_60cm,0.9203,,Hard_Snow,0.9595,,,,,ABS_flexible_impact_resistant,0.9974,,Excellent_Pop_and_Drive,0.9081,,Recycled_Steel_Edge_50_percent,0.9974,,medium_turn,0.9595,,Progressive_Sidecut,0.9974,,6.0,0.9465,,,,,,,,Nitro_Quiver_Squash_2017_2018,0.7090,,1120.0,0.9974,,,,,poor_jib,0.9595,,,,,great_spd,0.9595,,good_jumps,0.9595,,Locked_In,0.9595,,average_pipe,0.9595,
Fe6JmaxXS2,Mervin_Manufacturing,Golden_Orca,C2X_Directional,0.9985,,60pct_Makah_Hemlock_40pct_Paulownia,0.9777,60pct_Makah_Hemlock_40pct_Paulownia:0.9777|60pct_Aspen_40pct_Paulownia:0.0223,1399.99,0.9963,,Preorder_estimated_May_1_2026,0.9948,,Yes_PYL_Burton_FA_Jones_Flagship_Cartographer_Instigator_Korua_Otto_Frontier,0.9219,,Sintered_Knife_Cut_Base,0.9922,,140_plus_lbs_65_plus_kg,0.9554,140_plus_lbs_65_plus_kg:0.9554|70_plus_kg:0.0446,8.0,0.7828,8.0:0.7828|7.0:0.1993|6.0:0.0179,2021_2022_season,0.9548,,30.1,0.9637,30.1:0.9637|30.2:0.0363,,,,Intermediate_Advanced,0.9922,,,,,Between_Orca_and_TRice_Pointy_forgiving_grippy_quiver,0.9219,,Ocean_bound_PBT_recycled_PET,0.9772,Ocean_bound_PBT_recycled_PET:0.9772|Eco_Sublimated_Poly_Topsheet:0.0228,Travis_Rice,0.9985,,Slightly_heavier_than_average,0.8856,,Sequim_Washington_USA,0.9840,,,,,,,,,,,155_plus_lbs_75_plus_kg,0.9554,155_plus_lbs_75_plus_kg:0.9554|80_plus_kg:0.0446,,,,,,,31.1,0.9637,31.1:0.9637|31.3:0.0363,All_Mountain_Directional,0.8666,All_Mountain_Directional:0.8666|Freestyle_Powder_Directional_Freeride:0.0971|Freeride_Powder:0.0364,Lib_Tech,0.9975,,2x4_Inserts,0.9937,,Tapered_Directional,0.9937,,150_153_155_157_159_161_164cm,0.9948,,2027,0.9985,,Mens,0.8949,,Tri_Ax_Bi_Ax_Fiber_Basalt_Alloy_Carbon_X,0.9922,,Snowboard,0.9985,,All_mountain_powder_freeride,0.9922,,25.0,0.9989,,Beginners_groomer_riders_twin_preference,0.8949,,Zero_hazardous_waste_89pt6pct_hydroelectric_biodiesel,0.9284,,17pt5_to_22pt5_inches,0.9978,,Excellent_Magne_Traction_strong_grip,0.9369,,UHMW_Tip_Tail_Impact_Deflection_reduces_swing_weight,0.9922,,Birch_Internal_UHMW_Sintered_Sidewall,0.9922,,Good_one_board_quiver_less_directional_than_Orca,0.9252,,Magne_Traction_7_serrations,0.9937,,Quick_edge_to_edge,0.9252,,,,,9.0,0.9548,,,,,Some_tip_tail_chatter_but_not_bucking,0.9341,,,,,,,,,,,,,,85.9,0.9186,,,,,,,,,,,,,
FfsQXy5GNw,,Stale_Fish,Free_The_Ride_Camber_rockered_nose_flat_front_camber_tail,0.9681,,Pop_Core_alternating_Poplar_Paulownia_20mm_strips,0.9681,,1049.99,0.9681,,Preorder,0.9681,,Jones_Hovercraft_Lib_Tech_Orca_NS_Harpoon_and_others,0.9405,,SinterStrong_low_maintenance_sintered_fast,0.9910,,74-94kg,0.9743,,7.0,0.9091,7.0:0.9091|6.0:0.0909,2021,0.9405,,,,,,,,Advanced,0.9681,,2_plus_1_year_warranty_3_years_with_registration,0.9989,,Absolute_hoot_not_just_on_powder_days,0.9405,,,,,Stale_Sandbech,0.9990,,Heavy_absolute_weight_close_to_avg_grams_per_area,0.8856,,SWS_factory_Dubai_UAE,0.9906,,Great,0.9405,,Great,0.9405,,267.1,0.9743,,,,,1199.0,0.9743,,,,,,,,Freeride-Powder,0.9681,,Rome,0.9979,,2x4_Inserts,0.9681,,Tapered_Directional,0.6293,Tapered_Directional:0.6293|Directional_Twin:0.3707,154cm_157cm,0.9681,,2027,0.9681,,Mens,0.9681,,Triax_Upper_Glass_torsional_rigidity_snap,0.9681,,Snowboard,0.9979,,Powder_Groomers_Freeride_Backcountry,0.9681,,neg15mm_from_reference,0.9405,,Doesnt_Front_Foot_Carve_Well,0.9405,,,,,533.4,0.9743,,Hard_Snow,0.9405,,Single_Directional_Carbon_HotRod_in_nose_stability_speed,0.9681,,Directional_Flax_Walls_natural_lightweight_I_beam_reinforced,0.9853,,,,,,,,Medium,0.9976,,Bi_Radial_Sidecut_wider_tail_smaller_nose,0.9681,,15.52,0.5798,15.52:0.5798|15.0:0.4202,,,,,,,Shape_from_Rome_Pow_Division_added_camber_nose_lift,0.9343,,,,,45_day_return_policy,0.9882,,Poor,0.9405,,,,,Great,0.9405,,Great,0.9405,,Semi_Locked_In,0.9405,,Average,0.9405,
FiIDCwcDut,Salomon_SAS_founded_1947_Annecy_France,Reflect,Flat_Out_Camber,0.9961,,Aspen_wood,0.9961,,599.99,0.9974,,The_House_online_multiple_sizes,0.9635,,K2_Raygun_popular_beginner,0.5405,,Extruded,0.9961,,60-90kg,0.9963,,2.0,0.9953,,2023,0.6892,,29.6/29.6,0.9962,,,,,Beginner,0.9941,,2_years_for_snowboards,0.9896,,,,,,,,,,,,,,,,,,,,,,,25.1,0.9962,,,,,117.5,0.9962,,,,,30.0/30.0,0.9962,,All_Mountain,0.9925,,Salomon,0.9941,,4x2_Inserts,0.9955,,Directional_Twin,0.9961,,142_145_149_152_156_160_163_158W_162W,0.5946,142_145_149_152_156_160_163_158W_162W:0.5946|145_149_152_156_158W_160_162W:0.4054,2023_2024_2025_2026,0.9910,,Mens,0.7923,,BA_LD_Glass_low_density_fiberglass,0.9955,,Snowboard,0.9941,,All_Mountain,0.5854,All_Mountain:0.5854|Park_Freestyle_All_Mountain:0.4146,10.0,0.9754,,Soft_flex_potential_instability_at_high_speeds,0.8358,,FSC_Certified_wood_core,0.9953,,494/606mm,0.9754,,,,,None_listed_entry_level_construction,0.9548,,ABS,0.9961,,Catch_free_riding_Bite_Free_Edges_Flat_Out_Camber,0.9935,,Bite_Free_Edges,0.9961,,,,,Radial,0.9961,,,,,Standard_4x2_insert_all_major_binding_brands,0.9694,,,,,,,,,,,,,,,,,,,,,,,,,,,,,,,
FiYL0Z6Hud,Nitro_AG_Hunenberg_Switzerland,Nomad,Cam_Out_Camber,0.9687,Cam_Out_Camber:0.9687|Flat_Out_Rocker:0.0313,PowerCore_tip_to_tail_Poplar,0.9970,,839.99,0.9974,,Sold_out,0.9948,,Rossignol_Escaper_affordable,0.9140,,Low_maintenance_ultra_clear,0.7606,,50_plus_kg,0.7427,,6.0,0.9970,,2018_2019,0.5372,2018_2019:0.5372|2015:0.4628,305.0,0.9948,,9_7_9m,0.7219,,Entry_level_to_intermediate,0.9856,,Defects_in_material_and_workmanship,0.9963,,,,,Water_based_inks,0.9941,,,,,3300.0,0.9900,,,,,,,,,,,252.0,0.9555,,60_plus_kg,0.9948,,,,,7.0_4.1_7.0m,0.9948,,,,,Splitboard,0.9951,,Nitro,0.9951,,Voile_Compatible,0.9941,,Directional_Splitboard,0.9970,,159_162cm,0.8271,159_162cm:0.8271|156_159_162cm:0.1440|156_161_165cm:0.0289,2025,0.9998,,Men,0.6182,,Bi_Lite_Laminates_two_direction,0.9970,,Splitboard,0.9951,,Powder_All_Mountain_backcountry,0.8079,,neg25.0,0.9948,,Medium_flex_not_best_on_variable_hard_snow_gnarly_terrain,0.9434,,Yes_Carbon_Neutral,0.9941,,,,,Hike_Pods_edge_grip_icy_traverse,0.9931,,T7075_Forged_Aluminium_Hooks,0.9941,,,,,Splitgrip_Core_better_uphill_performance,0.9994,,Standard_Steel_Edges,0.7499,,,,,Radial_Sidecut,0.7258,Radial_Sidecut:0.7258|Dual_Degressive_Sidecut:0.2742,,,,Requires_splitboard_specific_bindings,0.9547,,,,,,,,1040.0,0.7219,,,,,,,,,,,,,,,,,,,,,,
FwO44ugEfM,,Skate_Banana,Original_Banana_OB_mild_rocker_between_feet,0.9963,,OP_Plus_75pct_Aspen_25pct_Paulownia,0.9975,,969.99,0.6311,,In_stock,0.9999,,CAPiTA_DOA_more_aggressive_hybrid_camber,0.8333,,Sintered_Knife_Cut_Base,0.7492,,80_plus_lbs,0.9963,,4.0,0.6311,,2007,0.5500,2007:0.5500|2006:0.4500,28.8,0.9963,,8.3,0.9963,,Beginner_to_Pro,0.9963,,Structural_defects_only_no_impact_abuse,0.7292,,Heavy_side_trade_weight_for_reliability,0.9066,,Eco_Sublimated_Poly_Topsheet,0.7492,,Brandon_Reis,0.9896,,2860.0,0.9595,,Sequim_Washington_USA,0.9245,,,,,,,,25.5,0.9963,,85_plus_lbs,0.9963,,,,,8.4,0.9963,,,,,Freestyle_All_Mountain,0.9926,,Lib_Tech,0.9995,,2x4_Inserts,0.6311,,Twin,0.9926,,150_152_154_156_159cm,0.9963,,2027,0.9926,,Mens,0.6173,,Tri_Ax_Bi_Ax_Fiber,0.8127,,Snowboard,0.9926,,,,,0.0,0.9974,,Not_stable_at_speed_chatter_starts_quickly,0.9998,,FSC_wood_eco_sublimation_zero_waste_biodiesel_hydroelectric,0.9986,,19.25_to_24_inches,0.9963,,Good_helped_by_Magne_Traction,0.9595,,No_carbon_stringers_or_layers_basic_construction,0.8812,,Birch_internal_sidewalls,0.7292,,Consistently_described_as_super_fun,0.9998,,Magne_Traction_7_serrations,0.9977,,4.5,0.9595,,,,,,,,,,,Chattery_4_out_of_10_dampness,0.9595,,,,,117.0,0.9963,,,,,4.5,0.9595,,84.2,0.9595,,2.5,0.9595,,3.5,0.9595,,,,,,,
G1bWhqfcdm,Burton_Snowboards_Vermont_1977,Custom_Flying_V,Flying_V_hybrid_rocker_camber,0.9537,,Super_Fly_II_700G_dual_species,0.9581,,999.99,0.9230,,Burton_evo_REI_Backcountry_TheHouse_ERIKS_PeterGlenn_SaltyPeaks_Amazon,0.9723,,Jones_Mountain_Twin_camrock_TractionTech,0.9990,,Sintered_WFO_high_density,0.9529,,68_to_91_kg,0.9301,,4.5,0.9301,,2010_2011_season,0.9988,,29.4,0.9301,,7.8,0.9301,,Intermediate_Expert,0.7217,Intermediate_Expert:0.7217|Intermediate_Advanced:0.2669|Beginner_Intermediate:0.0114,3_year_warranty_from_purchase,0.9562,,Mellow_playful_easier_floating_loses_charm_hard_snow,0.9984,,Not_explicitly_specified,0.9990,,,,,Not_published_by_Burton,0.9990,,Not_specified_in_sources,0.9990,,,,,,,,25.2,0.9301,,68_to_91_kg,0.9301,,119.5,0.9301,,7.9,0.9301,,29.7,0.9301,,All_Mountain,0.9524,,Burton,0.9543,,The_Channel_system,0.9563,,Directional,0.9537,,150_154_154W_156_158_158W_162_162W_166W,0.5631,150_154_154W_156_158_158W_162_162W_166W:0.5631|150_154_156_158_158W_162W:0.3456|154_156_158:0.0913,2027,0.9534,,Mens,0.9951,,45_degree_Carbon_Highlights_tip_to_tail,0.9562,,Snowboard,0.9543,,5.0,0.9001,,neg1.25,0.9301,,Reduced_edge_hold_hardpack_ice,0.9996,,Super_Sap_Epoxy_50pct_carbon_reduction,0.9386,,53.0,0.9301,,,,,Squeezebox_profiled_core,0.9562,,Not_explicitly_specified_2027,0.7309,,Excellent_butter_press_playfulness,0.9970,,Frostbite_Edges_extended_under_bindings,0.9368,,,,,Standard_radial_sidecut,0.9301,,,,,Channel_compatible_all_major_binding_brands,0.9563,,,,,,,,,,,,,,,,,,,,,,,,,,,,,,,
G88zCxeQiC,Mervin_Manufacturing,C_Money,C3_Camber,0.9974,,Aspen_Paulownia,0.8037,Aspen_Paulownia:0.8037|Poplar_Paulownia:0.1963,524.99,0.9914,,In_stock,1.0000,In_stock:1.0000|Some_sizes_sold_out:0.0000,Lib_Tech_Off_Ramp_C3_MagneTraction,0.9212,,Eco-Sublimated_Co-Ex,0.9974,,,,,6.0,0.8813,6.0:0.8813|5.0:0.1187,2024-2025_season,0.7774,,,,,,,,Intermediate_to_Advanced,0.9772,,,,,,,,Eco_Sublimated_Poly_Top,0.9974,,Jay_Howell,0.9890,,2780.0,0.9840,,Carlsborg_WA_USA,0.9996,,Not_great_surprisingly_poor_slow_speed,0.9660,,,,,,,,,,,,,,,,,,,,Freestyle_Park,0.9974,,GNU,0.9974,,2x4_Inserts,0.9982,,True_Twin,0.9979,,144_148_150W_152_154_154W_156_158W_159,0.9781,144_148_150W_152_154_154W_156_158W_159:0.9781|152_154_156_159_150W_154W_158W:0.0219,2025,0.9974,,Mens,0.9018,,Tri-Ax_Bi-Ax_with_Rubber_Dampening,0.6565,Tri-Ax_Bi-Ax_with_Rubber_Dampening:0.6565|Tri-Ax_Bi-Ax_Glass:0.3435,Snowboard,0.9974,,Freestyle_Park_Groomers,0.9994,,0.0,0.9979,,Not_super_versatile_for_most_riders,0.9660,,FSC_Certified,0.9870,,20.25in-25.0in,0.9948,,Strong_aided_by_Magne-Traction,0.9212,,,,,UHMW_polyethylene,0.9340,,Easy_turn_initiation_tail_release,0.9660,,Magne-Traction_7_serrations,0.9975,,,,,,,,,,,,,,Chattery_lots_of_chatter_3of10_dampness,0.9741,,,,,,,,Up_to_1_year_returns,0.9681,,,,,83.2,0.9840,,,,,,,,,,,,,
GG1fxPkGjX,RIDE_Snowboards,Vantum,Directional_Standard_Camber,0.7941,Directional_Standard_Camber:0.7941|Hybrid_Positive_Camber:0.1900,Performance_Core_Aspen_Bamboo_Paulownia,0.9908,,999.99,0.9974,,Coming_Soon,0.7214,Coming_Soon:0.7214|Some_in_stock_some_pre_order:0.2786,Jones_Flagship_top_freeride_stiff_expert,0.9195,,Sintered_4000_PTEX,0.9829,,52_to_88,0.9914,,Mid_Stiff,0.6914,Mid_Stiff:0.6914|Mid:0.3086,,,,307_298,0.9760,,8.8_7.3_5.5,0.9760,,Intermediate_Advanced,0.9897,,Full_Manufacturers_Warranty,0.9382,,,,,Topless_Construction_graphics_on_fiberglass,0.9897,,,,,,,,Seattle_WA,0.9382,,,,,,,,257,0.9760,,57_to_93,0.9914,,1168,0.9760,,9.3_7.5_6.0,0.9914,,30.9_30.2,0.9914,,Freeride_All_Mountain,0.9912,,RIDE_Snowboards,0.9958,,2x4_Inserts,0.9897,,Tapered_Directional,0.9829,,155_157_159,0.4724,155_157_159:0.4724|145_148_151_153_155_157_159_162_166:0.3239|154_156_158:0.1546|153_155_157_159_162:0.0491,2027,0.9922,,Mens,0.9698,,Hybrid_Glass_triaxial_top_biaxial_base,0.9735,,Snowboard,0.9922,,All_Mountain_Freeride_Powder,0.9912,,neg1.9,0.9974,,,,,Edges_contain_30_percent_recycled_materials,0.9259,,53.3,0.9914,,Strong_edge_hold_at_speed,0.9626,,Roll_In_Construction_3D_sidewall_integration,0.9735,,Slimewalls_urethane_sidewalls_85A_90A,0.9946,,,,,Standard_Steel_Austrian_full_perimeter,0.9992,,Smooth_predictable_from_sidecut,0.9626,,Linear_Quadratic_Sidecut,0.9569,Linear_Quadratic_Sidecut:0.9569|Reducing_Tri_Radial_Sidecut:0.0431,,,,,,,,,,,,,,,,,,,,,,,,,,,,,,,,,,,,
GSsp6zdE7M,Nitro_AG_Hunenberg_Switzerland,Phase_x_Motorhead,Cam_Out_Camber,0.9959,,PowerCore_tip_to_tail_Poplar,0.9959,,799.99,0.9312,,Preorder,0.9312,,Burton_Custom_go_to_all_mountain_camber,0.6897,,Premium_Extruded_FH_Base,0.9552,Premium_Extruded_FH_Base:0.9552|Sintered_Extruded_FH_Base:0.0448,55_75kg,0.9959,,6.0,0.9959,,,,,29.8,0.9959,,9.9_6.5_9.9,0.9959,,Intermediate,0.9312,,Defects_materials_workmanship_original_purchaser_nontransferable,0.9949,,Nitro_weight_ranges_conservative_157_could_handle_200_210lb,0.7668,,Motorhead_band_themed_collaboration_artwork,0.9738,,,,,,,,Taiwan_Playmaker_factory,0.7953,,,,,,,,25.5,0.9959,,65_plus_kg,0.9959,,,,,10.3_6.9_10.3,0.9959,,30.0,0.9959,,All_Mountain_Freeride,0.9312,,Nitro,0.9312,,2x4_Inserts,0.9545,,Directional,0.9959,,155cm_Mid_Wide,0.9312,,2027_FW_2026_27,0.9815,,Mens,0.8968,,Bi_Lite_Laminates,0.9959,,Snowboard,0.9312,,10.0,0.9949,,neg1.5,0.9959,,,,,Yes,0.9959,,48_60cm,0.9949,,,,,,,,ABS_Sidewall,0.9959,,,,,Recycled_Steel_Edge,0.9959,,,,,Dual_Degressive_Sidecut,0.9959,,,,,Standard_2x4_compatible_any_standard_or_mini_disk,0.7953,,,,,,,,109.0,0.9959,,,,,,,,,,,,,,,,,,,,,,
GkH4jd6Ct4,CAPiTA_C3_Worldwide_Austria,Mega_Death,Alpine_V1_Directional_Flat_Kick_Tech,0.9965,,Thermopolymer_Starship_Core_reforestation_Poplar,0.9972,,1999.99,0.9974,,Preorder_est_May_2026,0.9974,,Black_Snowboard_of_Death_bigger_better_brother,0.9944,,Megadrive_XT_sintered_race_base_UHMW_carbon_fluoro,0.9969,,59_86_kg,0.9303,,6.5,0.9404,6.5:0.9404|7.0:0.0596,2024_model_year,0.9554,,29.6_29.5,0.9303,,8.2_7.8_7.6,0.9303,,Advanced_to_Expert,0.9553,,Topsheet_base_sidewall_delam_cracking_misaligned_inserts,0.9940,,Bucks_bounces_too_much_not_good_all_day_ride,0.9702,,Screen_Print_Metallic_Underlay,0.9055,,,,,Ultra_light_silly_light,0.9951,,Handcrafted_at_The_Mothership_Austria,0.9995,,Excels_long_radius_high_speed_grip_doesnt_let_go,0.9972,,Good_float_directional_rocker_nose_setback,0.9644,,25.6,0.9303,,63_90_kg,0.9303,,1197.0,0.9303,,8.4_8.0_7.8,0.9303,,30.0_29.9,0.9303,,All_Mountain_Freeride,0.9650,,CAPiTA,0.9975,,2x4_Stainless_Steel_Inserts,0.9329,,Directional,0.9996,,156_159_162_157W_161W_165W,0.9963,,2027,0.9558,,Mens,0.9553,,Pure_Megacarbon_Marine_Grade_Epoxy,0.9258,,Snowboard,0.9991,,AllMtn_7_Powder_8_Park_3,0.8294,,20.0,0.9953,,Not_for_park_or_beginners_intermediates,0.9774,,Certified_B_Corp,0.9827,,55.9,0.9303,,Very_solid_edge_hold_in_ice,0.9963,,Pure_Megacarbon_full_carbon_tip_to_tail,0.9900,,Fortress_Kevlar_Bound_Sidewalls,0.4569,Fortress_Kevlar_Bound_Sidewalls:0.4569|Full_ABS1000_Sidewalls:0.4495,Could_be_one_board_quiver_for_right_rider,0.9479,,360_Degree_HRC48_Steel_Edges,0.8843,,Torsionally_stiff_difficult_not_agile_slow,0.6667,Torsionally_stiff_difficult_not_agile_slow:0.6667|Smooth_easy_all_speeds:0.3333,New_Age_Progressive_Death_Grip,0.9371,,1.1,0.9204,,,,,Good_but_not_great_high_speed_stability,0.9569,,,,,,,,Major_US_retailer_price_match_1yr_returns,0.9868,,,,,,,,,,,,,,,,,,,
HCIRfP46Dh,Nitro_AG_Hunenberg_Switzerland,Quiver_Dinghy,True_Camber_traditional_full,0.9957,,Powercore_II_Poplar_Beech_stringers,0.9940,,999.00,0.9995,,Available,1.0000,,Gentemstick_Mantaray_Jones_Hovercraft_Korua_TF_Rome_Stalefish_Cardiff_Powgoda_Jones_ME_Yes_PYL,0.9771,,Sintered_EcoSpeed_HD_Base,0.9940,,70_plus_kg,0.9940,,7.0,0.9964,,2023_season,0.7742,,314mm_308mm,0.9940,,7.6m_6.3m,0.9940,,Advanced_Expert,0.8615,Advanced_Expert:0.8615|Intermediate_Advanced:0.0984|Intermediate:0.0400,2_year_structural_defects_only,0.7935,,Centered_ride_no_setback_feel_unlike_peers,0.9726,,EcoGuard_Topsheet_90pct_recycled,0.9940,,Bryan_Fox_Austin_Smith,0.7321,,,,,Playmaker_factory_Taiwan,0.6923,,Great,0.9726,,Great,0.9726,,267.0,0.9940,,75_plus_kg,0.9940,,,,,8.0m_6.6m,0.9940,,318mm_312mm,0.9940,,Freeride_Powder,0.6911,,Nitro,0.9974,,2x4_Inserts,0.9138,,Tapered_Directional,0.9957,,150W_155W_160W,0.9957,,2026,0.9940,,Unisex,0.7547,,Bi_Lite_Laminates,0.9940,,Snowboard,0.9957,,10.0,0.9940,,-15.0,0.9998,,Hard_to_turn_uneven_snow_size_10_under,0.9660,,Made_with_100pct_solar_power,0.9940,,48-60cm,0.9940,,Hard_Snow,0.9726,,3D_Surf_Tech_convex_nose_concave_tail,0.7452,,ABS_Sidewalls_35pct_recycled,0.9940,,Spoon_nose_felt_only_in_powder,0.9660,,50pct_Recycled_Steel_Edge,0.9940,,Medium,0.9726,,Progressive_Sidecut,0.9957,,,,,,,,,,,,,,,,,,,,Average,0.9726,,,,,Good,0.9726,,Good,0.9726,,Semi_Locked_In,0.9726,,Average,0.9726,
HMNCaRzQ4Q,Burton_Snowboards_B_Corp,Rewind,PurePop_Camber,0.9731,,FSC_Certified_Super_Fly_800G_Dualzone_EGD,0.9662,,559.99,0.9974,,2025_model_sold_through_B_stock_was_available,0.9639,,CAPiTA_Paradise_529_95_at_evo,0.9569,,Sintered_durable_high_wax_absorption,0.9634,,54-82kg,0.9963,,2.5,0.5504,2.5:0.5504|1-4:0.4496,,,,2942.0,0.9963,,7.5,0.9963,,Intermediate_to_Expert,0.9568,,3_Year_Warranty_Channel_boards_2014_plus,0.9441,,Wants_to_ride_fast_stable_playful_at_speed,0.9592,,Graphics_inspired_by_spray_paint_on_cardboard_punk_graffiti,0.9383,,,,,,,,,,,,,,,,,251.0,0.9963,,68-91kg,0.9963,,1185.0,0.9963,,7.7,0.9963,,2972.0,0.9963,,Park_All_Mountain,0.9948,,Burton,0.9714,,The_Channel_mounting_system,0.9731,,True_Twin,0.9752,,140_145_148_151_155_158cm,0.9963,,2025,0.9963,,Unisex_2025,0.9948,,Womens_Specific_Triax_Fiberglass,0.6587,Womens_Specific_Triax_Fiberglass:0.6587|Triax_Fiberglass:0.3413,Snowboard,0.9714,,Park_7_AllMtn_7_Powder_4,0.6464,Park_7_AllMtn_7_Powder_4:0.6464|Park_4_AllMtn_7_Powder_4:0.3536,0.0,0.9963,,Deep_powder_very_slow_speed_lacking_dampening,0.9966,,FSC_Certified_FSC_C124994,0.9380,,560.0,0.9963,,Great_connection_holds_edge_well_up_to_hard_icy,0.9592,,Off_Axis_Squeezebox_Low_15deg_core_zones,0.9023,,,,,Super_easy_to_press_pop_fun_for_any_level,0.8827,,Off_Axis_Frostbite_Edges,0.9543,,,,,,,,,,,Compatible_all_major_brands_best_with_Burton_EST,0.9023,,,,,Burton_Rewind_womens_specific_since_2018,0.9945,,,,,,,,,,,,,,,,,,,,,,,,,
HSn0VCB7NE,Salomon_SAS,HPS_Takaharu_Nakai,Powder_Camber,0.9882,,Ghost_Green_Core,0.9963,,569.99,0.8974,,2024_widely_sold_out_2025_select,0.9906,,Amplid_Souly_Grail,0.9517,,Sintered_EG_Electra_Gallium,0.9963,,70_100kg,0.8974,,Medium,0.9932,Medium:0.9932|Soft:0.0068,2019,0.9517,,310_298mm,0.8974,,,,,Intermediate_to_Advanced_Expert,0.9906,,,,,Powder_Great_Carving_Great_Speed_Good_Uneven_Good_Switch_Avg_Jumps_Great_Jib_Good_Pipe_Good,0.9673,,,,,Wolle_Nyvelt_and_Takaharu_Nakai,0.9592,,,,,China,0.9946,,,,,,,,262.0,0.8974,,80plus_kg,0.8974,,1170.0,0.8974,,,,,312_300mm,0.8974,,Freeride,0.9451,Freeride:0.9451|All_Mountain_Freeride_Versatile_Powder:0.0549,Salomon,0.9870,,2x4_Inserts,0.9552,,Tapered_Directional,0.9882,,155_158_161cm,0.8974,,2024,0.9870,,Mens_Unisex,0.9966,,BA_MD_Glass_medium_density_fiberglass,0.9561,,Snowboard,0.9870,,Versatile_powder_board,0.8974,,30.0,0.8974,,Still_Bouncy_In_Uneven_Snow,0.9594,,FSC_certified_woodcore,0.8295,,Setback_over_20mm,0.9517,,Hard_Snow,0.9594,,ABC_Wrapper_bamboo_veneers_40pct_reduction,0.9963,,Bamboo_Cork_Rails,0.6779,Bamboo_Cork_Rails:0.6779|Recycled_ABS:0.3221,Med_Soft_but_Poppy_Flex,0.9594,,All_Mountain_Edge_Bevel,0.9552,,Medium_Fast,0.9594,,Radial,0.9601,Radial:0.9601|Quadratic:0.0399,12.0,0.9988,,,,,,,,,,,,,,,,,,,,,,,,,,,,,Stable,0.9594,,,,
HXoqrJ8jg6,Never_Summer_Industries_Denver_Colorado,Mens_Proto_T3_FR,Triple_Camber_Hybrid_Fusion,0.9584,,WooBoo_Bamboo_Paulownia_Poplar_Birch,0.9981,,1049.99,0.9963,,Preorder,0.9963,,Capita_Super_DOA_similar_carbon_NS_better_ice,0.7911,,Durasurf_XT_Sintered_5501_graphite,0.9981,,63_90kg,0.9963,,7.0,0.9981,,T3_designation_and_PSCM_introduced_2026,0.6800,,,,,,,,Intermediate_Advanced,0.9980,,Defects_in_material_workmanship_repair_or_replace,0.9963,,Contact_points_feel_hooky_doesnt_track_well,0.9594,,CoExtruded_Polymer_T3_Carbon_Mapping,0.9963,,Holden_Samuels_Freeride_World_Tour,0.4396,,Light_side_of_medium_exact_not_published,0.9405,,Handcrafted_Denver_Colorado_USA,0.8295,,,,,,,,256.0,0.9963,,68_90kg,0.9963,,1180.0,0.9963,,,,,,,,All_Mountain_Freeride,0.9535,,Never_Summer,0.9963,,2x4_inserts,0.9963,,Tapered_Directional,0.9535,,152_156_160_157W_161W_165W_162DF_166DF,0.9539,152_156_160_157W_161W_165W_162DF_166DF:0.9539|Standard_Wide_DF_up_to_170X:0.0406,2027,0.9974,,Mens,0.9538,,Bi_Lite_Fiberglass,0.9963,,Snowboard,0.9963,,,,,neg19,0.9963,,Riders_from_traditional_camber_need_adjustment,0.9524,,,,,,,,Exceptional_grips_like_champ,0.9594,,T3_Directional_Carbon_Mapping_Embossment,0.7806,,UHMW_Sintered_PTex,0.9982,,One_board_quiver_aggressive_all_mountain_freeride,0.9282,,RIP_Edge_Hold_Technology,0.9982,,Fast_turn_initiation_less_pressure_nose_tail,0.6634,,Vario_Power_Grip_Sidecut_multi_radii,0.9654,,5.0,0.9980,,,,,Very_high_dampness_stable_fast,0.9988,,Proto_FR_original_Triple_Camber_2021_22,0.9840,,,,,,,,,,,,,,,,,,,,,,,,,
HfNrXM61pa,Jones_Snowboards,Storm_Wolf,Directional_Camber_Rocker_Surf_Camber,0.6914,Directional_Camber_Rocker_Surf_Camber:0.6914|Directional_Hybrid_Camber:0.3086,Bamboo_Surf_Core_Paulownia_Bamboo,0.9894,Bamboo_Surf_Core_Paulownia_Bamboo:0.9894|Master_Core_Poplar_Paulownia:0.0047|Boost_Core_Bamboo_Paulownia_Poplar:0.0033|V_Core_variable_density:0.0026,1199.99,0.9175,,Available_In_Stock_2025_26,0.9994,,Comparable_versatile_swallowtail_softer_flex,0.9654,,Sintered_8000_UHMWPE_carbon,0.7217,,59-82kg,0.9896,,8.0,0.6892,8.0:0.6892|9.0:0.3108,2021-2022_season,0.9449,,299/291mm,0.7100,,8.6,0.7100,,Advanced,0.7100,,,,,Fast_board_good_grip_long_carving_turns,0.8929,,ECO_Plastic_castor_bean_bio_plastic,0.7217,,Chris_Christenson_and_Jeremy_Jones,0.7381,,3240.0,0.9423,,SWS_factory_Dubai_UAE,0.8275,,,,,,,,261.0,0.7100,,,,,1130.0,0.7100,,,,,,,,Swallowtail_Directional_Freeride,0.9607,Swallowtail_Directional_Freeride:0.9607|Powder_Freeride:0.0349,Jones_Snowboards,0.9986,,2x4_Inserts,0.7100,,Tapered_Directional_Swallowtail,0.9974,,150_154_158_162cm,0.9896,,2027,0.9798,,Unisex,0.9726,,Biax_Fiberglass_dual_layer_dual_directional,0.9205,,Snowboard,0.9561,,Deep_powder_days_high_speed_groomer_carving,0.9423,,35.0,0.9896,,Edge_to_edge_transitions_slow,0.8929,,100pct_solar_power,0.9883,,580.0,0.7100,,,,,BComp_Carbon_Flax_Stringer,0.9948,,Recycled_ABS_rounded_finish,0.9205,,Carving_is_where_Storm_Wolf_shines_exceptional_edge_hold,0.9423,,Recycled_oversized_German_steel_edges,0.7100,,,,,Long_progressive_sidecut,0.9897,,10.0,0.9186,10.0:0.9186|8.0:0.0814,Any_standard_or_mini_disk,0.7100,,,,,Jones_Lone_Wolf_retired,0.9654,,,,,,,,,,,87.0,0.9315,,,,,,,,,,,,,
I5UEUCsOlz,Nidecker_Group_NDK,Mens_Aviator_2_0,True_Camber,0.9985,,Boost_Core_triple_density_bamboo_paulownia_poplar,0.9999,,1099.99,0.9147,,Partial_stock_some_sizes_sold_out,0.9979,,Korua_Otto_LibTech_TW_CAPiTA_Mercury_YES_NSB_more,0.8947,,Sintered_8000_UHMWPE_carbon,0.9985,,130_to_180lbs,0.9974,,8.0,0.5266,8.0:0.5266|7.0:0.4734,2022,0.8044,,293.0,0.9945,293.0:0.9945|2.3:0.0055,7.7,0.9985,,Intermediate_to_Expert,0.9985,,,,,Jumping_machine_amazing_pop_carves_groomer_quiver,0.8947,,Premium_Eco_Topsheet_castor_bean_bioplastic,0.9985,,Victor_de_la_Rue_and_Jimmy_Goodman,0.8713,,3000.0,0.9985,,SWS_Dubai_UAE,0.9777,,Exceptional_fun_to_carve_hums_on_edge,0.9103,,,,,249.0,0.9974,,150_to_200lbs,0.9974,,1190.0,0.9517,1190.0:0.9517|1194.0:0.0483,,,,,,,All_Mountain_Freestyle,0.9978,,Jones_Snowboards,0.9974,,2x4_Inserts_Standard_Pack,0.9647,2x4_Inserts_Standard_Pack:0.9647|12_Pack_Inserts:0.0353,Directional_Twin,0.9985,,147_150_153W_154_156_157W_158_159W_160_162_163W,0.9979,,2027,0.9464,,Mens,0.9985,,Triax_Fiberglass_3layer_multiaxis,0.9985,,Snowboard,0.9985,,10.0,0.9517,10.0:0.9517|8.0:0.0483,20.0,0.9985,,Lightest_liveliest_Jones_AM_chattery_uneven_snow,0.8947,,Fair_Trade_Certified,0.9278,,560.0,0.9974,,Great_grip_ice_Traction_Tech_3_0,0.4585,Great_grip_ice_Traction_Tech_3_0:0.4585|Washy_edgeless_without_pressure_3D_contour:0.3668|Good_holds_edge_effective_edge_stiff:0.1747,BComp_Carbon_Flax_Stringer,0.9999,,Recycled_ABS_rounded,0.9985,,Smashes_through_crud_not_bucked_around,0.8856,,Traction_Tech_strategic_contact_points,0.9985,,Medium_not_slow_not_super_fast,0.8947,,Progressive_Sidecut,0.9517,,0.0,0.9985,,M_L,0.9974,,Chattery_in_uneven_snow,0.4335,Chattery_in_uneven_snow:0.4335|Good_stable_damp_not_much_chatter:0.4310|Super_damp_absorbs_all_chatter:0.1355,Jones_Aviator_last_2021,0.8713,,108.6,0.9985,,30_day_returns_new_unused_buyer_covers_shipping,0.9945,,,,,,,,,,,,,,,,,,,
Iw95Ih7EIL,Mervin_Manufacturing,T_Rice_Pro,C2_Hybrid_Rocker_Camber,0.9986,,HP_60pct_Aspen_40pct_Paulownia,0.9985,,1169.99,0.9974,,Available,0.9692,,Jones_Mountain_Twin_similar_twin_slightly_easier,0.9653,,Eco_Sublimated_Sintered,0.9520,,120_plus_lbs,0.9969,,7.0,0.9813,7.0:0.9813|6.5:0.0123|6.0:0.0064,Approximately_2005_2006,0.9894,,30.1,0.9969,,8.2,0.9969,,Intermediate_to_Advanced,0.9584,,1_year_structural_defects_only,0.8554,,Aggressive_mountain_freestyle_for_mid_wide_riders,0.9317,,Eco_Sublimated_Poly,0.9562,,Travis_Rice,0.9985,,3000.0,0.9892,,Sequim_Washington_USA,0.9865,,,,,,,,25.8,0.9969,,125_plus_lbs,0.9969,,,,,8.3,0.9969,,30.2,0.9969,,Freestyle_All_Mountain,0.9993,,Lib_Tech,0.9986,,2x4_inserts,0.9204,,True_Twin,0.9986,,148_153_155_157_157W_159_161_161W_164_164W,0.9702,148_153_155_157_157W_159_161_161W_164_164W:0.9702|153_155_157_159_157W_161W_164W:0.0298,2025-2026,0.9986,,Mens_unisex,0.9579,,TriAx_BiAx_Fiberglass_Basalt_Alloy,0.9986,,Snowboard,0.9985,,Park_all_mountain_freeride_big_mountain,0.9922,,0.0,0.9985,,Not_for_groomer_carvers_or_max_stability,0.8052,,Last_major_US_factory_zero_hazardous_waste,0.9935,,20.25in_to_25.0in,0.9969,,MagneTraction_helps_firm_snow_C2_sacrifices_some_grip,0.8052,,Volcanic_basalt_fiber_stronger_than_fiberglass,0.9113,,Birch_vertical_end_grain_pop_durability,0.9328,,Playful_twin_all_over_the_mountain,0.8052,,MagneTraction_7_serrations,0.9986,,Quick_easy_edge_to_edge_really_good,0.9742,,,,,0.0,0.9004,,,,,,,,,,,121.0,0.9969,,,,,Decent_enough_not_ideal_jib_board,0.9742,,85.6,0.9839,,Stable_to_moderately_fast_wobbly_after,0.9742,,,,,,,,,,
J0feyXOlNL,Rome_SDS,Agent,Fusion_Camber,0.9963,,Pop_Core_Poplar_Paulownia,0.5563,Pop_Core_Poplar_Paulownia:0.5563|Fully_Poplar_Core:0.4284,949.99,0.8974,,Preorder,0.8974,,Burton_Custom_Salomon_Assassin_YES_Standard_Capita_DOA_Ride_Burnout_Nitro_Team_Arbor_Coda,0.4199,,SinterStrong_Sintered,0.9963,,61_to_79kg,0.9945,,6.5,0.6982,,2001,0.9295,,,,,8.11,0.9945,,Low_intermediate_beginner_to_advanced_expert_park,0.3651,Low_intermediate_beginner_to_advanced_expert_park:0.3651|Intermediate_to_Advanced:0.3347|Intermediate:0.2869,,,,Exceptional_buttering_great_pop,0.8763,,,,,,,,3100,0.9350,,,,,,,,,,,25.7,0.9945,,66.5_to_84.5kg,0.9945,,121.9,0.9945,,,,,,,,Freestyle_All_Mountain,0.8602,,Rome,0.9963,,2x4_Inserts,0.8602,,True_Twin,0.9963,,148_151_154_155W_157_158W_160_161W,0.7394,148_151_154_155W_157_158W_160_161W:0.7394|154_157_155W:0.2542,2027,0.8974,,Mens,0.9923,,Biax_Upper_Glass,0.8974,,Snowboard,0.9963,,7.0,0.8602,,0.0,0.9963,,Gets_chattery_wobbly_at_speed,0.9350,,,,,46.8_to_58.8,0.9945,,,,,Twin_Single_Bamboo_Omega_HotRods,0.8974,,,,,Really_easy_to_extract_pop,0.9350,,,,,Twisting_through_waist_is_easy_biax_glass,0.9114,,Radial_Sidecut,0.9963,,,,,,,,,,,Continues_year_over_year_incremental_updates,0.8475,,107.0,0.9945,,45_day_return_period,0.9923,,,,,87.0,0.9350,,,,,,,,,,,,,
JAWS7vetxZ,,Dark_Horse,Park_V1_traditional_camber_to_zero_camber,0.9996,,Dual_Core_Poplar_Beech,0.9996,,949.99,0.9465,,Preorder_expected_delivery_Apr_May_2026,0.8824,,Better_option_for_riders_wanting_powder_performance,0.8824,,Superdrive_Base_sintruded_hybrid,0.9996,,54_82_kg_120_180_lbs,0.9945,,6.0,0.9445,,2026,0.9970,,29.7,0.9975,,8.0,0.9975,,,,,2_year_manufacturer_warranty_structural_defects,0.9628,,,,,PLT_Topsheet_Pearlescent_Screen_Gloss_Matte,0.9976,,,,,2620.0,0.9735,,Feistritz_Carinthia_Austria_MotherShip,0.9950,,,,,,,,25.4,0.9945,,,,,1188.0,0.9945,,,,,,,,Freestyle_All_Mountain_Freestyle,0.9988,,CAPiTA,0.9977,,2x4_Inserts,0.6931,,True_Twin_symmetrical,0.9975,,148_150_152_154_156_158cm,0.9996,,2027,0.9139,,Mens,0.9101,,HOLYSHEET_Tri_Bi_fiberglass,0.9945,,Snowboard,0.9977,,8.0,0.9062,,0.0,0.9975,,Not_the_fastest_board_Superdrive_base_avg_speed,0.9190,,100pct_self_generated_clean_energy,0.9996,,53.3,0.9945,,7.0,0.9342,,2x30mm_Carbon_Aramid_Boosters,0.9975,,,,,Excellent_all_around_park_and_resort_board,0.9190,,,,,4.0,0.9554,,Radial_single_radius,0.9975,,0.0,0.9945,,Union_Ultra_medium_flex_jumps_pressing,0.9190,,7.5,0.9342,,CAPiTA_Outsiders,0.9970,,,,,14_day_refund_or_365_day_exchange,0.8526,,,,,84.4,0.9554,,,,,,,,,,,,,
JP2TzCtiXM,Mervin_Manufacturing,dPr_Developmental_Project_Realized,Early_Rise_Camber_C3_profile,0.9975,,75pct_Aspen_25pct_Paulownia,0.9513,,799.99,0.9513,,Preorder,0.9000,,CAPiTA_DOA_679_95_industry_standard_freestyle_all_mountain,0.8475,,Knife_Cut_TNT_Base,0.9522,,90_plus_lbs_40_plus_kg,0.9957,,6.0,0.5063,6.0:0.5063|5.0:0.3720|4.5:0.1217,2025_2026_season,0.9571,,29.5,0.9974,,7.6,0.9974,,Intermediate_to_Advanced,0.9992,,Structural_defects_only,0.7858,,,,,Eco_Sublimated_Poly_Texture_Topsheet,0.8600,,Led_by_Travis_Rice,0.6386,,,,,Sequim_Washington_USA,0.9971,,,,,,,,25.5,0.9974,,95_plus_lbs_45_plus_kg,0.9957,,,,,7.7,0.9974,,29.7,0.9974,,All_Mountain,0.9974,,Lib_Tech,0.9980,,2x4_inserts,0.8600,,Directional_Twin,0.9975,,147_150_152_154_156_158_159W_160_162W,0.8427,147_150_152_154_156_158_159W_160_162W:0.8427|152_154_156_158_159W_160:0.1404|154_156_158_159W:0.0169,2027_26_27_season,0.9526,,Mens_unisex_sizing,0.7800,,Tri_Ax_Bi_Ax_Fiberglass,0.9513,,Snowboard,0.9974,,All_Mountain_versatile_groomed_to_off_piste,0.9963,,0.5,0.9000,,Full_camber_construction_may_not_appeal_to_some_riders,0.9594,,Zero_hazardous_waste_producing_factory,0.9868,,20_25in_to_25in_0_5in_increments,0.9957,,Excellent_Magne_Traction_exceptional_grip_on_ice,0.9992,,3_way_fiber_orientation_increases_snap_decreases_vibrations,0.6600,,Birch_internal_plus_UHMW_Sintered_Sidewalls,0.9514,,Unparalleled_forgiveness_for_wide_range_of_terrain,0.9594,,Magne_Traction,0.9535,,,,,Radial_sidecut_with_Mini_Magne_Traction,0.9974,,,,,,,,,,,,,,116.0,0.9974,,,,,,,,,,,,,,,,,,,,,,
JgQggXCuDH,Low_Pressure_Studio_BV,ThunderStorm,Medium_Camber,0.9068,Medium_Camber:0.9068|Low_Camber:0.0932,Paulownia_and_Poplar,0.9957,,949.99,0.8556,,Bataleon_US_direct,0.9957,,Salomon_Sickstick,0.6151,,Ultra_Glide_S_7000_grade_sintered,0.9957,,68-88kg,0.9940,,6.0,0.9957,,2023_2024_season,0.9462,,30.1/29.6,0.9940,,7.5,0.9940,,Advanced_Intermediate_to_Advanced,0.9892,,2_plus_1_year,0.9957,,Positive_exceeded_expectations,0.8571,,Step_Down_Rails_Top_3D,0.9957,,Ethan_Morgan_Tor_Lundstrom_Klaudia_Medlova,0.9926,,2600.0,0.9754,,Austria_CAPiTA_Mothership,0.9938,,,,,,,,25.6,0.9940,,72-92kg,0.9940,,117.0,0.9940,,,,,,,,Freeride_Powder_Mellow_Freeride,0.9857,,Bataleon,0.9957,,2x4_inserts,0.8899,,Tapered_Directional,0.8899,,144N_148N_152N_154_156_158_161_156W_159W_162W,0.9957,,2025/2026,0.9957,,Unisex_Genderless,0.9957,,Tri_Ax_Lamination,0.9957,,Snowboard,0.9957,,Resort_high_speed_powder_groomer_carving,0.8899,,10.0,0.9635,,Sintered_base_needs_regular_waxing,0.9548,,FSC_certified_wood_cores,0.6329,,51.0-63.0,0.9940,,Firm_to_hard_snow_good,0.9548,,Triple_Base_Technology_3BT,0.9965,,Flex_Walls_urethane_poured,0.9957,,Versatile_powder_groomers_park,0.5970,,,,,,,,,,,6.0,0.9626,,Standard_2x4_compatible_non_Burton_EST,0.6892,,,,,Thunder_men_Storm_women_combined,0.9462,,,,,45_day_returns,0.9957,,,,,84.4,0.9635,,,,,,,,,,,,,
Jivj8Q457u,Burton_Snowboards_founded_1977,Process_Flying_V,Flying_V_hybrid_rocker_camber,0.9636,,Super_Fly_II_700G_Core,0.9544,,703.99,0.9974,,Available,0.9996,Available:0.9996|Sold_out:0.0004,Never_Summer_Proto_Type_Two_better_edge_hold,0.8836,,Sintered_durable_porous,0.9544,,68_to_91kg,0.9931,,2.5,0.9580,,2011,0.8400,2011:0.8400|2025:0.1600,29.49,0.9931,,8.1,0.9931,,Beginner,0.9742,,Repair_or_replace_original_owner_proof_of_purchase,0.9963,,Great_all_rounder_no_major_weaknesses_one_board_quiver,0.9620,,Flower_by_Annie_Spratt_soft_afar_intense_detailed,0.9726,,Mark_McMorris,0.9938,,,,,Austria_and_China,0.9990,,,,,,,,25.1,0.9931,,68_to_91kg,0.9931,,119.5,0.9931,,8.2,0.9931,,,,,All_Mountain,0.9401,,Burton,0.9980,,The_Channel,0.9636,,Twin,0.9581,,152_155_157_159_155W_157W_159W_162W,0.9419,,2026,0.9980,,Mens,0.9952,,Triax_fiberglass_three_layers,0.9581,,Snowboard,0.9890,,Freestyle_all_mountain_park,0.9868,,0.0,0.9931,,Not_a_carver_too_soft_too_loose,0.9620,,Certified_B_Corporation,0.9991,,56.0,0.9931,,Biggest_problem_lets_go_on_firm_snow,0.9742,,Dualzone_EGD_wood_grain_heel_toe,0.9414,,,,,Jibs_well_better_than_average_all_mountain,0.9579,,Frostbite_Edges_enhanced_edge_hold,0.9544,,Effortless_quick_edge_to_edge_easy_skid_turns,0.9620,,,,,,,,Compatible_all_major_best_Burton_EST,0.9360,,,,,,,,,,,,,,,,,,,,,,,,,,,,,,,
Jk0bK4iLtE,Burton_Snowboards_founded_1977,Custom_X,Traditional_Camber_full_camber,0.9530,,Dragonfly_600G_Core_Multizone_EGD_Squeezebox,0.9529,,879.99,0.9963,,Widely_available_multiple_retailers,0.9836,,Jones_Mountain_Twin_more_forgiving_better_ice_Custom_X_better_carver,0.8242,,Sintered_WFO,0.9529,,68-91kg,0.9963,,8.0,0.9107,8.0:0.9107|6-9_range:0.0893,2004,0.9945,,29.7,0.9963,,7.9,0.9963,,Advanced_to_Expert,0.9904,,,,,,,,Skull_inspired_lenticular_effect,0.9914,,,,,2720.0,0.8921,2720.0:0.8921|3520.0:0.0634|3002.0:0.0445,Keil_factory_Austria,0.9983,,,,,,,,25.0,0.9963,,,,,117.5,0.9963,,,,,,,,All_Mountain,0.5514,All_Mountain:0.5514|Aggressive_All_Mountain_Freeride:0.4486,Burton,0.9984,,The_Channel_all_major_bindings_best_Burton_EST,0.9529,,Directional_Twin,0.9530,,150_154_156_158_162cm,0.9923,,2026,0.9984,,Mens,0.9984,,Triax_fiberglass_with_Carbon_I_Beam,0.9868,,Snowboard,0.9984,,All_mountain_steep_backcountry_competition,0.9890,,-12.5,0.9923,,Not_suitable_for_beginners_or_intermediates,0.9949,,Bio_based_resin_reducing_carbon_footprint_50pct,0.9529,,56.0,0.9963,,Good_on_hard_snow,0.9681,,End_grain_woods_in_impact_zones_lighter_elsewhere,0.9529,,,,,Exceptional_carving_performance,0.9989,,Frostbite_Edges_extended_under_bindings_hardpack_ice,0.9521,,,,,,,,,,,,,,,,,,,,,,,,,,,,,91.5,0.9785,,4.5,0.9743,,,,,,,,,,
K4BocAbogb,Nidecker_SA_Rolle_Switzerland,Sensor_Pro,Camber_Pro_most_aggressive,0.9998,,Light_Core_Paulownia_Poplar_Beech,0.9244,Light_Core_Paulownia_Poplar_Beech:0.9244|Light_Core_Paulownia_Poplar_Beech_Spruce:0.0756,899.99,0.9974,,Preorder_2027_model,0.9959,,DOA_more_playful_buttery_hybrid_profile_Nidecker_better_edge_hold,0.7692,,N9000_Sintered_super_dense_high_carbon,0.9794,N9000_Sintered_super_dense_high_carbon:0.9794|N7000:0.0206,65-90kg_145-200lbs,0.9969,,8.0,0.9308,8.0:0.9308|7.0:0.0569|6.0:0.0124,,,,297.0,0.9969,,7.9,0.9969,,Advanced,0.9969,,2yr_warranty_extendable_to_3yr,0.9890,,Very_easy_to_carve_effortless_edge_to_edge,0.9146,,Absorbnid_Topsheet_vibration_dampening,0.9993,,Taylor_Gold_Craig_McMorris,0.9972,,,,,Swiss_designed_assembled_in_Asia,0.9742,,,,,,,,252.0,0.9969,,,,,1200.0,0.9969,,,,,,,,Freestyle_All_Mountain,0.9822,,Nidecker,0.9969,,2x4_inserts_6_rows_2cm_intervals,1.0000,,True_Twin_symmetrical,0.9972,,150_154_158_158W_162,0.9969,,2027,0.9969,,Mens,0.9969,,Premium_Sandwich_Construction_with_carbon_stringers,0.9972,,Snowboard,0.9969,,Park_freestyle_all_mountain_street,0.9804,,0.0,0.9969,,,,,One_percent_for_the_Planet,0.9742,,520-640mm,0.9969,,Strong_edge_hold_Camber_Pro_extended_edge,0.9969,,Orbital_Cushioning_shock_absorbing_urethane_around_inserts,0.9564,,,,,,,,,,,,,,,,,0.0,0.9969,,All_bindings_except_Burton_EST_channel,0.9341,,,,,Nidecker_Sensor_Plus_renamed_to_Sensor_Pro_for_MY2025,0.9782,,1120.0,0.9969,,30day_return_free_shipping_over_100,0.9890,,,,,29th_of_38_all_mountain_26th_of_36_park,0.9146,,,,,,,,,,,,,
KJWWonfftq,Burton_Snowboards_founded_1977,Fish_3D_Splitboard,Directional_Flat_Top_flat_between_feet_rocker_nose,0.9519,,Super_Fly_II_700G_Dualzone_EGD_FSC_dual_species,0.9596,,1119.99,0.9984,,In_stock_evo_com,0.9963,,Jones_Solution_Lib_Tech_Escalator_CAPiTA_Navigator,0.9868,,Sintered_WFO_high_density_wax_infused,0.9519,,68_91kg,0.9923,,6.0,0.7444,6.0:0.7444|4.5:0.2556,2025.5,0.7000,2025.5:0.7000|2021:0.3000,315.3,0.9923,,6.1,0.9923,,Advanced_Expert,0.5789,Advanced_Expert:0.5789|Expert_Powder_Backcountry:0.3330|Intermediate:0.0881,All_products_free_of_defects_material_workmanship,0.9940,,6ft_200lbs_rode_156_felt_good,0.9692,,,,,,,,2900.0,0.9341,,Austria_Keil_and_China,0.9988,,,,,,,,260.0,0.9923,,82_118plus_kg,0.9923,,1095.0,0.9923,,6.4,0.9923,,,,,Powder,0.9201,,Burton,0.9712,,The_Split_Channel_with_pre_mounted_pucks,0.9519,,Tapered_Directional,0.9301,,146_151_156_161cm,0.9907,,2026,0.9536,,Unisex,0.9571,,45_degree_Carbon_Highlights_tip_to_tail,0.9890,,Splitboard,0.9519,,Deep_powder_backcountry_trees,0.9519,,-50.0,0.9923,,Not_at_home_in_steep_hard_conditions,0.9800,,FSC_Certified_core_woods,0.8633,,560.0,0.9923,,,,,,,,Slimrail_slanted_sidewalls_reduced_weight,0.9579,,Unsinkable_exceptional_float,0.9940,,,,,Instantaneous_short_medium_turns_rapid_edge_energy,0.9940,,Hourglass_sidecut_instantaneous_short_medium_turns,0.9931,,30.0,0.9857,,Compatible_with_all_major_bindings,0.9038,,,,,Burton_Fish_Splitboard_discontinued,0.9950,,1040.0,0.9539,,Unused_original_packaging_30_days_full_refund,0.8328,,,,,,,,,,,,,,,,,,,
KO9P8mnjWD,Salomon_SAS_Amer_Sports,Sleepwalker,Rock_Out_Camber,0.9944,,Aspen_Strong_FSC_certified,0.9954,,489.99,0.9963,,Backcountry_148_151_153_155_in_stock,0.9910,,Ride_Twinpig,0.8416,,Sintered,0.8146,Sintered:0.8146|Extruded_EG:0.1854,55-85kg,0.9955,,Soft,0.6522,Soft:0.6522|Medium:0.3478,2017_2018_season,0.9930,,297.0,0.9963,,,,,Beginner_Intermediate,0.9963,,Manufacturing_or_material_defects_only,0.9999,,Whitelines_100_Best_great_value_park_jib,0.9692,,,,,Tommy_Gesme,0.9989,,,,,China_Asian_OEM,0.8445,,,,,,,,252.0,0.9955,,65-90kg,0.9955,,1205.0,0.9955,,,,,299.0,0.9963,,Park_and_Freestyle,0.9940,,Salomon,0.9967,,2x4_Inserts,0.9963,,True_Twin,0.9954,,148_151_153_155_158_155W_158W,0.9967,,2025,0.9967,,Mens,0.9967,,Biaxial_Medium_Density_Fiberglass,0.9954,,Snowboard,0.9967,,Park_street_side_hits_all_mountain,0.9948,,0.0,0.9963,,,,,FSC_certified_wood,0.9932,,21.7-23.9in,0.9839,,,,,Royal_Rubber_Pads_2mm,0.9951,,ABS_Sidewalls,0.8082,,Best_value_park_board,0.9915,,Freestyle_Edge_Bevel,0.9901,,,,,EQ_Rad_Sidecut,0.9828,EQ_Rad_Sidecut:0.9828|Quadratic_Sidecut:0.0172,,,,Standard_2x4_most_bindings,0.9963,,,,,Salomon_Villain,0.9692,,,,,,,,,,,,,,,,,,,,,,,,,
KR9ULnqSpB,Jones_Snowboards_Truckee_CA,Mens_Flagship_Pro,Directional_Camber_Rocker,0.9976,,Power_Core_triple_density_Bamboo_Paulownia_Poplar,0.9269,,1449.99,0.9974,,In_stock,1.0000,,Amplid_Souly_Grail_K2_Alchemist_YES_PYL_Weston_Backwoods_Cardiff_Powgoda_United_Shapes_Cadet_Burton_Gril_Master,0.9839,,Ultra_Base_sintered_carbon_top_speed_wax,0.9281,,59-82kg,0.9940,,9.0,0.6205,9.0:0.6205|10.0:0.3795,2010,0.8836,,294.0,0.9940,,8.5,0.9940,,Advanced,0.9925,,Available_through_product_registration,0.9963,,Great_board_worth_150_more_faster_base_pop_damp,0.9839,,Ash_Wood_Veneer_Topsheet,0.9082,,,,,,,,Dubai_Solico_Winter_Sport_Factory,0.9883,,,,,,,,246.0,0.9940,,,,,1142.0,0.9940,,,,,,,,Directional_freeride,0.5254,Directional_freeride:0.5254|Freeride-Powder:0.4746,Jones_Snowboards,0.9996,,2x4_Inserts,0.9940,,Tapered_Directional,0.9980,,154_158_159W_161_162W_164_165W,0.9872,154_158_159W_161_162W_164_165W:0.9872|154_158_159W:0.0128,2026,0.9978,,Mens,0.9988,,Fusion_Carbon_ultralight_tip_to_tail_carbon_fiberglass,0.9065,,Snowboard,0.9988,,Steep_backcountry_deep_powder_off_piste_freeride,0.9925,,20.0,0.9940,,Reserved_for_experts_only,0.7873,,1pct_annual_sales_to_environment,0.9655,,600.0,0.9940,,,,,Koroyd_aerospace_lightest_most_advanced_dampening,0.9168,,Recycled_ABS_sidewalls_rounded_finish_reduce_chipping,0.9974,,Safe_bet_very_high_performance_and_stable,0.7873,,Traction_Tech_3_0_three_bumps_per_edge,0.9281,,,,,Progressive_Sidecut_increasing_radius,0.7941,,12.5,0.7782,12.5:0.7782|12.0:0.2218,,,,,,,Carbon_Flagship_2013_2020_then_Ultra_Flagship_now_Pro,0.9959,,,,,30_day_returns_new_unused_buyer_ships_discounted_final,0.9923,,,,,91.3,0.9317,,,,,,,,,,,,,
KUkP8e4cJC,Salomon_Group_founded_1947_Annecy_French_Alps,Abstract,Rock_Out_Camber,0.9976,,Aspen_SLCT_Core,0.9966,,939.99,0.9466,,In_stock_2026_model,0.9742,,Capita_DOA_hybrid_camber_twin_464,0.9891,,Medium_Stone_Finish_sintered,0.9966,,65-90kg,0.9620,,5.0,0.7162,5.0:0.7162|6.0:0.2838,2023_season,0.9974,,29.9,0.9620,,8.0,0.9620,,Intermediate,0.9579,,Repair_or_replace_at_no_charge,0.9931,,,,,Desiree_Melancon_unity_human_connection,0.5500,Desiree_Melancon_unity_human_connection:0.5500|Emma_Crosby_Gian_Sutter:0.4500,Desiree_Melancon,0.9980,,,,,AMER_factory_Altenmarkt_Austria,0.9455,AMER_factory_Altenmarkt_Austria:0.9455|Contract_manufacturing_Asia:0.0545,,,,Limited_float_true_twin_centered_stance,0.6250,,25.2,0.9620,,70-105kg,0.9620,,120.5,0.9620,,8.2,0.9620,,,,,Freestyle,0.9988,,Salomon,0.9966,,2x4_Inserts,0.9956,,True_Twin_symmetrical,0.9976,,s138_143_147_151_153_155_158_155W_158W,0.9579,,2027,0.9956,,Unisex,0.9954,,Tri_Ax_Glass,0.9620,,Snowboard,0.9966,,Park_streets_all_mountain,0.6428,Park_streets_all_mountain:0.6428|Park_primary_groomer_friendly:0.3515,,,,,,,FSC_certified_wood_strips,0.9466,,56.0,0.9620,,Quadralizer_redistributes_edge_pressure,0.9524,,Ghost_Carbon_Beams_tip_tail,0.9726,,Royal_Rubber_Rails_full_length,0.7731,Royal_Rubber_Rails_full_length:0.7731|Royal_Rubber_ABS_high_pressure_zones:0.2095,,,,,,,Very_nimble_playful_quick_turns,0.9620,,Quadralizer_Sidecut,0.9976,,,,,2x4_insert_compatible_most_major_brands,0.9620,,Royal_Rubber_Rails_maximum_dampening,0.9620,,Gypsy_and_Villain,0.9921,,,,,,,,,,,,,,,,,,,,,,,,,
KbdOmGMFUr,CAPiTA_Core_Srl_C3_Worldwide,Spring_Break_Resort_Twin,Resort_V2_Directional_Flat_Kick_Tech,0.9974,,Meta_Core_Poplar_Paulownia_Beech_stringers,0.7079,,1049.99,0.8500,,Preorder_estimated_May_2026,0.8500,,Burton_Good_Company_Lib_Tech_Off_Ramp_GNU_Money_Jones_Mountain_Twin,0.9994,,Powder_Drive_Base_sublimation,0.8500,,59-86kg,0.9709,59-86kg:0.9709|52-79kg:0.0291,5.0,0.9974,,2024_model_year,0.9691,,30.4/30.4,0.9974,,7.96/3/-1.5/3/7.96,0.9974,,Intermediate_to_Advanced,0.6653,Intermediate_to_Advanced:0.6653|Beginner_to_Expert:0.3149,2yr_structural_defects_only,0.7840,,Light_poppy_forgiving_stable_bucks_in_uneven_snow,0.9346,,PLT_Technology_exclusive_no_lacquer,0.9963,,,,,2920.0,0.9548,,Austria_The_MotherShip,0.9945,,Good_moderate_speed_not_high_speed,0.9548,,Average_centered_twin_not_ideal,0.9548,,25.8,0.9974,,63-91kg,0.9637,63-91kg:0.9637|61-88kg:0.0363,1211.0,0.9974,,8.06/3/-1.5/3/8.06,0.9974,,30.8/30.8,0.9974,,All-Mountain_Freestyle,0.9608,,CAPiTA,0.9500,,2x4_Inserts,0.8500,,True_Twin,0.9974,,152_154_156_158_160_155W_158W,0.9458,152_154_156_158_160_155W_158W:0.9458|152_154_156_158_155W_158W:0.0542,2027,0.9500,,Mens,0.8222,,HolySheet_Tri_Bi_configuration,0.9963,,Snowboard,0.9500,,Resort_intermediate_carving_park_side_hits,0.9245,,0.0,0.8500,,Bucks_chatters_significantly_soft_uneven_crud,0.9986,,Certified_B_Corporation,0.9995,,55.9cm_22in,0.9974,,Good_medium_snow_improved_by_Death_Grip,0.9981,,4x30mm_Carbon_VTech_Carbonflax,0.8500,,Not_specified,0.6667,,Perfect_balance_stability_playfulness_intermediate,0.9245,,,,,Medium_Fast,0.9346,,New_Age_Radial_Death_Grip,0.9974,,0.0,0.9974,,,,,Bucks_in_soft_uneven_snow_chattery_crud,0.9986,,,,,,,,,,,Good_maneuverable_snappy_decent_boxes_rails,0.9548,,86.7,0.9548,,Gets_wobbly_moderately_high_speeds_not_charging,0.9548,,Great_best_smaller_medium_jumps_side_hits,0.9986,,Stable,0.9346,,,,
KroxkN1Bec,Never_Summer_Industries_Denver_CO,Propacamba,Micro_Camber_2_3mm,0.9995,,Ultralight_Core_Canadian_aspen,0.9993,,AUD_599_99_sale_RRP_999_99,0.8400,,Available_on_Amazon_2025_model,0.9032,,CAPiTA_DOA_safest_park_recommendation_poppy,0.9212,,Durasurf_Sintered_4501_UHMWPE,0.9627,,73_91kg,0.8100,,7.0,0.9997,,Available_since_2018_2019_season,0.9984,,30.5,0.9978,,Vario_728,0.9978,,Intermediate_to_advanced_park_riders,0.9866,,,,,,,,Poly_Thermo_durable_lightweight_scratch_chip_resistant,0.9993,,,,,,,,Denver_Colorado_USA,0.9995,,,,,,,,25.1,0.9978,,,,,114.3,0.9589,114.3:0.9589|122.0:0.0411,,,,,,,Park,0.9992,,Academy_Snowboard_Co,0.9999,,2x4_Inserts_stainless_10mm,0.8800,,True_Twin,0.9627,,145_150_153_155_156W_158W,0.9963,,2024,0.9995,,Mens,0.8600,,Bi_Lite_Fibreglass,0.9518,,Snowboard,0.9986,,10.0,0.9912,,,,,Beginners_trying_to_learn_basics,0.9569,,,,,,,,Superb_holds_edge_like_knife_vario_contact,0.9977,,Featherweight_Damping_System,0.9971,,Sintered_P_Tex_Sidewall,0.9518,,Excels_on_rails_street_features_micro_camber_locks,0.9984,,Full_Wrap_Metal_Edges,0.9971,,,,,Vario_Power_Grip_Sidecut,0.9518,,,,,,,,,,,,,,,,,,,,,,,,,,,,,,,,,,,,,
L7ACf8KAB8,Burton_Corporation_Burlington_Vermont,Instigator,PurePop_Camber_evolution_of_traditional_camber,0.5396,PurePop_Camber_evolution_of_traditional_camber:0.5396|Flat_Top_flat_between_feet_early_rise:0.4604,FSC_Certified_Super_Fly_800G_dual_species_wood,0.9562,,629.99,0.8800,,BE_FR_SE_DK_FI_IT_UK_NL_AT_ES,0.9517,,Held_own_vs_Jones_Mountain_Twin_better_than_Capita_Mercury,0.9517,,Extruded,0.9928,,w54_82s,0.8800,,1-3,0.8800,,2018,0.9847,,29.65/29.15,0.8800,,7.1,0.8800,,Beginner_Intermediate,0.5537,Beginner_Intermediate:0.5537|Beginner:0.4463,3_year_warranty_Channel_mount_original_owner,0.9982,,Stable_Easy_Turning_Forgiving_not_Boring,0.9639,,Bold_lines_fleetingness_of_life_soft_light_tones,0.6333,,,,,,,,China,0.9681,,Average,0.9639,,Good_to_great_floats_well_with_setback,0.9639,,25.2,0.8800,,,,,117.0,0.8800,,,,,,,,All_Mountain,0.9505,,Burton_Snowboards,0.9967,,The_Channel_Mounting_System_all_major_bindings,0.9871,,Directional,0.9539,,140_145_150_155_160_155W_160W_165W,0.7519,140_145_150_155_160_155W_160W_165W:0.7519|145_150_155_160_155W_160W_165W:0.2481,2025,0.9974,,Mens,0.9945,,Biax_Glass_biaxial_fibreglass_torsionally_soft,0.8153,,Snowboard,0.9974,,,,,-2.5,0.8800,,Pop_Behind_Most_Burton_Boards,0.9639,,B_Corp_Certified,0.9827,,56.0,0.8800,,Surprisingly_excellent_hard_snow_grip,0.9941,,Infinite_Ride_overbuilt_machine_broken_in,0.9255,,Five_layer_topsheet_glass_core_glass_base,0.6625,,,,,Frostbite_Edges_extend_beneath_bindings,0.9965,,Medium_Fast,0.9639,,,,,5.0,0.9925,,All_major_brands_ReFlex_EST_disc,0.9887,,Great_handles_bumpy_messy_snow,0.9941,,,,,,,,,,,Average,0.9639,,,,,Good,0.9639,,Good,0.9639,,Stable,0.9639,,Good,0.9639,
L7yAqDhlVO,,Fish_3D,Directional_Flat_Top,0.9572,,Super_Fly_II_700G,0.9546,,1049.99,0.9958,,In_stock_evo_2027,0.8829,,Jones_Storm_Chaser,0.9806,,Sintered_WFO,0.8845,Sintered_WFO:0.8845|Recycled_Sintered_WFO:0.1155,68_91kg,0.9931,,4.5,0.6875,4.5:0.6875|6.0:0.3125,2021,0.9317,,315.3_285.3,0.9931,,6.1,0.9931,,Intermediate_Expert,0.3761,Intermediate_Expert:0.3761|Intermediate:0.3116|Intermediate_Advanced:0.2308|Advanced_Expert:0.0460|Expert:0.0354,3_year_manufacturer_warranty,0.9612,,Independent_review_purchased,0.9839,,,,,,,,2900,0.9517,,China,0.9793,,Average,0.9839,,Excellent,0.9865,,260,0.9931,,82_118plus_kg,0.9989,,1095,0.9931,,6.4,0.9989,,319.1_289.1,0.9989,,Powder,0.9925,,Burton,0.9986,,The_Channel,0.9569,,Tapered_Directional,0.9572,,146_151_156_161cm,0.9988,,2027,0.9931,,Mens,0.8166,Mens:0.8166|Unisex:0.1834,Triax_45_Carbon_Highlights,0.9578,,Snowboard,0.9963,,10.0,0.9989,,−50,0.9991,,Base_chalky_needs_wax_maintenance,0.9996,,B_Corporation,0.9890,,560,0.9931,,Medium_Snow,0.9839,,,,,,,,Amazing_float_in_powder,0.9993,,,,,Fast,0.9839,,,,,30,0.9598,,Channel_requires_channel_bindings,0.9252,,Great,0.9839,,,,,,,,,,,Average,0.9839,,,,,Good,0.9839,,Good,0.9839,,Stable,0.9839,,Average,0.9839,
LEdpx3Bvui,,Beast,True_Camber,0.9974,,Powercore_II_poplar_beech,0.9963,,919.99,0.9974,,In_stock_free_shipping_lowest_price_1yr_returns,0.9571,,Burton_Custom_Camber_gold_standard_aggressive_AM_freestyle,0.6627,,Nanotech_wax_infused_sintered,0.9963,,55-75kg,0.9963,,9.0,0.9193,9.0:0.9193|8.0:0.0807,,,,295.0,0.9963,,7.6,0.9963,,Advanced,0.9940,,Free_of_defects_material_workmanship,0.9945,,,,,,,,Ettala_Bergrem_Billtoft,0.9483,Ettala_Bergrem_Billtoft:0.9483|Ettala_Kleveland_Bergrem:0.0517,,,,,,,,,,,,,253.0,0.9963,,60-80kg,0.9963,,,,,8.0,0.9963,,300.0,0.9963,,Freestyle_Park,0.5714,Freestyle_Park:0.5714|Freestyle_All_Mountain:0.4286,Nitro,0.9974,,2x4_inserts_tighter_pattern,0.9818,,Twin,0.9974,,151mw_155mw_158mw_162mw,0.9733,151mw_155mw_158mw_162mw:0.9733|152_155_158_162:0.0174|151_155_157_158:0.0093,2026,0.9974,,Mens,0.6074,,Tri_Lite_Laminates,0.9963,,Snowboard,0.9974,,10.0,0.9948,,0.0,0.9974,,Not_easy_to_ride_for_beginners,0.8989,,Made_with_100pct_solar_power,0.9963,,48-60cm,0.9963,,Superb_edge_hold_radial_camber,0.8442,,Carbon_Tape_longitudinal_reinforcement,0.9963,,Ureshred_Polyurethane,0.9764,Ureshred_Polyurethane:0.9764|ABS_Sidewall:0.0236,Excellent_high_speed_stability,0.8442,,Recycled_Railkiller_50pct_recycled_steel,0.9963,,,,,Radial,0.9963,,,,,Standard_or_mini_disk,0.8185,,,,,,,,1150.0,0.9963,,AU_30day_hassle_free_manufacturer_warranty,0.5032,,,,,,,,,,,,,,,,,,,
LFznRrY3J3,Mervin_Manufacturing,Lib_Rig,Early_Rise_Directional_Camber,0.8085,Early_Rise_Directional_Camber:0.8085|Hybrid_Rocker_behaves_like_camber:0.1509|C3_Camber:0.0406,75pct_Aspen_25pct_Paulownia,0.9969,,1099.99,0.9977,,Available_for_preorder,0.8358,,Korua_Otto_K2_Manifest_Yes_Typo_Jones_Frontier_Ride_Algorythm_etc,0.9594,,Sintered_Knife_Cut_Base,0.9974,,65plus_kg,0.9615,65plus_kg:0.9615|60plus_kg:0.0385,7.0,0.9925,7.0:0.9925|6.0:0.0075,2024_season,0.8741,2024_season:0.8741|February_2023:0.1259,30.0/29.5,0.9969,,8.0,0.9969,,Intermediate_to_Advanced_Expert,0.9896,,1yr_structural_defects_only,0.7462,,Very_versatile_one_board_quiver_directional_daily_driver,0.9594,,Squiggle_by_Josh_Pine_riders_line_down_mountain,0.8371,,Austen_Sweetin_first_pro_model,0.9974,,Touch_lighter_than_average_felt_normal,0.9369,,Sequim_Carlsborg_Washington_USA,0.9871,,,,,,,,25.3,0.9969,,65plus_kg,0.9969,,,,,8.0,0.9969,,30.1/29.6,0.9615,30.1/29.6:0.9615|30.0/29.5:0.0385,All_Mountain_Directional,0.9974,,Lib_Tech,0.9974,,2x4_Inserts,0.9839,,Tapered_Directional,0.9969,,153_155_157_159_160W_162,0.9974,,2025-2026,0.9963,,Mens,0.9974,,Tri_Ax_Bi_Ax_Fiberglass,0.9969,,Snowboard,0.9974,,All_terrain_aggressive_powder_challenging_conditions,0.9917,,1.5,0.9766,1.5:0.9766|1.75:0.0234,Thirsty_base_loses_wax_quickly,0.9594,,FSC_certified_fast_growing_renewable_forest,0.9554,,51.5_63.5cm_all_sizes,0.9969,,Strong_grip,0.9986,,2_way_fiber_max_snap_decrease_chatter,0.7458,,Birch_Internal_UHMW_Sintered_Sidewall,0.5291,,Floats_really_well_for_all_mountain,0.9594,,Magne_Traction_7_serrated_bumps,0.9994,,Easy_to_moderate_smooth,0.9989,,Deep_carving_sidecuts,0.9974,,5.0,0.9488,,,,,,,,Partially_replaces_BRD,0.8674,,105.0,0.9615,105.0:0.9615|107.0:0.0385,,,,,,,83.2,0.9488,,,,,,,,,,,,,
LGRB7MpPPZ,Burton_Snowboards,Family_Tree_3D_Deep_Daze,Directional_Flat_Top,0.9621,Directional_Flat_Top:0.9621|Flat_to_Rocker:0.0379,Super_Fly_II_700G,0.9979,,699.99,0.9502,,Listed_for_2024,0.8168,,Capita_Spring_Break_158_Powder_Glider,0.7400,,Sintered_WFO,0.9980,,54_82kg,0.9302,,4.5,0.5391,4.5:0.5391|5.0:0.4609,Late_2021,0.7301,,305.4_285.4mm,0.9003,,6.2,0.9003,,Intermediate,0.8804,,3_year_warranty,0.9250,,Great,0.7400,,,,,,,,2760.0,0.6901,,Austria_Keil_Factory,0.9696,,Average,0.7400,,Excellent,0.7400,,255.0,0.9302,,68_91kg,0.9302,,1075.0,0.9003,,6.5,0.9003,,312.4_292.4mm,0.9003,,Powder_Freeride,0.9973,,Burton,0.9971,,The_Channel,0.9986,,Freeride_Directional,0.9979,,Yes,0.9003,,2024,0.9979,,Gender_neutral_unisex,0.8551,,45_degree_Carbon_Highlights,0.9980,,Snowboard,0.9519,,Powder,0.9254,,neg25.0,0.9502,,3D_channels_grab_too_much_in_thick_powder,0.8801,,B_Corp_Certified,0.9820,,530.0,0.9003,,Medium_Snow,0.7400,,45_degree_fibre_angle_uni_carbon_glass,0.8552,,ABS_Recycled,0.9327,,Exceptional_float_in_powder_effortless,0.7400,,,,,Medium_Fast,0.7400,,,,,20.0,0.9979,,All_major_brands_best_with_EST,0.9231,,,,,,,,1000.0,0.9003,,,,,Average,0.7400,,83.1,0.6901,,Good,0.7400,,Good,0.7400,,Stable,0.7400,,Average,0.7400,
LLlc7aKIkS,Mervin_Manufacturing,Doughboy,C3_Camber,0.9622,,Aspen_and_Paulownia_wood,0.9985,,1349.99,0.9890,,Notify_me_sold_out,0.9890,,Jones_Storm_Chaser_Rome_PD_Yes_420,0.8530,,Eco_Sublimated_TNT_Base,0.9963,,150_plus_lbs_70_plus_kg,0.9985,,7.0,0.9738,7.0:0.9738|6.0:0.0262,Late_1980s,0.9890,,32.2,0.9792,32.2:0.9792|31.6:0.0208,9.0,0.9985,,Advanced_Expert,0.5681,Advanced_Expert:0.5681|Advanced:0.3839,1_year_manufacturer_warranty_structural_defects,0.8219,,A_blast_on_big_cord_groomers,0.9375,,Eco_Sublimated_Poly_Top_Sheet,0.9406,,EJack_Jamie_Lynn_Fredi_K,0.8089,,,,,Handbuilt_in_the_USA,0.9948,,Big_tips_tails_carve_beautiful_arcs_hardpack_ice,0.9839,,Float_incredibly_in_powder,0.9839,,,,,,,,,,,,,,,,,All_Mountain_Directional_Twin,0.9944,All_Mountain_Directional_Twin:0.9944|All_Mountain_Freeride:0.0049,Lib_Tech,0.9998,,2x4_Inserts,0.8000,,Directional_Twin,0.9985,,,,,2025_2026_season,0.9974,,Mens,0.9793,,Tri_Ax_Glass_Magnesium_Techno_Fiber_Bands_and_Carbon,0.9406,,Snowboard,0.9985,,All_Mountain_Freeride,0.8000,,0.0,0.9985,,Requires_big_open_terrain_not_tight_trees,0.9879,,Zero_hazardous_waste_producing_factory,0.9999,,20_25in_to_25_0in_0in_setback,0.9985,,Unreal_edge_hold_all_conditions_ice_to_carvable,0.9301,,High_magnesium_glass_fiber_high_tensile_strength,0.7262,,Birch_Internal_Sidewalls_vertical_end_grain_pop_durability,0.8219,,,,,Magne_Traction_serrated_edges,0.9406,,Turns_like_oil_tanker_requires_big_open_terrain,0.9681,,,,,,,,,,,Little_to_no_gnarly_chatter,0.9681,,Original_Doughboy_Shredder_late_1980s_196cm_plus,0.9828,,152.0,0.9792,152.0:0.9792|135.0:0.0208,,,,,,,,,,,,,,,,,,,,,
LmqmuuOFZu,Salomon_Group_Amer_Sports,Huck_Knife_Pro,Quad_Camber,0.9948,,Ghost_Green_Core_sustainable_ultralight,0.9948,,1089.99,0.9974,,Preorder,0.9958,,CAPiTA_DOA_similar_twin_slightly_stiffer_than_HK,0.9620,,Sintered_EG_Gallium_Electra,0.9975,,55-75kg,0.9958,,8.0,0.9199,8.0:0.9199|9.0:0.0801,2019_2020_season,0.8929,,29.5,0.9958,,7.5,0.9958,,Advanced,0.9948,,2yr_limited_materials_craftsmanship,0.8393,,Giggled_like_school_girl_first_run,0.9620,,,,,Dusty_Henricksen_and_Sven_Thorgren,0.9860,Dusty_Henricksen_and_Sven_Thorgren:0.9860|Sven_Thorgren:0.0140,,,,China_designed_in_France,0.9212,,,,,,,,25.5,0.9958,,65-90kg,0.9958,,121.6,0.9958,,,,,,,,Freestyle_All_Mountain,0.9839,,Salomon,0.9974,,2x4_Inserts,0.9958,,True_Twin,0.9953,,153_156_159_156W_159W,0.8228,153_156_159_156W_159W:0.8228|149_153_156_159_156W_159W:0.1772,2027,0.9948,,Mens,0.8000,,TriAx_HD_Popster_Ghost_Carbon_Damplifier_Lite_30pct_BioResin,0.9948,,Snowboard,0.9974,,Park_jumps_rails_urban_side_hits_all_mountain,0.9937,,0.0,0.8353,,Board_catchy_if_not_on_edge,0.9839,,FSC_certified_wood,0.7396,,56.0,0.9958,,Strong_very_predictable_even_firm_icy,0.9793,,Core_milled_inside_inserts_natural_flex,0.9948,,Royal_Rubber_Rails_full_length,0.9975,,Good_upgrade_more_responsive_poppier,0.9620,,Freestyle_Edge_Bevel,0.9948,,Immediate_you_turn_it_turns,0.9742,,Equaliser_Rad_Sidecut,0.9948,,,,,,,,,,,,,,,,,,,,,,,,,,,,,,,,,,,,,
LpgUDviRzN,Mervin_Manufacturing,C_Money,C3_camber_dominant,0.9968,,G_Lite_1,0.9882,G_Lite_1:0.9882|G_Lite_2:0.0118,599.99,0.9963,,Sold_out,0.9963,,Salomon_Huck_Knife_sintered_quad_camber_carbon,0.9922,,Eco_Sublimated_Co_Ex_Base_extruded,0.9906,,,,,6.0,0.9728,6.0:0.9728|5.0:0.0272,2025,0.8502,,,,,,,,Intermediate,0.9937,,1_year_structural_defects_only,0.9660,,,,,Eco_Sublimated_Poly_Topsheet,0.9906,,Jay_Howell_punksgitcut,0.9923,,6.62,0.8571,,Carlsborg_Sequim_WA_USA,0.9840,,,,,,,,,,,,,,,,,,,,,,,Freestyle,0.9963,,GNU,0.9963,,2x4_Inserts,0.9870,,True_Twin,0.9972,,144_148_150W_152_154_154W_156_158W_159,0.9703,144_148_150W_152_154_154W_156_158W_159:0.9703|152_154_156_158W:0.0297,2026,0.9963,,Mens,0.9571,,Tri_Ax_Bi_Ax_Fiber_alloy_glass,0.9578,,Snowboard,0.9963,,Park_groomers_not_powder,0.9922,,0.0,0.9963,,,,,Zero_hazardous_waste_water_based_solvents,0.9954,,,,,Excellent_due_to_Magne_Traction,0.9979,,,,,UHMW_polyethylene,0.9882,,,,,Magne_Traction_7_serrations,0.9914,,4.0,0.9930,,Magne_Traction_serrated,0.8571,,,,,Any_binding_standard_or_mini_disk_2x4,0.8520,,Chattery_low_damping,0.9991,,,,,,,,,,,4.0,0.9554,,83.2,0.9554,,,,,4.0,0.9554,,,,,,,
Lwq6GUWWui,,Shadowban,Directional_Twin_Standard_Camber_extended_rocker_tip_tail,0.9890,,Aspen_Bamboo_Paulownia,0.9709,Aspen_Bamboo_Paulownia:0.9709|Aspen_Bamboo:0.0291,949.99,0.9923,,Preorder,0.9923,,Jones_Mountain_Twin,0.6365,,Sintered_Stone_Ground_4000_PTEX,0.9978,,125_205_lbs,0.9923,,Mellow,0.9554,Mellow:0.9554|Mid:0.0446,2023,0.9948,,30.0,0.9839,,9.3_6.8_9.3,0.9978,,Beginner_Intermediate,0.4812,Beginner_Intermediate:0.4812|Intermediate_Advanced:0.4787|Intermediate:0.0401,3_year_warranty_structural_defects,0.9945,,Algorythm_with_less_dampness_more_pop_very_versatile,0.9654,,Topless_Topsheet_graphics_on_fiberglass_urethane,0.9978,,,,,Pretty_normal_weight_not_published,0.9346,,Asia_based_facility,0.9449,,,,,,,,254.0,0.9923,,130_210_lbs,0.9923,,1172.0,0.9923,,9.4_6.9_9.4,0.9978,,30.4,0.9839,,All_Mountain,0.9595,All_Mountain:0.9595|All_Mountain_Freestyle:0.0405,Ride,0.9986,,2x4_Inserts,0.9890,,Directional_Twin,0.9997,,147_151_154_157_161_155W_160W_164W,0.9978,,2027,0.9890,,Unisex,0.9219,,Pre_Cured_Glass_USA_made,0.9996,,Snowboard,0.9986,,All_mountain_park_powder_groomers,0.9890,,19.0,0.9978,,Soft_may_not_support_heavier_riders,0.8899,,30_percent_recycled_materials,0.9923,,559.0,0.9978,,Very_competent_grip_not_grabby_in_soft_snow,0.9654,,Carbon_Array_3_three_carbon_stringers,0.9978,,Slimewalls_urethane_with_Roll_In_Construction,0.9978,,Versatile_groomers_to_pow_tech_excels_high_energy,0.8899,,Standard_Steel_Edge_30pct_recycled,0.9978,,Turns_very_nice_quick_turny_sidecut_stable_carving,0.6051,,Quadratic_Sidecut_blend_of_three_radii,0.9978,,,,,,,,Not_as_damp_as_Algorhythm_but_sufficient,0.9654,,Machete_GT_more_approachable,0.6716,,,,,,,,,,,,,,,,,,,,,,,,,
M0jRRVbDtJ,,Goliath_Plus,Medium_Camber_3BT_SideKick,0.9793,,Super_Ultra_Light_Core,0.9994,,1199.99,0.9742,,Preorder,0.9836,,,,,Nano_Speed_S_ISOSPORT_7000_sintered,0.9994,,65_85kg,0.9793,,7.0,0.9005,7.0:0.9005|8.0:0.0995,2004,0.8696,,29.8,0.9793,,7.9,0.9793,,Intermediate_to_Advanced,0.5510,Intermediate_to_Advanced:0.5510|Advanced:0.3446|Advanced_Expert:0.1044,,,,,,,,,,,,,,,,,,,,,,,,,25.4,0.9793,,71_91kg,0.9793,,120.2,0.9793,,8.0,0.9793,,30.1,0.9793,,All_Mountain,0.9922,,Bataleon,0.9922,,2x4_Inserts,0.9793,,Directional_Twin,0.9985,,153_156_159_158W_161W_164W,0.9793,,2027,0.9922,,Mens,0.9948,,Tri_Ax_Carbon_Stringers_DRST_Aramid_XPly,0.9943,,Snowboard,0.9730,,,,,,,,,,,,,,55.0,0.9793,,,,,DRST_Dual_Radial_SuperTubes_six_hollow_carbon,0.9994,,Flex_Walls_urethane_bonded_to_core,0.9994,,,,,,,,,,,,,,,,,Standard_pattern_non_Burton_EST,0.8410,,,,,,,,,,,,,,,,,,,,,,,,,,,,,,,
M3A5mzYKtT,Salomon,Abstract,Rock_Out_Camber,0.9998,,Aspen_Select,0.6585,Aspen_Select:0.6585|Aspen:0.2927,594.99,0.9974,,Available_limited_sizes,0.9890,,Burton_Process_Flying_V,0.9317,,Sintered,0.9985,,55-85kg,0.9000,,Medium,0.9968,,2023,0.9726,,297.0,0.9000,,,,,Intermediate_Advanced,0.9545,,,,,,,,Castor_Bean_Bio_Sourced,0.9922,,Estee_Preda,0.9434,,Not_published,0.6667,,,,,,,,,,,252.0,0.9534,,65-90kg,0.9000,,1205.0,0.9534,,,,,299.0,0.9000,,All_Mountain_Park_and_Freestyle,0.9943,,Salomon,0.9958,,2x4_Inserts,0.9534,,True_Twin,0.9998,,10_sizes_with_162,0.9930,10_sizes_with_162:0.9930|9_sizes_no_162:0.0060,2025,0.9958,,Unisex,0.9975,,Triax_BA_MD_3_intersecting_layers,0.9965,,Snowboard,0.9975,,Park_Freestyle_Streets_All_Mountain,0.9545,,0.0,0.9890,,Less_stable_steep_icy,0.9991,,FSC_certified,0.8831,,,,,,,,Ghost_Carbon_Beam_tip_tail,0.9574,,Royal_Rubber_Rails_full_length,0.9450,Royal_Rubber_Rails_full_length:0.9450|Royal_Rubber_4mm_pads:0.0292|Rubber_2mm_blocks:0.0215,Park_rails_jibs_freestyle_buttering,0.9991,,,,,Nimble_playful_easy,0.9991,,Quadralizer_Sidecut,0.9572,,,,,Salomon_District,0.9569,,,,,Combination_of_Salomon_Gypsy_and_Villain,0.9990,,,,,,,,,,,,,,,,,,,,,,,,,
M6QYHtT461,Rome_SDS,Boneless,Fusion_Camber,0.9997,,Pop_Core_poplar_paulownia,0.7100,,899.99,0.9073,,Preorder,0.7100,,CAPiTA_DOA_twin_hybrid_camber_flex_5_5,0.9931,,SinterStrong_sintered,0.9983,,53.5_to_72kg,0.9518,53.5_to_72kg:0.9518|54_to_77kg:0.0482,5.0,0.9723,5.0:0.9723|6.0:0.0277,2025_26_season,0.9999,,,,,8.3_6.8_8.3m,0.9940,,Intermediate,0.9637,,,,,Strong_contender_one_board_quiver,0.9571,,,,,,,,2680.0,0.9754,,,,,,,,,,,,,,,,,,,,,,,,,,All_Mountain_Freestyle,0.9590,,Rome,0.9998,,2x4_Inserts,0.9979,,True_Twin,0.9997,,138N_141N_144N_147N_150_153_156_157W_159_160W_163W,0.9997,,2027,0.7100,,Unisex,0.9995,,Biaxial_fiberglass,0.9979,,Snowboard,0.9998,,Park_side_hits_trees_all_mountain,0.9983,,0.0,0.9979,,Gets_wobbly_at_higher_speeds,0.9694,,,,,49.3_to_61.3cm,0.9554,49.3_to_61.3cm:0.9554|53.3cm:0.0446,Decent_on_hard_snow_very_low_catch_factor,0.9635,,Twin_Single_Bamboo_Omega_HotRods,0.9982,,,,,Outstanding_easy_press_catchless_3D,0.9992,,,,,Super_easy_playful_surfy,0.9694,,Tri_Radial_Sidecut,0.9983,,0.0,0.9979,,2x4_compatible_all_major_brands,0.9979,,Mid_range_chattery_rather_than_damp,0.9635,,,,,108.4,0.9940,,45_day_return_policy,0.9923,,Solid_jib_board_confident_rails_boxes,0.9635,,85.9,0.9694,,,,,,,,,,,,,
MMQRE33uii,CAPiTA_Snowboards_founded_Seattle_2000,Mega_Mercury,Resort_V2_Directional_Flat_Kick_Tech,0.9085,,3D_Thermopolymer_Starship_Core,0.9986,,1699.99,0.9315,,Preorder_2027,0.9315,,Jones_Ultra_Bataleon_Plus_Salomon_Pro_Nitro_Pro_NS_Proto_Burton_GC,0.9933,,Megadrive_XT_sintered_race_base_UHMW_carbon_fluoro,0.9999,,59_86kg,0.9315,,7.0,0.6479,7.0:0.6479|6.5:0.3521,2021_22_season,0.9975,,29.8,0.9315,,7_8_neg1_5_7_8m,0.9315,,Advanced_to_Expert,0.9591,,2_years_defects_material_workmanship,0.9945,,Expensive_but_much_more_lively_Mercury,0.9944,,Megalite_Skin_Topsheet_super_thin_matte,0.9572,,,,,,,,The_MotherShip_Feistritz_Austria,1.0000,,Still_good_slightly_less_invincible_2025,0.9836,,Above_average_rocker_directional_setback,0.9836,,25.5,0.9315,,63_90kg,0.9315,,1199.0,0.9315,,8_0_neg1_5_8_0m,0.9315,,,,,All_Mountain_Freeride,0.9999,,CAPiTA,0.9974,,2x4_Stainless_Steel_Inserts,0.9107,,Directional,0.9974,,153_155_157_159_161_156W_158W_160W,0.9671,153_155_157_159_161_156W_158W_160W:0.9671|155_157_159_158W_160W:0.0329,2027,0.9315,,Mens,0.9268,,Hybrid_Carbon_Holysheet_Tri_Tri,0.9986,,Snowboard,0.9315,,Powder_freeride_all_mountain_in_resort,0.9004,,12.7,0.9986,,Not_for_casual_playful_beginners_intermediates,0.9992,,100pct_clean_energy_hydroelectric_solar,1.0000,,55.9,0.9315,,Pretty_good_Death_Grip_helps_not_on_par_hard_snow,0.9465,,Carbon_interwoven_into_Holysheet_fiberglass,0.9992,,Milled_sidewalls_added_strength,0.8475,,,,,1_5mm_bump_each_edge_3mm_extra_waist,0.9465,,,,,New_Age_Progressive_Death_Grip,0.9112,,No_taper_twin_outline,0.9449,,,,,,,,CAPiTA_Mercury,0.9946,,,,,,,,Better_than_expected_not_best_for_jibs,0.9893,,Ranked_1st_out_of_19_aggressive_all_mtn,0.9044,,,,,Surprisingly_capable_great_pop_stable_tracking,0.9742,,,,,,,
Mkb0Q9lZ1o,,Outerspace_Living,Resort_V3_Profile,0.9605,Resort_V3_Profile:0.9605|Rocker_Camber_Rocker:0.0395,Multizone_Dual_Core_Poplar_Beech,0.9980,,719.99,0.8447,,Available_CAPiTA_direct,0.9979,,Outsiders_DOA_NS_ProtoTwo_NitroFury_YesGreats_Jibsaw_BoxK,0.9434,,Superdrive_ADV_sintruded,0.8403,,59_to_86kg,0.9914,,5.0,0.9981,,2017,0.9434,,,,,7.9,0.9914,,Intermediate,0.9979,,,,,Great_board_for_price_softer_conditions,0.9681,,PLT_Technology_digital_screen_print_metallic,0.9979,,,,,Light_on_scales_felt_light,0.9278,,Feistritz_Carinthia_Austria,0.8609,,Carves_not_bad_for_little_camber,0.9681,,Floats_well_better_than_expected,0.9934,,25.2,0.9914,,,,,1184.0,0.9914,,,,,,,,All_Mountain_Freeride,0.9979,,CAPiTA,0.9979,,2x4_Inserts,0.7086,,Directional_Twin,0.9980,,150_152_154_156_158_160_155W_157W_159W_161W,0.9963,,2026,0.9979,,Mens,0.9951,,Special_Blend_Biaxial_Fiberglass_626g_m2,0.9603,,Snowboard,0.9979,,All_Mountain_Freeride_powder_park,0.9979,,12.7,0.9912,,Bucky_in_wet_thick_uneven_snow,0.9981,,Certified_B_Corporation,0.9865,,55.9,0.9914,,Less_edge_hold_harder_snow_not_ideal_icy,0.8029,Less_edge_hold_harder_snow_not_ideal_icy:0.8029|Not_bad_for_soft_board_grippy_camber:0.1971,4x30mm_Carbon_Boosters_tip_tail,0.9646,,Full_ABS_Sidewalls,0.5180,,Easy_to_press_twist_and_butter,0.9986,,360_Degree_Steel_Edges,0.5180,,Very_quick_lively_balanced_any_radius,0.9681,,Radial_single_radius,0.9921,,,,,,,,,,,,,,,,,,,,,,,,,,,,,,,,,,,,,
MqjXyoxok9,Mervin_Manufacturing,Gremlin,C3_mild_rocker_between_feet_camber_to_tips,0.9963,,G_Lite_2_FSC_Aspen_Paulownia,0.9549,,969.99,0.9839,,Evo_Amazon_Backcountry_Christy_Tactics_TheHouse_REI_SaltyPeaks_SteepAndCheap_Blauer_SnowCountry,0.9996,,Lib_Tech_Orca_more_stable_precise_vs_nimble,0.8929,,Fast_tough_holds_wax_knife_cut_waste_reduction,0.9093,,65plus_kg_140plus_lbs,0.9940,,6.0,0.9991,,2020_2021_season,0.9490,,31.3/30.1,0.8801,,7.2,0.8801,,Advanced_Expert,0.9453,Advanced_Expert:0.9453|Intermediate_Advanced:0.0547,1yr_manufacturer_structural_defects_only,0.8638,,,,,Eco_Sublimated_Poly_Texture,0.9001,,By_GNU_Gift_Shop,0.9923,,Heavier_than_average_for_length,0.8963,,Sequim_Washington_USA,0.9992,,Excellent,0.9592,,Good_below_avg_for_short_wide_category,0.9592,,26.4,0.8801,,70plus_kg_145plus_lbs,0.9940,,,,,7.5,0.8801,,32.1/30.8,0.8801,,All_Mountain_Freeride,0.9890,,GNU,0.9974,,2x4_Inserts,0.9868,,Tapered_Directional,0.9974,,144_148_152_155_158_161cm,0.9963,,2027,0.9839,,Mens,0.8066,,Tri_Ax_Bi_Ax_Alloy_Glass,0.9549,,Snowboard,0.9890,,All_Mountain_Freeride_powder_hardpack_icy_groomers,0.9001,,51.0,0.9868,,Below_average_base_glide_for_price_slow_in_powder,0.9592,,FSC_certified_wood,0.9549,,19.25-24.0in,0.8801,,Excellent_icy_snow_level,0.9971,,,,,UHMW_Polyethylene,0.9001,,,,,Magne_Traction_7_serrations,0.9989,,Medium,0.9592,,,,,12.0,0.9592,,Bent_Metal_Axtion_Transfer_Union_Ultra,0.8418,,Good,0.9592,,,,,108.0,0.8801,,,,,Average,0.9592,,,,,Good,0.9592,,,,,Semi_Locked_In,0.9592,,,,
NqInYDuKpj,Bataleon_Snowboards_Amsterdam_Netherlands,Mens_Stereo,Medium_Camber_3BT_SideKick_2_0,0.9726,,Core_Core_full_poplar_two_hardwood_beech_stringers,0.9726,,939.99,0.9726,,Sold_out_official_full_restock_Fall_2026,0.9923,,CAPiTA_Horrorscope_freestyle_twin_soft_flex_park,0.5714,,Hyper_Glide_S_standard_sintered,0.9726,,65-85kg,0.9726,,4.0,0.9946,,Brand_new_model_2026_27_season,0.6509,,29.9,0.9726,,8.7_7.2_8.7,0.9726,,Intermediate,0.9726,,,,,,,,,,,Ethan_Morgan,0.9726,,,,,Austria_CAPiTA_MFG_Mothership,0.9954,,,,,,,,25.5,0.9726,,69-89kg,0.9726,,116.2,0.9726,,8.8_7.3_8.8,0.9726,,30.2,0.9726,,Freestyle_All_Mountain,0.9726,,Bataleon,0.9912,,2x4_Inserts,0.9726,,Twin_3D_Twin_symmetrical,0.9946,,150_152_154_156_158_153W_156W_159W,0.9726,,2027_season_26_27,0.9726,,Mens,0.9726,,Bi_Ax_fiberglass_with_Carbon_Stringers,0.9726,,Snowboard,0.9726,,Freestyle_All_Mountain_Park,0.9726,,Centered_inserts_zero_setback,0.9726,,,,,,,,55.5,0.9726,,,,,Carbon_stringers_fine_tune_flex_response_feel,0.9726,,Flex_Walls_urethane_durable_damp,0.9726,,3BT_get_out_of_jail_free_card_landing_imprecise_tricks,0.8899,,Triple_Base_Technology_3BT_reduces_edge_catch,0.9726,,,,,Tri_radial,0.9726,,None_true_twin,0.9726,,Standard_2x4_insert_compatible_all_standard_bindings,0.9726,,,,,,,,,,,45_day_return_policy,0.9887,,,,,,,,,,,,,,,,,,,
OUkTiHWBdD,Burton_Snowboards_B_Corp_Burlington_VT,Cartographer,Directional_Camber,0.6983,,FSC_Certified_Super_Fly_800G,0.9937,,639.99,0.9963,,Available_Burton_com,0.9771,,Nidecker_Escape_similar_price_AM_Freeride,0.5952,,Sintered_WFO,0.9963,,54-82kg,0.9963,,4-7,0.7826,4-7:0.7826|5.5:0.2174,2022,0.9997,,30.0/29.5,0.9963,,7.0,0.9963,,Beginner_Intermediate,0.9793,,3_year_warranty_from_purchase,0.9840,,Fun_tapered_directional_daily_driver_edge_hold_could_be_better,0.9635,,,,,Julio_Desmont_Vermont_artist,0.8904,,Middle_weight_for_size_exact_not_published,0.9449,,,,,,,,Did_pretty_well_in_3_to_5_inches_powder,0.9222,,25.5,0.9963,,68-91kg,0.9963,,1142.0,0.9922,,7.3,0.9963,,30.5/30.0,0.9963,,All_Mountain_Freeride,0.9915,,Burton,0.9981,,The_Channel,0.9922,,Freeride_Directional,0.8423,Freeride_Directional:0.8423|Tapered_Directional:0.1577,144_149_154_159_162_154W_159W,0.9963,,2026,0.9981,,Unisex,0.9884,,Triax_Fiberglass,0.9709,Triax_Fiberglass:0.9709|Mystery_Glass:0.0291,Snowboard,0.9963,,All_Mountain_Freeride_Powder,0.9921,,-2.5,0.9963,,Poor_edge_hold_washy_deeper_carves_not_ideal_hard_snow,0.9992,,FSC_Certified_core_wood,0.9915,,56.0,0.9963,,,,,Dualzone_EGD_perpendicular_wood_grain,0.9907,,,,,Ollie_power_easy_to_access_pops_well,0.9449,,,,,Turns_quickly_for_25_5cm_waist_turny_sidecut,0.9449,,,,,5.0,0.9635,,,,,,,,,,,,,,Up_to_one_full_year_to_return,0.9449,,,,,,,,,,,,,,Semi_locked_in_tracks_well_hard_to_skid,0.9635,,,,
PYpPM9tM1r,,Mens_Mountain_Twin,CamRock,0.9965,,Master_Core_FSC_Poplar_Paulownia,0.9990,,1029.99,0.7602,,evo_com_559_96_on_sale,0.6400,,Capita_Mercury,0.4365,,Sintered_8000,0.9940,,130_180_lbs,0.9940,,6.0,0.7744,6.0:0.7744|7.0:0.2256,2010_2011,0.9956,,23.5,0.9940,,7.8,0.9940,,Beginner_to_Expert,0.8904,Beginner_to_Expert:0.8904|Intermediate:0.1096,Standard_warranty_extended_via_registration,0.9940,,Extensive_multiyear_positive,0.9499,,Premium_Topsheet_castor_bean_bioplastic,0.9991,,Jeremy_Jones_Victor_de_Le_Rue,0.9654,,,,,SWS_Dubai_UAE,0.9972,,Good,0.9943,,Average_good_for_directional_twin,0.9499,,254.0,0.9940,,,,,1210.0,0.9940,,8.0,0.9940,,,,,All_Mountain,0.9963,,Jones_Snowboards,0.9940,,2x4_Inserts,0.7602,,Directional_Twin,0.9965,,149_151_153W_154_156W_157_158UW_159W_160_161UW_162W_163_164UW_165W_168W,0.9940,,2027,0.9963,,Mens,0.9940,,Biax_Fiberglass_dual_layer,0.9940,,Snowboard,0.9940,,All_Mountain_Freestyle_Powder,0.7602,,0.0,0.9963,,Not_as_good_float_as_some,0.9499,,1pct_for_the_Planet_since_2015,0.9138,,580.0,0.8394,580.0:0.8394|600.0:0.1606,Hard_Snow_capable,0.9499,,BComp_Carbon_Flax_stringers,0.9969,,Recycled_ABS_rounded,0.9940,,Stable_forgiving_not_boring,0.9499,,Traction_Tech,0.9965,,Medium_bordering_medium_fast,0.9499,,,,,0.0,0.9963,,S_M,0.9940,,Good_fatigue_free,0.9499,,,,,111.0,0.9940,,30_days_new_unused,0.9945,,Good,0.9499,,,,,Good_tracks_well,0.9499,,Great_stable_forgiving,0.9499,,Stable,0.9499,,Good,0.9499,
PglUt7Orx0,Annecy_France_founded_1947,Assassin_Pro,Rock_Out_Camber,0.9963,,Ghost_Green_Core_Paulownia,0.9998,,692.99,0.8100,,Sold_out,0.8100,,Korua_Otto_Ride_Algorythm_Shadowban_Salomon_Highpath_Yes_Standard_Uninc_Yes_Basic_Uninc_Capita_BSOD_Jones_Rally_Cat_Cardiff_Crane_Lynx,0.9595,,Sintered_EG_Electra_Gallium,0.9963,,55-85kg,0.8100,,Stiff,0.9923,,2018_2019_season,0.9966,,298.0,0.8100,,,,,Advanced_to_Expert,0.9966,,2yr_warranty_manufacturer_defects,0.7215,,Average,0.9595,,ABC_Wrapper_bamboo_veneers_reduce_40pct,0.6049,,Bode_Merrill,0.9965,,Not_published_wood_cores_inconsistent_weight,0.9499,,China,0.9499,,Great,0.9595,,Average,0.9595,,253.0,0.8100,,65-90kg,0.8100,,1180.0,0.8100,,,,,301.0,0.8100,,All_Mountain_Freestyle,0.7800,,Salomon,0.9963,,2x4_Inserts,0.7800,,Directional_Twin,0.9963,,150_153_156_159_162_158W_163W,0.8100,,2025,0.9963,,Mens,0.9341,,BA_MD_Glass_Biaxial_Medium_Density_Fiberglass,0.9310,,Snowboard,0.9963,,All_Mountain_Freestyle,0.9458,All_Mountain_Freestyle:0.9458|Park_to_Powder:0.0542,20.0,0.9937,,Pre_2025_models_severe_chatter_jarring_fatiguing,0.9986,,Bio_epoxy_resin_30pct_molecular_from_plants,0.9905,,,,,Hard_Snow,0.9595,,Ghost_Carbon_Beam_two_carbon_beams_tip_tail,0.9963,,Recycled_ABS_2025_reduced_chatter,0.9988,,Exceptional_pop,0.9595,,,,,Medium_Fast,0.9595,,Quadralizer,0.9963,,,,,,,,,,,Changed_True_Twin_to_Directional_Twin_2019,0.8029,,,,,Small_local_shop_365_day_return_new_unused,0.5574,,Average,0.9595,,,,,Good,0.9595,,Great,0.9595,,Stable,0.9595,,Great,0.9595,
PleYrgV9IN,Mervin_Manufacturing,Apex_Orca_II,Orca_C2x_Directional,0.9369,,30pct_Aspen_25pct_Paulownia_45pct_Recycled_PET,0.9369,,2199.99,0.9445,,Available_156cm_159cm,0.9465,,Ride_Warpig_short_wide_park_leaning_cheaper_less_edge_hold,0.6365,,Fast_sintered_die_cut_to_reduce_waste,0.9369,,w70_plus_kg_156,0.6429,w70_plus_kg_156:0.6429|75_plus_kg:0.3571,7.0,0.7297,7.0:0.7297|6.0:0.2703,2018_2019_season,0.9654,,31.7,0.9448,,7.0,0.9448,,Advanced,0.9369,,Covers_manufacturer_defects_only_not_impact_abuse,0.9923,,No_dampness_pop_tradeoff_high_price_no_faster_base,0.9449,,Eco_Sublimated_Bio_Beans_Topsheet,0.9627,,Travis_Rice,0.9252,,,,,Handmade_Sequim_WA_USA,0.9923,,Very_fast_edge_to_edge_turny_tight_and_long_carves,0.9368,,,,,v26_7ww156,0.9448,,w70_plus_kg_159,0.6429,w70_plus_kg_159:0.6429|w75_plus_kg_159:0.3571,,,,,,,,,,All_Mountain_Directional,0.6414,All_Mountain_Directional:0.6414|All_Mountain_Freeride_Powder:0.2183|Freeride_Powder:0.1403,Lib_Tech,0.9923,,2x4_Inserts,0.9448,,Tapered_Directional,0.9369,,150_153_156_159cm,0.6471,150_153_156_159cm:0.6471|153_156_159cm:0.3529,2027,0.9369,,Unisex_Mens,0.9369,,Unidirectional_Carbon_tip_to_tail,0.9369,,Snowboard,0.9369,,Go_anywhere_powder_slush_groomers_ice,0.8716,,2.5,0.9448,,Probably_not_worth_premium_over_regular_Orca,0.8721,,Zero_hazardous_waste_production,0.9923,,r19_5_24_5sw,0.9448,,Exceptional_Magne_Traction,0.9989,,30deg_Carbon_Mega_X_14_strands,0.9369,,Birch_Internal_UHMW_Sintered_Sidewall,0.9369,,Easy_to_butter_due_to_rocker,0.9222,,Magne_Traction_7_serrations,0.9369,,Quick_turn_initiation_simple_to_get_used_to,0.8716,,,,,11.0,0.8929,,,,,Absorbs_chatter_well_stays_damp,0.9368,,,,,113.0,0.9448,,,,,,,,Ranks_2nd_of_38_all_mountain,0.8475,,,,,,,,,,,Would_be_exceptional_pipe_board,0.9222,
Pze4R5DtmS,,Artifact,Stay_Positive_Camber_traditional_full,0.9985,,Stomp_Core_100pct_Poplar,0.7442,,849.99,0.9015,,Most_sizes_sold_out_160W_left,0.9945,,Capita_DOA_hybrid_camber_forgiving,0.7720,,High_end_durable_faster_than_expected_extruded,0.9945,,59-77.5kg,0.9677,59-77.5kg:0.9677|65-85kg:0.0323,4.0,0.9985,,2004,0.9923,,,,,7.90,0.9945,,Intermediate-Advanced,0.9337,Intermediate-Advanced:0.9337|Beginner-Intermediate:0.0663,,,,One_of_few_true_camber_boards_in_jib_park,0.8642,,,,,,,,3080.0,0.9626,,Quebec_Canada,0.8427,,,,,,,,25.7,0.9945,,64.5-82.5kg,0.9607,64.5-82.5kg:0.9607|71-91kg:0.0393,120.0,0.9945,,8.14,0.9945,,,,,Freestyle,0.9985,,Rome,0.9985,,2x4_inserts,0.9945,,True_Twin,0.9985,,147_150_153_154W_156_157W_159_160W,0.9945,,2027,0.9974,,Mens,0.9985,,Biaxial_fiberglass_torsionally_playful,0.9985,,Snowboard,0.9985,,9.0,0.9985,,0.0,0.9974,,Base_chipping_crumbling_after_14_days_warranty_rejected,0.6264,,,,,49.3-61.3,0.9945,,,,,Twin_Single_Bamboo_HotRods,0.9738,Twin_Single_Bamboo_HotRods:0.9738|Bamboo_Omega_HotRods:0.0225,Dampening_sidewall_material,0.9882,,Pop_and_power_from_camber_HotRods_soft_flex,0.6264,,,,,Very_quick_and_easy_edge_to_edge,0.8642,,Radial_Sidecut_single_radius,0.9985,,0.0,0.9974,,2x4_insert_compatible_all_major_bindings,0.4801,,,,,,,,115.0,0.9945,,45_day_return_period,0.9999,,,,,83.2,0.9554,,,,,,,,Nice_stable_easy_feel_wants_to_play_in_jib_park,0.8642,,,,
Q7xh2FmEa3,Mervin_Manufacturing,Turbo_Gremlin,C3_Camber,0.9963,,G_Lite_3_FSC_Aspen_Paulownia,0.9617,,1099.99,0.9346,,Listed_on_evo_2027_early_release,0.9490,,Gremlin_better_edge_chunder_Orca_better_deep_pow,0.5970,,Sintered_Knife_Cut_UHMW,0.9617,,140_plus_lbs_65_plus_kg,0.9963,,8.0,0.9759,8.0:0.9759|7.0:0.0241,2027_new_model_2026_2027_season,0.9923,,30.5,0.9963,,7.2,0.9963,,Advanced_to_Expert,0.9617,,Manufacturers_defects_materials_workmanship,0.9923,,Ride_normal_size_do_not_size_down,0.8133,Ride_normal_size_do_not_size_down:0.8133|Ride_2cm_shorter:0.1867,Eco_Sublimated_Poly_Texture_Topsheet,0.9346,,,,,One_of_heavier_boards_even_vs_longer,0.7330,,Carlsborg_Sequim_Washington_USA,0.9912,,,,,,,,25.5,0.9963,,145_plus_lbs_70_plus_kg,0.9963,,,,,7.5,0.9963,,,,,All_Mountain_Freeride,0.9278,,GNU,0.9963,,2x4_Inserts,0.9617,,Tapered_Directional_Mild_Volume_Shift,0.9804,,155cm_158cm_161cm,0.9963,,2026-2027_designated_2027,0.9963,,Mens,0.9617,,Triax_Biax_fiberglass_torsional_smooth,0.9617,,Snowboard,0.9963,,All_Mountain_Freeride_Powder,0.9346,,2.0,0.9760,2.0:0.9760|3.0:0.0240,Not_as_good_deep_powder_vs_Orca_Hybrid_QK,0.9062,,Zero_hazardous_waste_manufacturing,0.9436,,19.25in_to_24in,0.9963,,Fantastic_Magne_Traction_grip,0.8197,,Carbon_Power_Bands_snap_energy_stability,0.9985,,UHMW_Ultra_High_Molecular_Weight_PE,0.9617,,Suitable_one_board_quiver_advanced,0.8899,,Magne_Traction_seven_serrations,0.9980,,Narrower_profile_quick_edge_to_edge,0.9346,,,,,,,,Bent_Metal_Axtion_Transfer_Union_Ultra,0.8427,,,,,GNU_Gremlin_first_released_2021,0.6897,,108.0,0.9963,,,,,,,,,,,,,,,,,,,,,,
QOPmTCjmdH,Elevate_Outdoor_Collective,Psychocandy,Directional_Zero_Camber_flat_underfoot_rocker_nose_tail,0.9840,,Performance_Light_Aspen_Bamboo_Paulownia,0.7705,,949.99,0.9595,,Available_for_2027,0.7979,,Salomon_Dancehaul_Pro_easier_engage_snap,0.8418,,Sintered_4000_PTEX,0.9808,,64-100+kg,0.9595,,Medium,0.9595,,2019-2020_season,0.9350,,31.8/30.8,0.9595,,5.4/6.6,0.9595,,Intermediate_to_Advanced,0.9062,,3yr_manufacturer_structural_defects_only,0.9406,,Whitelines_100_fun_nimble_lighter,0.8242,,Durable_urethane_topsheet,0.9101,Durable_urethane_topsheet:0.9101|Topless_Topsheet:0.0899,,,,,,,China_Guangzhou,0.7682,,Good,0.9212,,Great,0.9212,,26.7,0.9595,,77-100+kg,0.9595,,,,,5.7/6.9,0.9595,,32.0/31.0,0.9595,,All_Mountain_Freeride_Powder,0.9595,,Ride_Snowboards,0.9963,,2x4_Inserts,0.9595,,Tapered_Directional,0.9595,,146_150_154_158cm,0.8900,146_150_154_158cm:0.8900|138_142_146_150_154_158cm:0.1100,2027,0.9595,,Unisex,0.9963,,Carbon_Infused_Glass_Carbon_Array_5_Double_Impact_Plates,0.9595,,Snowboard,0.9963,,Freeride_Powder_All_Mountain,0.9595,,20.0,0.8188,20.0:0.8188|19.0:0.1812,Chattered_at_high_speeds,0.9212,,44pct_sustainable_solar_energy,0.9808,,53.3,0.9595,,Hard_Snow_capable,0.9212,,90deg_carbon_fibers_in_glass_pop_response,0.9808,,Carbon_Slimewalls_urethane_Roll_In_Construction,0.9994,,Outstanding_volume_shifted_all_mountain,0.9212,,Standard_steel_edge,0.9595,,Medium,0.9212,,Tapered_Bi_Radial_Sidecut,0.9595,,,,,,,,,,,Ride_Hellcat_mixed_with_Warpig_DNA,0.8763,,,,,,,,Average,0.9212,,,,,Good,0.9212,,Good,0.9212,,Stable,0.9212,,Good,0.9212,
Qa2ZCrTUIY,Salomon_SAS_Annecy_France,Huck_Knife_Pro_Dusty_LTD,Quad_Camber,0.9550,,Ghost_Green_Core_sustainable_ultra_light,0.9554,,1029.99,0.9979,,In_stock_Dusty_version,0.9865,,Burton_Process_stiffer_Pure_Pop_bigger_jumps_HK_better_rails,0.9946,,Sintered_EG_Gallium_infused_Electra_finish,0.9681,,65-90kg,0.9949,,8.0,0.9660,8.0:0.9660|5.0:0.0340,2017.0,0.9986,,29.5,0.9959,,7.5,0.9959,,Advanced_to_Expert,0.9429,,2_year_limited_materials_craftsmanship,0.9809,,Selected_Best_Snowboard_Gear_Whitelines_2017_18,0.9466,,Southern_California_tribute_Big_Bear_bottom_Minarets_top,0.9853,,Dusty_Henricksen,0.9959,,Regular_slightly_heavier_than_avg_Pro_compensates_lighter,0.9416,,Austria_Bulgaria_France_Finland_Canada_US,0.9702,,,,,,,,25.5,0.9959,,65-95kg,0.9949,,,,,7.7,0.9959,,29.8,0.9959,,Freestyle-All_Mountain,0.9858,,Salomon,0.9979,,2x4_Inserts,0.9949,,True_Twin_symmetrical,0.9550,,153_156_159cm,0.5295,153_156_159cm:0.5295|149_153_156_156W_159_159W:0.4705,2026,0.9546,,Mens,0.9948,,Tri_Ax_Glass_three_angles_durability,0.9742,,Snowboard,0.9937,,Park_jumps_rails_urban_side_hits_all_mountain,0.6044,Park_jumps_rails_urban_side_hits_all_mountain:0.6044|Park_freestyle_jumps_rails_halfpipes:0.3956,0.0,0.9550,,Not_suited_deep_powder_cambered_twin_sinks,0.9970,,FSC_certified_wood,0.9373,,56.0,0.9949,,Strong_very_predictable_even_firm_icy,0.9742,,Ghost_Carbon_Beams_tip_tail_pop_stability,0.5704,Ghost_Carbon_Beams_tip_tail_pop_stability:0.5704|Carbon_stringers_sewn_into_triax:0.4296,Royal_Rubber_Rails_full_length_dampening,0.9388,,,,,Freestyle_Edge_Bevel,0.9742,,Extremely_quick_edge_to_edge_narrow_waist,0.9742,,EQ_Rad_Sidecut,0.9550,,,,,,,,Not_super_damp_not_chattery_decent_variable_snow,0.9466,,Salomon_Huck_Knife_medium_flex_579_MSRP,0.9681,,,,,,,,,,,83.7,0.9569,,,,,,,,,,,,,
R42CHMu4uJ,German_snowboard_company_co_founded_by_Wolken_and_Maurer,Pencil,Float_Camber_camber_underfoot_early_rise_nose,0.9890,,Poplar_Light_Wood_Core,0.9890,,1099.99,0.9312,,Available_direct_to_consumer_free_shipping,0.9890,,Ride_Peace_Seeker_similar_carving_powder,0.4090,,PTEX_2000_Sintered,0.5880,PTEX_2000_Sintered:0.5880|PTEX_3000:0.4120,55_to_90kg,0.9948,,7.0,0.8027,,Circa_2015_2016,0.8316,,311.0,0.9948,,8.1,0.9948,,Intermediate_to_Expert_only,0.9389,Intermediate_to_Expert_only:0.9389|Beginner_to_Expert:0.0611,,,,Continuous_production_2019_to_2025,0.7895,,Classic_gloss_UV_lacquer,0.9890,,,,,3100.0,0.9948,,Poland_and_China,0.9890,,,,,,,,,,,,,,,,,,,,,,,All_mountain_Freeride,0.6000,,Korua_Shapes,0.9923,,4x4,0.5567,,Tapered_Directional,0.9952,,138_147_153_159_164cm,0.9890,,,,,Unisex,0.9890,,Biaxial_Fiberglass,0.9890,,Snowboard,0.9923,,Freeride_carving_powder,0.8027,,35.0,0.9923,,Not_freestyle_first_limited_fakie,0.9018,,1pct_for_the_Planet_member,0.9777,,51_to_59cm,0.9948,,Very_competent_grips_well,0.8691,,,,,,,,Floats_effortlessly_even_wet_heavy_powder,0.8215,,Steel_edges,0.6042,,Taper_and_pointed_nose_responsive_easy_to_set_edge,0.9890,,,,,28.0,0.9671,28.0:0.9671|19.0:0.0329,,,,Some_chatter_through_nose_at_speed_on_firm_snow,0.7783,,,,,1030.0,0.9948,,,,,,,,,,,,,,,,,,,,,,
R4V6xLvD9C,Burton_Snowboards_Inc_Burlington_VT_USA,Process_Recut,PurePop_Camber,0.9557,,Super_Fly_II_700G_Core_Dualzone_EGD_Squeezebox,0.9556,,879.99,0.9923,,Sold_Out,0.9998,,Bataleon_Goliath_Bataleon_Evil_Twin,0.5405,,Durable_highly_porous_added_strength_wax_absorption,0.9726,,68_to_91kg,0.9726,,6.0,0.7697,6.0:0.7697|4.0:0.1220|3.5:0.1083,In_lineup_since_at_least_2011,0.8767,,,,,8.1,0.9726,,Intermediate_to_advanced,0.4376,Intermediate_to_advanced:0.4376|Progressing_beginner_or_intermediate:0.3907|Intermediate_Expert:0.1340|Beginner_Intermediate:0.0377,,,,Approximate_Weight_Felt_Normal,0.8358,,,,,Mark_McMorris,0.9998,,6.62,0.4255,,Kiel_Nindl_GmbH_Austria,0.9548,,Nice_feel_on_carve_at_slower_speeds,0.9186,,,,,251.0,0.9726,,68_to_91kg,0.9726,,1195.0,0.9726,,8.2,0.9726,,,,,All_Mountain_Freestyle,0.8649,All_Mountain_Freestyle:0.8649|All_Mountain:0.1218,Burton,0.9978,,The_Channel,0.9556,,True_Twin_symmetrical_tip_and_tail,0.9559,,152_155_157_159_162_157W_159W_162W,0.9890,,Winter_2025_2026,0.9826,,Mens,0.8721,,Triax_Fiberglass,0.9556,,Snowboard_deck_bindings_not_included,0.9186,,5.0,0.9595,,0.0,0.9890,,Becomes_shy_hesitant_awkward_past_moderately_fast_speeds,0.9186,,FSC_Certified,0.9994,,530.0,0.9726,,Every_time_railed_on_edge_could_feel_it_stay_in_place,0.8721,,Process_uses_only_Triax_fiberglass_no_carbon,0.9953,,ABS_recycled,0.8949,,Easy_quick_edge_to_edge_turns_performs_well_in_trees,0.8949,,Frostbite_Edges,0.9556,,Nice_and_easy_to_initiate_low_effort,0.9044,,,,,,,,Compatible_with_all_major_binding_brands,0.9726,,Got_bucked_around_a_lot_of_chatter_in_uneven_terrain,0.8949,,Burton_Process_Camber,0.9845,,,,,,,,,,,,,,,,,,,,,,,,,
RB3NCPUwch,Elevate_Outdoor_Collective,Smokescreen,Directional_Standard_Camber,0.9091,Directional_Standard_Camber:0.9091|Directional_Hybrid_Rocker:0.0909,Performance_Core_Aspen_Bamboo_Paulownia,0.9974,,879.99,0.9974,,Preorder_May_1_2026,0.9974,,Jones_Flagship_Cardiff_Bonsai_Arbor_AFrame_Burton_Leaderboard_Commissioner,0.9620,,Sintered_4000_PTEX,0.9974,,125_205_lbs,0.9974,,Very_stiff,0.4925,Very_stiff:0.4925|Mellow:0.4669|Medium:0.0406,2021_2022_season,0.9735,,300.0,0.9974,,9.0,0.9974,,Intermediate_Advanced,0.9958,,1_Year,0.9659,,Bomber_freeride_best_straight_lining_not_tight_carves,0.9742,,Durable_Urethane,0.9635,Durable_Urethane:0.9635|Topless_Topsheet:0.0365,,,,Pretty_normal_weight,0.9579,,China_factory_design_Seattle,0.8824,,,,,,,,254.0,0.9974,,,,,1177.0,0.9974,,,,,,,,All_Mountain,0.8279,All_Mountain:0.8279|All_Mountain_Freeride:0.1121|Freeride_Powder:0.0600,Ride,0.9896,,2x4_Inserts,0.9692,,Tapered_Directional,0.9979,,153_155_157W_158_162_165,0.9974,,2026,0.7879,2026:0.7879|2027:0.2121,Mens,0.9730,,Hybrid_Glass_triaxial_top_biaxial_base,0.9974,,Snowboard,0.9896,,All_mountain_skills_next_level,0.9925,,neg19.0,0.9974,,For_bombing_doesnt_turn_well_no_circle_carve,0.9742,,FSC_Certified_base_stickers_shipping,0.9974,,559.0,0.9974,,Fine_in_medium_snow_grips_hard_snow,0.9742,,Carbon_Array_3_three_carbon_stringers_binding_zone,0.9974,,Slimewalls_urethane_impact_absorbing,0.9974,,Great_powering_over_uneven_snow_at_speed,0.9742,,Standard_Steel_Edge_Rockwell_48C,0.9579,,Initiates_quickly_but_sidecut_doesnt_progress,0.9742,,Tapered_Elliptical_Progressive_Sidecut,0.9971,,10.0,0.9839,,,,,,,,Shared_lineage_Ride_Timeless,0.7309,,,,,,,,,,,,,,,,,,,,,,,,,
RCHZy5MVY9,K2_Sports_LLC,Sky_Pilot,Directional_Combination_Camber,0.9969,,S1_Core_Bamboo_Aspen_Paulownia,0.9977,,949.99,0.6408,,Available,0.9999,,Nidecker_Megalight_Burton_Counterbalance_Amplid_Souly_Grail_etc,0.9594,,Wax_Infused_Sintered_4001,0.9977,,54_to_86kg,0.9969,,6.0,0.9516,,2026_25_26_season,0.9984,,30.8_25.9_29.8,0.9969,,7.5,0.9969,,Intermediate_Advanced_Expert,0.9948,,5_year_warranty_defects_material_craftsmanship,0.9565,,James_size9_5ft10_185_195lbs_tested_157cm,0.9594,,,,,Sage_Kotsenburg,0.9979,,,,,China,0.9992,,Great,0.9646,,Good,0.9646,,,,,59_to_91kg,0.9969,,119.0,0.9969,,7.7,0.9969,,31.2_26.2_30.2,0.9969,,Snowsurf,0.8060,Snowsurf:0.8060|All_Mountain_Freeride:0.1940,K2,0.9979,,2x4_tighter_hole_pattern,0.9975,,Directional,0.7103,Directional:0.7103|Tapered_directional_longer_nose_shorter_tail:0.2897,148_151_154_157_160_163cm,0.9851,148_151_154_157_160_163cm:0.9851|154_157_160cm:0.0149,2027,0.9264,,Unisex_all_gender_scaled_sizing,0.9971,,Triaxial_45_45_0,0.9975,,Snowboard,0.9979,,Freeride_BigMtn_Freestyle_Powder_Piste_Speed,0.9998,,neg1.9,0.9996,,Base_is_slow_for_the_price_point,0.9646,,,,,53.3,0.9969,,Hard_Snow_competent_grip_not_best_icy,0.9646,,Carbon_Y_Beam_snap_stability,0.9998,,Hybritech_sidewall_capped_tip_tail,0.9943,,Very_versatile_ride,0.9646,,3D_Base_Contour_3mm_spoon_tip_tail,0.9998,,Medium_Fast,0.9646,,,,,10.0,0.9995,,,,,,,,K2_Instrument_discontinued,0.9955,,,,,,,,Average,0.9646,,,,,Great,0.9646,,Good,0.9646,,Stable,0.9646,,Good,0.9646,
RVjoANFEjw,Bataleon_Low_Pressure_Studio_Amsterdam,Evil_Twin_Plus,Medium_Camber_3BT_SideKick,0.9976,,SULC_80pct_Paulownia_20pct_Poplar,0.9999,,1189.99,0.9268,,Preorder_at_multiple_retailers,0.9070,,CAPiTA_DOA_full_camber_stiffer_aggressive_ET_more_forgiving,0.9955,,Nano_Speed_S_ISOSPORT_7000_Ptex_sintered,0.9993,,70-90kg,0.8196,70-90kg:0.8196|65-90kg:0.1804,6.0,0.7527,6.0:0.7527|5.5:0.2473,2003,0.9692,,29.4,0.9416,,8.03,0.9416,,Advanced,0.9268,,,,,,,,,,,,,,,,,SWS_Dubai_or_overseas,0.7890,SWS_Dubai_or_overseas:0.7890|CAPiTA_Austria:0.1136,,,,,,,25.3,0.9416,,74-94kg,0.8196,74-94kg:0.8196|70-95kg:0.1804,120.2,0.9416,,8.09,0.9416,,29.7,0.9416,,Freestyle_All_Mountain,0.9548,,Bataleon,0.9964,,2x4_inserts,0.9268,,True_Twin,0.9578,,151_154_157_159_156W_159W,0.9917,,2027,0.9027,,Mens,0.9998,,Tri_Ax_fiberglass,0.9415,,Snowboard,0.9979,,Park_and_resort,0.8500,,0.0,0.9254,,3BT_can_cause_landing_revert_over_rotation,0.9742,,,,,51.0-63.0,0.9416,,Decent_carving_better_than_regular_ET_slight_delay,0.9937,,AirRide_urethane_filled_channels_dampen_vibrations_nose_and_tail,0.9993,,Flex_Walls_urethane_poured,0.9976,,Catch_free_ride_reduced_edge_catch_from_3BT,0.9994,,,,,Easy_turn_initiation_split_second_delay_vs_traditional,0.9947,,,,,None_symmetrical,0.9220,,Standard_insert_pattern_non_Burton_EST,0.9070,,More_stable_at_speed_AirRide_built_in_suspension_dampens_chatter,0.9998,,,,,,,,45_day_returns,0.9931,,,,,,,,,,,,,,,,,,,
RZq38d3rtm,Annecy_France_design_center,Assassin,Rock_Out_Camber,0.9985,,Aspen_SLCT_Core_hand_selected,0.9985,,989.99,0.9998,,Preorder,0.9998,,NS_Photosynthesis_Yes_Greats_Ride_TwinPig_Burton_Good_Company_Yes_Typo,0.9219,,Sintered_EG_Base_Gallium_Electra,0.9985,,55-85kg,0.9502,,6.0,0.9303,,2014,0.8899,,29.3,0.9502,,7.5,0.9502,,Intermediate-Advanced,0.9951,Intermediate-Advanced:0.9951|Intermediate:0.0049,2_years,0.9998,,4.8,0.8721,,ABC_Wrapper_Topsheet_wood_veneer,0.9520,,Victor_Daviet,0.9998,,,,,Austria_AMER_factory_or_OEM,0.6268,Austria_AMER_factory_or_OEM:0.6268|China:0.3000,,,,Better_than_expected_for_twin,0.9946,,25.3,0.9502,,65-90kg,0.9726,,116.0,0.9502,,7.7,0.9726,,,,,All-Mountain_Freestyle,0.9923,,Salomon,0.9979,,5x2_inserts_per_foot,0.7980,5x2_inserts_per_foot:0.7980|2x4_inserts:0.1870,Directional_Twin,0.9986,,150_153_156_159_162cm,0.9502,,2027,0.9312,,Mens,0.9995,,BA_MD_Fiberglass_medium_density,0.9520,,Snowboard,0.9945,,All-Mountain_Park_Freestyle_Freeride,0.9572,,Centered,0.9771,,Stiffness_difficult_for_novice_riders,0.9219,,FSC_certified_wood,0.6536,,56.0,0.9502,,Very_good_edge_grip,0.9956,,Popster_Eco_Booster_milled_core_carbon_stringers_bamboo_rods,0.9986,,Royal_Rubber_Rails_full_length_rubber,0.9502,,Excellent_all-rounder_Swiss_army_knife,0.9341,,,,,Forgiving_torsional_flex_helps_maneuverability,0.9219,,Quadralizer_Sidecut,0.9792,Quadralizer_Sidecut:0.9792|Quadrilizer:0.0197,,,,,,,Good_vibration_absorption_more_damp_than_Pro,0.9219,,,,,,,,,,,Not_king_of_jibs_but_above_average,0.8908,,,,,,,,,,,,,,,,
RwPNZ6wlqH,Mervin_Manufacturing,Money,C2e_Hybrid_Rocker,0.9976,,G_Lite_1_FCS_Aspen_Paulownia,0.8205,,524.99,0.9963,,Available_gnu_com,0.9923,,Salomon_Huck_Knife_better_board_sintered_base,0.9941,,Eco_Sublimated_Co_Ex,0.8205,,45_plus_kg,0.9937,,6.0,0.8060,6.0:0.8060|5.0:0.1940,At_least_2018_model_year,0.9346,,29.6,0.9937,,8.2,0.9937,,Beginner_to_Expert,0.6814,Beginner_to_Expert:0.6814|More_aimed_toward_beginners:0.3186,,,,Good,0.9212,,Eco_Sublimated_Poly_Top,0.8205,,Jay_Howell_punksgitcut,0.9923,,,,,Carlsborg_WA_USA,0.9406,,Average,0.9212,,Average,0.9212,,25.5,0.9937,,60_plus_kg,0.9937,,,,,8.2,0.9937,,29.8,0.9937,,Freestyle_Park,0.9963,,GNU,0.9963,,2x4_inserts,0.9937,,True_Twin,0.9000,True_Twin:0.9000|Directional_Twin:0.1000,130_135_140_144_148_152_154_156_159_150W_154W_158W,0.9963,,2026,0.5556,2026:0.5556|2025:0.4444,,,,Triaxial_Biaxial_fiberglass,0.8205,,Snowboard,0.9974,,,,,0.0,0.9551,0.0:0.9551|-12.5:0.0449,Can_feel_slow_co_extruded_base_not_fastest,0.8502,,Zero_hazardous_waste_factory,0.9983,,20_25in_to_25_0in,0.9937,,Icy_Snow_excellent,0.9212,,,,,UHMW_polyethylene,0.9891,,Exceptional_for_price_Magne_Traction_grip,0.8720,,Magne_Traction_7_serrations,0.8205,,Fast,0.9212,,,,,,,,,,,,,,,,,117.0,0.9937,,,,,Good,0.9212,,,,,Average,0.9212,,Good,0.9212,,Semi_Stable,0.9212,,Good,0.9212,
SGwEPDW3ct,Salomon_SAS_Annecy_France,Dancehaul,Rock_Out_Camber_flat_camber_rocker,0.9861,,Aspen_SLCT_FSC_certified,0.9954,,679.99,0.9793,,In_stock_2026,0.9726,,Lib_Tech_Orca_YES_Hybrid_Gnu_Gremlin_Ride_Psychocandy_Korua_K2,0.9284,,Sintered_base,0.9827,,70-105kg,0.9793,,5.0,0.9793,,2020_2021_season,0.9499,,32.0/30.8,0.9793,,7.2,0.9793,,Intermediate,0.9861,,,,,Whitelines_Choice_Award_best_all_mountain,0.9405,,Bright_red_top_sheet,0.5100,,Max_Buri_Swiss_Salomon_pro,0.8899,,Little_heavier_on_scales_lighter_per_area,0.8812,,Austria_Bulgaria_France_Finland_Canada_US,0.8899,,,,,,,,26.9,0.9793,,,,,117.0,0.9793,,,,,,,,All_Mountain,0.9861,,Salomon,0.9913,,2x4_Inserts,0.9827,,Tapered_Directional,0.9861,,143_147_152_154_157cm,0.9793,,2026,0.9913,,Unisex,0.9913,,BA_MD_Biaxial_Medium_Density_Fiberglass,0.9517,,Snowboard,0.9726,,Powder_groomers_trees_sidecountry,0.8571,,0.0,0.9499,,Squirrelly_and_chattery_at_higher_speeds,0.9186,,FSC_certified_wood_core,0.9594,,56.5,0.9793,,,,,Ghost_Basalt_Stringers_triax,0.9827,,Recycled_ABS_sidewall,0.9945,,Extremely_fun_and_playful_across_reviews,0.6714,,,,,Easy_turn_initiation_despite_wide_waist,0.9981,,Radial_Sidecut,0.9861,,12.0,0.9081,,,,,,,,,,,,,,,,,,,,86.1,0.9081,,,,,,,,,,,,,
SKfJIjbUYN,Burton_Snowboards_Burlington_VT,Family_Tree_Sketch_Artist,Camber,0.9914,,Super_Fly_II_700G_dual_species,0.9500,,1099.99,0.9974,,In_stock_Burton_com,0.9931,,Jones_Hovercraft_Gnu_Gremlin_Korua_TF_Salomon_Dancehaul_K2_Excavator_Jones_ME_YES_PYL,0.9620,,Sintered_WFO,0.9742,,,,,7.5,0.5268,7.5:0.5268|6-9:0.4732,2026_new_to_Family_Tree,0.9923,,,,,,,,Intermediate_Advanced,0.9692,,3_year_warranty_from_purchase,0.9416,,Very_satisfying_turn_technical_aggressive_poppy,0.9742,,Peregrine_falcon_Audubon_bird_graphic,0.9425,,,,,,,,Austria_by_The_Mothership,0.9620,,Great,0.9742,,Great,0.9742,,,,,,,,,,,,,,,,,All_Mountain_Freeride,0.5783,All_Mountain_Freeride:0.5783|All_Mountain_Powder:0.4090,Burton,0.9981,,The_Channel,0.9742,,Tapered_Directional,0.9600,,147_151_155_159_163cm,0.9576,147_151_155_159_163cm:0.9576|151_155_159cm:0.0424,2026,0.9981,,Unisex,0.9480,,45_degree_Carbon_Highlights_full_tip_to_tail,0.9742,,Snowboard,0.9978,,All_terrain_carving_sidehits_groomers_powder,0.9231,,neg1.25,0.9890,,Edge_lets_go_easy_in_harder_snow,0.9620,,Certified_B_Corporation,0.9865,,,,,Medium_Snow_lets_go_in_hard_conditions,0.8322,Medium_Snow_lets_go_in_hard_conditions:0.8322|Excellent_super_good_edge_hold:0.1678,Squeezebox_core_profiling,0.9742,,,,,Satisfying_springy_turn,0.9620,,,,,Medium,0.9742,,Progressive_sidecut,0.9692,,18.0,0.9923,,EST_best_all_major_compatible,0.9030,,,,,,,,,,,,,,Poor,0.9742,,,,,Great,0.9742,,Good,0.9742,,Semi_Locked_In,0.9742,,Average,0.9742,
SuVit8RW96,Mervin_Manufacturing,Mayhem_Rocket,Early_Rise_Directional_Camber,0.7907,,OP_75pct_Aspen_25pct_Paulownia,0.9974,,1099.99,0.9974,,In_stock_157.5_161.5,0.9548,,Jones_Hovercraft_iconic_freeride_powder_cult_following,0.6634,,Sintered_Knife_Cut_Base_UHMW,0.7907,,140+_lbs,0.9931,,6.5,0.9957,,2016,0.9278,,31.7_29.7,0.9957,,7.5_6.5,0.9957,,Intermediate_Advanced,0.6594,Intermediate_Advanced:0.6594|Advanced:0.2954,,,,Overhaul_24-25_unchanged_25-26_new_sidecut_nose,0.9524,,Eco_Sublimated_Poly_Top_Sheet,0.9940,,Matt_Mayhem_Biolos,0.9923,,,,,Sequim_Carlsborg_Washington_USA,0.9882,,,,,,,,,,,,,,,,,,,,,,,All_Mountain_Directional,0.7749,All_Mountain_Directional:0.7749|Freeride_Powder:0.2197,Lib_Tech,0.9957,,2x4_inserts,0.9533,,Tapered_Directional,0.8841,,152.5_157.5_161.5_cm,0.9957,,2027,0.9278,,Unisex,0.7295,,Tri_Ax_Bi_Ax_Fiberglass,0.7659,,Snowboard,0.9974,,Powder_Freeride_All_terrain,0.9035,,2.5,0.9957,,Thirsty_base_needs_constant_waxing,0.9615,,FSC_certified_wood,0.9681,,49.5-61.6cm,0.9957,,Strong_edge_hold_with_Magne_Traction_current_model,0.6927,Strong_edge_hold_with_Magne_Traction_current_model:0.6927|No_Magne_Traction_older_models:0.2645,UHMW_Tip_Tail_Impact_Deflection,0.8550,,Birch_Internal_Sidewalls,0.7660,,Great_for_everything_but_park_daily_driver,0.9956,,Magne_Traction_Serrated_Edges,0.7662,,Easy_turn_initiation_from_early_rise_nose,0.7907,,Elliptical_sidecut,0.9957,,20,0.9524,,ReFlex_and_Disc_mounting,0.7289,,,,,,,,114.5,0.9957,,,,,,,,,,,,,,,,,,,,,,
Sw61ssrD4v,Mervin_Manufacturing,Upgrade,C2X_shortened_rocker_lengthened_camber,0.9980,,G_Lite_2_FSC_Aspen_Paulownia,0.9980,,999.99,0.6801,,In_stock,0.9923,,Lib_Tech_Terrain_Wrecker_Upgrade_has_better_base,0.9594,,Eco_Sublimated_Sintered_Base,0.9501,,115+lbs_50+kg,0.9957,,7.5,0.6808,7.5:0.6808|5.5:0.2979|6.0:0.0213,2025-2026_first_release,0.9594,,29.8/29.8,0.9957,,7.6/7.7/7.5,0.9738,7.6/7.7/7.5:0.9738|7.7/7.7/7.5:0.0262,Intermediate_Advanced,0.9492,Intermediate_Advanced:0.9492|Intermediate:0.0508,1_year_from_date_of_purchase,0.7403,,,,,Eco_Sublimated_Poly_Topsheet,0.9501,,Jeff_Hendo_Henderson,0.9961,,2920.0,0.9799,,Sequim_Washington_USA,0.9992,,,,,,,,25.5,0.9974,,125+lbs_55+kg,0.9957,,,,,7.8/7.9/7.7,0.9974,,30.0/30.0,0.9676,30.0/30.0:0.9676|30.3/30.3:0.0324,All_Mountain_Freestyle,0.9882,,GNU,0.9961,,2x4_Inserts,0.6801,,Directional_Twin,0.9963,,151_153_156_157W_159_160W,0.9957,,2025-2026,0.9882,,Mens,0.9501,,Tri_Ax_Bi_Ax_fiberglass_Carbon_Power_Bands,0.9501,,Snowboard,0.9882,,All_Mountain_Groomed_Powder_Park,0.9963,,0.75,0.9963,,,,,FSC_Certified,0.9539,,18.5_to_26.5_inches,0.9974,,Good_Magne_Traction_strong_ice_grip,0.9726,,Carbon_pop_enhancement_fiber_package,0.9824,,UHMW_polyethylene,0.9501,,,,,Magne_Traction_7_serrations,0.9937,,Nice_and_easy_to_initiate_turns_slash_tail,0.9726,,Directional_triple_curve_on_demand_sidecut_blend,0.9882,,No_taper_directional_twin,0.9594,,,,,,,,GNU_Hyper,0.9594,,114.0,0.9974,,AU_store_AUD_30_day_exchange_credit_no_change_of_mind,0.6801,,,,,88.6,0.9799,,,,,,,,,,,,,
T5n37httxV,Salomon_SAS_Annecy_France,HPS_Louif_Paradis,Rock_Out_Camber,0.9882,Rock_Out_Camber:0.9882|Powder_Camber:0.0118,Ghost_Green_Core_sustainable_Paulownia,0.9982,,664.99,0.9974,,All_2025_sizes_sold_out,0.8363,,Jones_Stratos_Burton_Custom_Flying_V,0.8802,,Sintered_EG_Electra_Gallium,0.9580,,60_to_95_kg,0.9963,,Medium,0.9382,Medium:0.9382|Medium_Stiff:0.0288|Stiff:0.0173|Soft:0.0157,2021_2022_season,0.9914,,302mm_297mm,0.9963,,,,,Expert,0.9963,,,,,Selected_top_100_snowboard_products,0.9800,,,,,Louif_Paradis,0.9980,,,,,Likely_shared_Amer_Sports_Austria_France,0.6707,,,,,,,,255.0,0.9963,,70_to_100_kg,0.9963,,1180.0,0.9963,,,,,307mm_302mm,0.9963,,All_Mountain_Freeride,0.9733,,Salomon,0.9733,,2x4_Inserts,0.9963,,Tapered_Directional,0.9985,,155_159_163cm,0.9526,,2025,0.9733,,Unisex,0.9425,Unisex:0.9425|Mens:0.0575,BA_MD_Glass_biaxial_medium_density,0.9567,,Snowboard,0.9732,,Powder_Freeride_Deep_Freestyle,0.9963,,20.0,0.9963,,,,,50pct_recycled_sintered_base,0.9948,,,,,Strong_edge_hold,0.8529,,Ghost_Carbon_Stringers_tip_to_tail,0.8528,,Recycled_ABS_Sidewalls,0.9963,,,,,,,,Easy_turn_initiation,0.8167,,Quadralizer,0.9844,Quadralizer:0.9844|Quadratic_Sidecut:0.0156,Tail_tapered_2_to_20mm,0.9950,,,,,,,,,,,,,,,,,,,,,,,,,,,,,,,,,,
TD7mNjqTl8,Burton_Snowboards_founded_1977,Family_Tree_Time_Thief,Directional_Camber_rocker_nose_camber_rest,0.9793,,Super_Fly_II_700G_Core_Dualzone_EGD,0.9947,,1099.99,0.9793,,Listed_ships_same_business_day,0.9062,,Lib_Tech_Orca_prominent_nose_rocker_loose_on_hardpack,0.7088,,Sintered_WFO,0.9793,,68-91_kg,0.9793,,5.5,0.9793,,,,,29.85,0.9793,,7.7,0.9793,,Intermediate-Advanced,0.9793,,3_year_warranty_Channel_boards_from_purchase,0.9912,,,,,Fusion_of_art_nature_and_sound,0.9462,,Dom_Berrini_cymatics_Chladni_plates_topsheet,0.9462,,,,,Keil_factory_Austria,0.9957,,,,,,,,25.6,0.9793,,82-118+_kg,0.9793,,116.4,0.9793,,7.9,0.9793,,,,,Freeride-Powder,0.9793,,Burton,0.9827,,The_Channel,0.9793,,Tapered_Directional,0.9793,,148cm_152cm_156cm_160cm,0.9793,,2027,0.9346,,Unisex_gender_neutral,0.9726,,Triax_fiberglass,0.9793,,Snowboard,0.9827,,Big_mountain_Freeride_All_Mountain,0.9742,,'-1.7',0.9793,,,,,FSC_certified_wood_and_Super_Sap_bio_epoxy,0.9963,,56.0,0.9793,,Dualzone_EGD_consistent_edge_hold_full_length,0.9462,,,,,,,,,,,,,,Quick_and_responsive_at_speed,0.9278,,,,,5.0,0.9548,,Compatible_all_major_bindings_best_with_Burton_EST,0.9793,,,,,,,,,,,Rhythm_14_day_refund_365_day_exchange,0.9175,,,,,,,,,,,,,,,,,,,
UErcuZkI8Q,Burton_Snowboards,Family_Tree_Full_Nelson,Directional_Camber_rocker_nose_camber_underfoot,0.9952,,Super_Fly_II_700G_Dualzone_EGD,0.9952,,999.99,0.9997,,Pre_order_delivery_Apr_May_2026,0.9931,,Jones_Flagship_directional_freeride_3D_base,0.7731,,Sintered_WFO,0.9945,,,,,7.5,0.9948,,2026,0.9931,,,,,,,,Intermediate_Advanced,0.9948,,Warrants_free_of_defects_material_workmanship,0.9222,,,,,Fusion_art_nature_sound_2027_FT_theme,0.9405,,Bosco_Sodi_raw_textures_natural_elements,0.9405,,,,,Kiel_Nindl_GmbH_Uttendorf_Austria,0.9997,,,,,,,,,,,,,,,,,,,,,,,Freeride-Powder,0.9931,,Burton,0.9931,,The_Channel,0.9945,,Tapered_Directional,0.9945,,153cm_157cm,0.5882,153cm_157cm:0.5882|153cm_157cm_161cm:0.4118,2027,0.9909,,Gender_neutral_Unisex,0.9918,,Triax_Fiberglass,0.9945,,Snowboard,0.9931,,Deep_powder_steep_terrain_freeride_gnarly_lines,0.9931,,,,,,,,FSC_Certified_core,0.9931,,,,,Long_sidecuts_predictable_edge_hold_steeps_speed,0.9931,,Dualzone_EGD,0.9945,,,,,,,,,,,,,,,,,6.0,0.9945,,All_major_bindings_best_with_Burton_EST,0.9968,,,,,Burton_Family_Tree_Crowsnest,0.7004,,,,,14_day_refund_365_day_exchange,0.9230,,,,,,,,,,,,,,,,,,,
Uak0Y2xszD,Bataleon_Low_Pressure_Studio_Amsterdam,Cameleon,Medium_Camber_with_3BT_and_SideKick,0.9965,,70_30_Paulownia_Poplar,0.9984,70_30_Paulownia_Poplar:0.9984|Swiss_Paulownia_Poplar:0.0016,1149.99,0.9974,,Preorder_estimated_May_1_2026,0.9974,,CAPiTA_Navigator_preferred_Cameleon_in_powder,0.9341,,Ultra_Glide_S_7000_grade_sintered,0.9969,,71-91kg,0.9965,,5.0,0.9965,,2024_2025_season,0.9986,,31.5_30.1cm,0.9965,,6.83,0.9965,,Intermediate-Advanced,0.9331,,2yr_limited_extendable_to_3yr,0.9996,,Hit_or_miss_pop_float_vs_limited_edge_hold,0.9781,,Step_Down_Rails_Top_3D,0.9969,,,,,Relatively_light_vs_Lib_Tech_Never_Summer,0.8893,,Austria_CAPiTA_Mothership,0.9919,Austria_CAPiTA_Mothership:0.9919|Saudi_Arabia_SWS:0.0081,,,,,,,26.0,0.9965,,81-101kg,0.9965,,118.3,0.9965,,6.95,0.9965,,32.1_30.7cm,0.9965,,All-Mountain_Directional_Freeride,0.5699,All-Mountain_Directional_Freeride:0.5699|Freeride-Powder:0.4301,Bataleon,0.9963,,2x4_Inserts,0.9332,,Tapered_Directional,0.9965,,157cm,0.9965,,2027,0.9940,,Mens,0.7404,Mens:0.7404|Unisex:0.2596,Tri_Ax_fiberglass,0.9969,,Snowboard,0.9974,,Freeride_Powder_All_Mountain,0.9573,,,,,Very_limited_washy_edgeless_in_medium_hard_snow,0.9986,,,,,51.0-63.0cm,0.9965,,,,,DRST_SuperTubes_six_hollow_carbon_cylinders,0.9994,,Flex_Walls_urethane_poured,0.9969,,Excellent_powder_float_surf_like,0.9983,,SideKick_hull_like_shape_for_float,0.9996,,Quick_edge_to_edge_nimble_in_trees,0.9341,,,,,15.0,0.9692,,,,,Urethane_reduces_chatter_in_micro_bumps,0.9579,,Camel_Two,0.9859,,,,,45_day_return_period,0.9890,,,,,,,,,,,,,,,,,,,
UjsSk0ptvk,Salomon_SAS_Annecy_France,Jetstream,Rock_Out_Camber,0.9956,Rock_Out_Camber:0.9956|Rocker_Flat_Rocker:0.0040|Flat_with_Camber:0.0005,Aspen_SLCT_Core,0.9968,,759.99,0.9963,,salomon.com_official,0.9726,,K2_Embassy_All_Mountain,0.8256,,50pct_Recycled_Sintered_Base,0.9967,,60-95kg,0.9963,,7.0,0.9967,,,,,32.0,0.9963,,7.3,0.9963,,Intermediate-Advanced,0.8362,Intermediate-Advanced:0.8362|Advanced_to_Expert:0.1638,2_year_limited_warranty,0.6916,,,,,Olive_wood_veneer,0.9044,,,,,,,,,,,,,,,,,26.6,0.9963,,70-95kg,0.9963,,115.3,0.9963,,7.5,0.9963,,,,,All-Mountain_Freeride,0.9999,,Salomon,0.9986,,2x4_Inserts,0.9963,,Tapered_Directional,0.9999,,146_149_153_157_160_163_166,0.9574,146_149_153_157_160_163_166:0.9574|146_149_153_157_160_163:0.0426,2026,0.9999,,Unisex,0.9726,,BA_MD_Fiberglass,0.9964,,Snowboard,0.9986,,All_Mountain_Freeride_Groomers_Powder,0.9437,All_Mountain_Freeride_Groomers_Powder:0.9437|Powder_variable_groomed:0.0316|Carving_precision_deep_snow_float:0.0247,20.0,0.9964,,Not_first_choice_bigger_lines_variable_snow,0.9673,,FSC_certified_wood_core,0.9970,,55.0,0.9963,,Excellent,0.9987,,Ghost_Carbon_Beams_Plus,0.9994,,66pct_Recycled_ABS,0.9041,66pct_Recycled_ABS:0.9041|100pct_Recycled_ABS:0.0959,Superior_powder_buoyancy_wider_taper_Rock_Out,0.8820,,20pct_recycled_aluminum_edges,0.9044,,Quick_turning_taper_radial_sidecut,0.9912,,Radial_Sidecut,0.9999,,Tail_tapered_2_to_20mm,0.8413,,Standard_compatible_most_bindings,0.6915,,,,,,,,,,,,,,,,,,,,,,,,,,,,,,,
VPtUDVqozI,Salomon_SAS_Amer_Sports,Highpath,Rock_Out_Camber,0.9225,Rock_Out_Camber:0.9225|Rocker_Flat_Rocker:0.0775,Aspen_SLCT_Core,0.9733,Aspen_SLCT_Core:0.9733|Paulownia_wood:0.0267,759.99,0.9948,,In_stock,0.9890,,Burton_Instigator_NS_Hammer_Korua_Otto_Tahoe_DT_Yes_Basic_Cardiff_Lynx,0.9640,,50pct_Recycled_Sintered_Base,0.9969,,60-95kg,0.9931,,7.0,0.8210,7.0:0.8210|8.0:0.1790,2023,0.9742,,30.1/29.8,0.9931,,7.3,0.9931,,Advanced,0.9948,,,,,,,,ABC_Wrapper_Topsheet,0.9931,,Nils_Mindnich,0.9620,,Feels_Normal,0.4409,Feels_Normal:0.4409|Very_lightweight:0.3086|Heavier_than_normal:0.2505,China,0.9146,,,,,,,,25.5,0.9931,,70-100kg,0.9931,,118.5,0.9931,,7.7,0.9931,,30.4/30.1,0.9931,,All_Mountain,0.9459,All_Mountain:0.9459|All_Mountain_Freeride:0.0541,Salomon,0.9978,,2x4_Inserts,0.9931,,Tapered_Directional,0.9983,,153_156_159_159W_162_162W,0.9931,,2026,0.9978,,Unisex,0.9756,,BA_MD_Fiberglass,0.9931,,Snowboard,0.9998,,All_Mountain_Groomed_Offpiste_Powder,0.9914,,20.0,0.9931,,Board_feels_hard_on_approach_for_impromptu_sidehits,0.9620,,Yes,0.9368,,56.0,0.9931,,Good_edge_hold,0.9958,,BFX_Basalt,0.9931,,Recycled_ABS,0.9931,,,,,,,,Medium_Fast_great_initiation,0.9944,,Quadratic_Sidecut,0.9931,,,,,,,,8_of_10_damp,0.4014,8_of_10_damp:0.4014|Not_the_dampest:0.3096|Pretty_damp_locked_in:0.2890,,,,,,,,,,,,,87.2,0.9640,,,,,,,,Semi_Locked_In,0.9954,,,,
VrBN6Ou32u,thirtytwo_within_Nidecker_Group,Middle_Earth_Stevens_Pro_LTD_Snowboard,True_Medium_Camber,0.4834,True_Medium_Camber:0.4834|Traditional_Camber:0.2653|Hybrid_Camber:0.2514,10mm_Poplar_10mm_Paulownia_Bamboo_Rails,0.4233,10mm_Poplar_10mm_Paulownia_Bamboo_Rails:0.4233|10mm_Poplar_20mm_Paulownia_Bamboo_Rails:0.2935|20mm_Poplar_20mm_Paulownia_Bamboo_Rails:0.2832,1079.99,0.9974,,Available_thirtytwo_com_direct,0.9974,,CAPiTA_DOA_Burton_Custom_Endeavor_Pioneer_Spring_Break,0.9975,,8_4M_Sintered,0.9903,,,,,5.0,0.9515,,,,,,,,8.1_7.7_7.3_7.7_8.1m,0.9502,,Intermediate,0.9003,,,,,,,,Impact_Shield_Topsheet,0.9515,,Scott_Stevens,0.9997,,,,,SWS_Solico_Winter_Sport_Dubai,0.9996,,,,,,,,25.5,0.9502,,,,,118.0,0.9502,,,,,,,,Freestyle_All_Mountain,0.9270,,thirtytwo,0.9980,,2x4_Inserts,0.9707,,True_Twin_Twin_Tip,0.9985,,155cm_157cm_158cm_Wide,0.9975,,Season_2025_2026,0.5253,Season_2025_2026:0.5253|2027:0.1949|2025:0.1812|2026:0.0985,Mens,0.9085,,Triax_Fiberglass,0.3910,Triax_Fiberglass:0.3910|Biax_Fiberglass:0.3814|Both_Biax_and_Triax:0.2276,Snowboard,0.9974,,Park_Jib_All_Mountain,0.9202,,Centered,0.9974,,,,,Fast_Wend_Natural_Wax_eco_friendly,0.9003,,,,,Consistent_edge_hold,0.8538,,Twin_Carbon_Boost_Stringers,0.9980,,RailGuard_Sidewall_flexible_impact_resistant,0.9525,,,,,Hardened_Steel_Edge_modified_stronger,0.9512,,,,,Progressive_Five_Radius_Blend,0.9985,,No_Taper,0.9974,,T32M_FASE_Bindings_349_95_bundle_949_90,0.8800,,,,,,,,,,,,,,,,,,,,,,,,,,,,,,,
Vz2522zK3z,Bataleon_part_of_Nidecker_Group,Tornado_Beyond_Medals,Mostly_Camber,0.8264,Mostly_Camber:0.8264|Medium_Camber_with_SideKick_Low_Nose_Tail_Uplift:0.1736,Ultra_Light_Core_Poplar_Paulownia,0.9542,,1049.99,0.9000,,Bataleon_com_2026_all_sizes_sold_out,0.9890,,United_Shapes_Cadet_Korua_Otto_K2_Manifest_Yes_Typo_Jones_Frontier_etc,0.9702,,Ultra_Glide_S_7000_grade_sintered,0.9000,,65_86kg,0.7600,,8.0,0.9548,,2026,0.9804,,30.0,0.7600,,8.9_6.9_8.9m,0.7600,,Intermediate_Advanced,0.9000,,2_year_limited_warranty_manufacturing_defects,0.9974,,Easy,0.9660,,,,,Tor_Lundstrom_and_BYND_x_MDLS_crew,0.9969,,,,,SWS_Dubai,0.9713,SWS_Dubai:0.9713|Austria_Mothership:0.0255,Good,0.9660,,Good,0.9660,,25.4,0.7600,,71_91kg,0.7600,,118.9,0.7600,,9.1_7.1_9.1m,0.7600,,30.4,0.7600,,All_Mountain,0.9500,,Bataleon,0.9608,,2x4_Inserts,0.9000,,Directional_Twin_elongated_nose_squared_tail,0.9548,,151_154_156_158MW_159_161W_164W,0.8625,151_154_156_158MW_159_161W_164W:0.8625|153_156_159_160W:0.0755|151_153_156_158MW_160W:0.0621,2027,0.9500,,Mens,0.9543,,Tri_Ax_three_way_fiberglass_weave,0.8622,,Mens_Snowboard,0.9543,,Park_Groomers_Powder,0.9000,,,,,Very_limited_edge_hold_challenging_icy_snow,0.9776,,Plant_based_WEND_WAX_all_boards_2025_26,0.9579,,55.0,0.7600,,Medium_Soft_Snow,0.9660,,Carbon_Stringers_pop_edge_response_dampening,0.8622,,Urethane_Poured_FlexWalls_shock_absorption,0.9963,,Exceptional_Pop_super_lively_carbon_tubes_camber,0.9776,,A_grade_German_stainless_steel_28_inserts,0.8587,,Medium_Fast,0.9660,,Triple_radius_sidecut,0.9000,,,,,,,,Poor,0.9660,,Whatever_Beyond_Medals_variant,0.9804,,,,,45_day_returns_from_Bataleon_direct,0.9912,,Good,0.9660,,,,,Good,0.9660,,Excellent,0.9660,,Semi_Stable,0.9660,,Average,0.9660,
W52mkPZTDo,,T1,Cam_Out_Camber,0.9948,,PowerCore_II_Poplar_with_Beech_stringers,0.9968,,899.99,0.9018,,Preorder_shipping_May_2026,0.9018,,CAPiTA_DOA_true_twin_am_freestyle,0.9620,,Sintered_EcoSpeed_HD_recycled,0.9948,,60_80kg,0.9968,,7.0,0.9873,,2003,0.8414,,29.2,0.6667,29.2:0.6667|29.9:0.3333,8.2,0.9968,,Intermediate_Advanced,0.6311,Intermediate_Advanced:0.6311|Intermediate:0.3689,Free_from_defects_materials_workmanship,0.9890,,3.0,0.7309,,,,,Sam_Taxwood,0.9948,,,,,Built_with_100pct_solar_power,0.9702,,,,,,,,25.0,0.6667,25.0:0.6667|25.5:0.3333,65plus_kg,0.9968,,,,,8.6,0.9968,,29.4,0.6667,29.4:0.6667|29.6:0.3333,Freestyle_All_Mountain,0.9018,,Nitro_AG,0.9948,,2x4_Inserts,0.9018,,Twin_symmetrical,0.9948,,152_155W_155MW_158MW_158W,0.9018,,2027,0.9018,,Mens,0.9873,,Bi_Lite_Laminates_bidirectional,0.9968,,Snowboard,0.9948,,Park_All_Mountain,0.9018,,0.0,0.9948,,Happy_until_got_a_crack,0.7309,,Made_with_100pct_solar_power,0.9948,,48_60cm,0.9948,,,,,,,,Ureshred_Sidewalls_polyurethane,0.9948,,Super_nice_park_flats_tricks_killerrail_edges,0.7309,,Recycled_Railkiller_Edge_50pct_recycled_steel,0.9948,,Fun_responsive_turns_on_the_spot,0.9948,,Radial_single_radius,0.9948,,,,,Standard_2x4_not_channel,0.9018,,,,,,,,106.0,0.9968,,,,,,,,,,,,,,,,,,,,,,
WAmtBisp9i,Burton_Snowboards_founded_1977_Vermont,Custom_X,Traditional_Camber,0.9548,,Dragonfly_600G_strongest_lightest,0.9563,,769.99,0.9963,,Available_Burton_com,0.9914,,Capita_Mega_Mercury_hybrid_camber_better_powder,0.8031,,Sintered_WFO_high_density,0.9588,,68_91kg,0.9001,,8.0,0.8440,8.0:0.8440|7.5:0.1560,2004,0.9974,,30.05,0.9001,,7.8,0.9001,,Expert,0.9510,,1_year_warranty_against_defects,0.9963,,Special_ride_pop_but_chatter_technical,0.9620,,Lenticular_style_graphics_illusion_of_motion,0.8650,,Bruno_Penabranca,0.8329,,2720.0,0.9793,,Austria,0.9938,,Great,0.9620,,Poor,0.9620,,25.2,0.9001,,68_91kg,0.9001,,119.5,0.9001,,7.9,0.9001,,,,,All_Mountain,0.9940,,Burton,0.9985,,The_Channel_single_slot,0.9548,,Directional,0.9549,,150_154_156_158_162_158W_162W_166W,0.9201,,2025,0.9923,,Mens,0.9940,,,,,Snowboard,0.9019,,Steep_backcountry_competitions_high_speed,0.9001,,-12.5,0.9937,,Chatters_in_hard_uneven_snow,0.9620,,Yes_B_Corporation,0.9865,,53.0,0.9001,,Good_on_hard_snow,0.5946,Good_on_hard_snow:0.5946|Medium_lets_go_hard_patches:0.4054,45_degree_Carbon_Highlights_High_Voltage,0.9592,,,,,Exceptional_pop_off_jumps_and_turns,0.9986,,Frostbite_Edges_enhanced_edge_hold,0.8336,,Not_a_forte_less_nimble,0.9742,,,,,Zero_no_taper,0.8654,,All_major_brands_optimized_Burton_EST,0.8336,,6_out_of_10,0.5455,6_out_of_10:0.5455|Average:0.4545,,,,1245.0,0.8228,,,,,Not_recommended,0.9986,,91.5,0.9793,,Good,0.9620,,Excellent,0.9620,,Locked_in,0.9986,,Great,0.9620,
WJYliImzXL,CAPiTA_MFG,Spring_Break_Stairmaster,Park_V1_camber_to_zero_camber,0.8364,,Dual_Core_Poplar_Beech,0.9969,,899.99,0.8100,,Preorder,0.8100,,Ride_TwinPig,0.9617,,Superdrive_ADV_Sintruded,0.8364,,59-86kg,0.8100,,5.5,0.7101,5.5:0.7101|6.5:0.2899,2006_2007_season,0.9436,,29.9,0.8100,,8.1,0.8100,,Intermediate_to_Advanced,0.9517,,2_years_defects_only,0.9617,,Highly_positive_asked_to_keep,0.9517,,PLT_Topsheet_Technology_featherlight,0.7783,,Corey_Smith_Dr_Smith,0.9923,,,,,Austria_MotherShip_Feistritz,0.9969,,Good,0.9985,,Poor,0.9617,,25.5,0.8100,,63-90kg,0.8100,,1220.0,0.8100,,8.2,0.8100,,30.1,0.8100,,Freestyle_All_Mountain,0.9617,,CAPiTA,0.9963,,2x4_inserts,0.9556,,Twin_symmetrical,0.8100,,152_154_156_158_160_155W_158W,0.9853,152_154_156_158_160_155W_158W:0.9853|154_156_158_156W:0.0147,2027,0.8092,,Mens,0.6500,Mens:0.6500|Unisex:0.3500,Special_Blend_Fiberglass_Biax_Magic_Bean,0.9596,,Snowboard,0.9617,,Park_and_Resort,0.8100,,0_centered,0.9911,,Not_forgiving_for_beginners_camber_catches,0.9517,,100pct_clean_energy_hydro_solar,0.9617,,55.9,0.8100,,Hard_Snow,0.9617,,4x20mm_Carbon_Aramid_Boosters,0.9963,,ABS_sidewall,0.9062,,Excellent_press_lock_with_pop,0.8418,,None_standard_steel_edges_only,0.8638,,Medium_Fast,0.9617,,Radial_single_radius,0.8364,,0.0,0.9923,,,,,Good,0.9617,,,,,,,,,,,Good,0.9617,,,,,Good,0.9942,,Great,0.9617,,Semi_Locked_In,0.9617,,Good,0.9617,
Wc72amuQ4U,Burton_Snowboards_Inc,Counterbalance_Deco,Directional_Camber,0.9518,,Super_Fly_II_700G_dual_species_wood,0.9939,,759.99,0.9974,,In_stock,0.9511,,Amplid_Souly_Grail_K2_Alchemist_US_Cadet_Jones_Flagship_Pro_etc,0.9594,,Sintered_WFO_high_density_wax_infused,0.9530,,,,,8.0,0.5418,8.0:0.5418|6.5:0.4582,,,,,,,,,,Intermediate,0.9505,,Repair_or_replacement_at_Burton_discretion,0.9998,,Good,0.9594,,,,,Sophie_Sellstrom_art_deco_floral,0.9923,,,,,China_and_Austria,0.9025,China_and_Austria:0.9025|China:0.0975,Great,0.9646,,Good,0.9594,,,,,,,,,,,,,,,,,All_Mountain_Freeride,0.9939,,Burton,0.9948,,The_Channel_Burton_all_major_bindings,0.9530,,Tapered_Directional,0.9931,,142_146_150_154_154W_158_158W_162_162W,0.9948,,2026,0.9994,,Unisex,0.9577,,45_degree_Carbon_Highlights_tip_to_tail,0.9929,,Snowboard,0.9939,,Fresh_snow_groomers_off_piste_side_hits_park,0.9924,,neg2.5,0.9505,,Set_all_the_way_back_much_wider_than_reference,0.9517,,Reduces_carbon_footprint_50pct_vs_petroleum,0.9566,,,,,Hard_Snow_better_edge_hold_than_most_Burton,0.9673,,Dualzone_EGD_engineered_grain_direction,0.9560,,,,,Better_edge_hold_excellent_pop_less_chatter_great_daily_driver,0.9646,,Frostbite_Edges_extended_beneath_bindings,0.9548,,Medium_Fast,0.9594,,,,,8.0,0.9998,,Channel_compatible_all_major_brands_EST_only_with_Channel,0.9567,,,,,Combines_Deep_Thinker_Cartographer_original_Custom,0.5946,Combines_Deep_Thinker_Cartographer_original_Custom:0.5946|Replaces_Deep_Thinker_and_Free_Thinker:0.4054,,,,,,,Average,0.9542,,,,,Good,0.9594,,Great,0.9594,,Stable,0.9646,,Great,0.9594,
WcFu9U0WdM,Nitro_AG_Hunenberg_Switzerland,Phase,Cam_Out_Camber,0.9659,Cam_Out_Camber:0.9659|Hybrid_Camber:0.0341,PowerCore_tip_to_tail_Poplar,0.9976,,799.99,0.9278,,Preorder,0.9212,,Jones_Mountain_Twin_best_for_most_resort_riders,0.6035,,Premium_Extruded_FH_Base,0.9834,Premium_Extruded_FH_Base:0.9834|Sintered_Extruded_FH_Base:0.0166,55-75kg_120-165lb,0.9963,,6.0,0.9974,,2025_26_season_brand_new,0.9212,,298.0/298.0,0.9963,,9.9/6.5/9.9,0.9963,,Intermediate_Advanced,0.9995,Intermediate_Advanced:0.9995|Intermediate:0.0005,Defects_in_material_and_workmanship_original_purchaser,0.9840,,,,,,,,,,,,,,,,,Carves_clean_floats_fresh_snow_pops_side_hits,0.8108,,,,,,,,,,,,,,,,,,,,All_Mountain,0.9704,All_Mountain:0.9704|All_Mountain_Freeride:0.0296,Nitro,0.9963,,2x4_Inserts,0.9018,,Directional,0.8974,Directional:0.8974|Directional_Twin:0.1026,152mw_155mw_159mw_162w,0.9963,,2027_Season_2026_27,0.9983,,Mens,0.9050,,Bi_Lite_Laminates_biaxial,0.9964,,Snowboard,0.9963,,10.0,0.9963,,neg15.0,0.9963,,,,,Made_with_100pct_Solar_Power,0.9994,,48-60,0.9963,,,,,No_carbon_reinforcement_unlike_Alternator,0.9988,,ABS_Sidewall_35pct_recycled_polymers,0.9996,,Versatile_daily_snowboard,0.9985,,Recycled_Steel_Edge_50pct,0.9994,,,,,Dual_Degressive,0.9963,,,,,Nitro_Rambler_bindings,0.8639,,,,,,,,1090.0,0.9963,,14_day_return_unused_tagged_from_Foundry,0.9726,,,,,,,,,,,,,,,,,,,
WowzaDBiX1,Mervin_Manufacturing,Skunk_Ape,C2x_Directional,0.9890,,HP_60pct_Aspen_40pct_Paulownia,0.9914,,1169.99,0.9974,,,,,Ride_Warpig_Superpig,0.9662,,Sintered_Knife_Cut_Base,0.9890,,140+_lbs,0.9963,,7.0,0.9983,7.0:0.9983|6.0:0.0017,2008_2009_season,0.8955,,30.5/30.3,0.9974,,8.5,0.9974,,Intermediate_Advanced,0.8929,Intermediate_Advanced:0.8929|Intermediate:0.1071,,,,Fun_mountain_freestyle_ride_less_aggressive,0.8500,,Eco_Sublimated_Poly_Topsheet,0.9868,,Quincy_Quigg,0.9999,,,,,Handbuilt_in_USA,0.9123,,Pretty_good_for_hybrid_rocker,0.9416,,,,,,,,,,,,,,,,,,,,All_Mountain_Directional_Twin,0.5548,All_Mountain_Directional_Twin:0.5548|All_Mountain_True_Twin:0.4161|All_Mountain_Freeride:0.0291,Lib_Tech,0.9985,,2x4_Inserts,0.9940,,True_Twin,0.9524,True_Twin:0.9524|Directional_Twin:0.0476,157W_161W_165W_169W_163UW_170UW_173UW,0.9963,,2025_2026,0.9948,,Mens,0.9997,,Tri_Ax_Bi_Ax_Fiber_with_Basalt_Alloy,0.9868,,,,,All_mountain_powder_groomers_any_terrain,0.9890,,1.0,0.9963,,Edge_changes_not_as_quick_due_to_width,0.9317,,FSC_certified_wood_core,0.9742,,21.0-26.0_inches,0.9974,,Holds_edge_super_well_grips_icy_snow,0.9943,,UHMW_Tip_Tail_Impact_Deflection,0.9839,,Birch_Internal_UHMW_Sintered_Sidewall,0.9890,,Phenomenal_grip_for_carving,0.9620,,Magne_Traction_serrated_edges,0.9940,,Medium_fast_edge_to_edge,0.9579,,,,,,,,,,,Blasts_through_chunder_absorbs_chatter,0.9937,,,,,115.0,0.9974,,,,,,,,,,,,,,,,,,,,,,
Wq0ZFMTUIQ,Nidecker_family_owned_Swiss_company,Alpha,Surfy_CamRock,0.9976,,Poplar_and_Paulownia,0.9939,Poplar_and_Paulownia:0.9939|Poplar_Beech_Spruce_Paulownia:0.0061,849.99,1.0000,,Pre-order,0.9684,,CAPiTA_Kazu_Kokubo_Pro_closest_competitor,0.9195,,N-7000_Hybrid,0.9684,,70-90kg,0.9684,,6.0,0.9684,,2021-2022_season,0.9615,,30.0/29.6,0.9684,,7.8,0.9684,,Intermediate-Advanced,0.9550,,2yr_extendable_to_3yr,0.9997,,Versatile_directional_daily_driver_mellow_flex,0.9449,,Absorbnid_vibration_absorbing,0.9976,,Mat_Crepel,0.9998,,,,,,,,,,,,,,25.8,0.9684,,,,,119.0,0.9684,,,,,,,,All_Mountain,0.9557,,Nidecker,0.9999,,2x4_inserts_6_rows,0.9976,,Directional,0.9551,,153cm_158cm,0.9608,,2027,0.9533,,Mens,0.9423,,Biax_Plus,0.9608,,Snowboard,1.0000,,All_Mountain_groomed_offpiste_powder_carving_trees,0.9608,,2.0,0.9684,,Feels_washy_front_foot_weighting_spoon_nose_bleeds,0.9988,,1pct_of_sales_to_environmental_initiatives,0.9999,,54.0,0.9684,,,,,Pop_Carbon_strategic_carbon_fiber,0.9977,,,,,Healthy_camber_bow_lifted_sides_forgiving,0.9988,,,,,,,,,,,Moderately_tapered_directional,0.9449,,Compatible_with_any_binding,0.9654,,,,,,,,,,,,,,,,,,,,,,,,,,,,,,,
XXtqENZp3h,Never_Summer_Industries,Propaganda,Zero_Camber_flat,0.9980,,Ultralight_Core_Canadian_aspen,0.9224,Ultralight_Core_Canadian_aspen:0.9224|NS_Superlight_Wood_Core_custom_blend:0.0776,599.99,0.9449,,Available,0.9957,,CAPiTA_DOA_Defenders_of_Awesome,0.7483,,Durasurf_Sintered_4501,0.9957,,55-80kg,0.9346,,6.5,0.9976,,2010_2011,0.8108,,29.72,0.9940,,Vario_735,0.9940,,Beginner_to_advanced_jibbers,0.6249,,,,,Flex_5_intermediate_advanced_jib_priority,0.8108,,Poly_Thermo_Topsheet,0.9975,,,,,,,,Denver_Colorado_USA,0.9981,,,,,,,,25.1,0.5946,25.1:0.5946|25.5:0.4054,,,,125.0,0.9940,,,,,,,,Park_All_Mountain,0.8899,,Academy_Snowboards,0.9997,,Stainless_10mm_2x4_Inserts,0.9957,,True_Twin,0.9978,,146_149_152_156_154W_157W,0.9957,,2024,0.9997,,Mens,0.8899,,Bi_Lite_Fiberglass,0.7119,,Snowboard,0.9957,,Mountain_8_Pipe_7_Park_9_Street_10,0.9940,,,,,Waist_width_too_narrow_for_size_9_10_boots,0.7293,,None_explicitly_stated,0.6250,,,,,Edge_hold_without_being_catchy,0.7029,,Underfoot_Balancing_Stabilisers,0.7029,,Sintered_P_Tex_Sidewall,0.9957,,All_around_beast_destroys_park,0.7293,,Full_Wrap_Metal_Edges,0.9957,,,,,Vario_Power_Grip_Sidecut,0.9957,,,,,,,,Carves_chatter_free_rubber_dampening,0.6249,,,,,,,,,,,,,,,,,,,,,,,,,,,,
Xrqyf8xW1D,Salomon_SAS_Annecy_France,Indicator,Powder_Camber,0.9533,,Aspen_core_full_length_Birch_inserts,0.9533,,1049.99,0.9533,,In_stock_158cm,0.9608,,749.95,0.9190,,50pct_Recycled_Sintered_Base,0.9533,,,,,5.0,0.9992,,2027,0.9771,,29.7_30.5_corrected,0.7183,29.7_30.5_corrected:0.7183|29.7_20.5_reported:0.2817,,,,Intermediate-Advanced,0.9533,,Against_manufacturing_or_material_defects,0.9945,,,,,Olive_wood_veneer_premium_sustainable,0.9423,,Wolfgang_Nyvelt_shaper_rider_20yrs_Asmo_founder,0.9465,,,,,Factories_across_Europe_and_Asia_some_Made_in_China,0.8748,,,,,,,,25.8,0.9533,,,,,114.0,0.9533,,,,,30.0_30.8_corrected,0.7183,30.0_30.8_corrected:0.7183|20.0_30.8_reported:0.2817,Freeride-Powder,0.9533,,Salomon,0.9985,,2x4_Inserts,0.9533,,Tapered_Directional,0.9533,,149_153_157_160_163_166_170,0.9533,,2027,0.9985,,Mens_Womens_Unisex,0.8972,Mens_Womens_Unisex:0.8972|Mens:0.1028,BIAX_HD_Fiberglass,0.9533,,Snowboard,0.9985,,Freeride_Powder_Deep_snow,0.9533,,,,,Brand_new_model_no_prior_user_reviews_or_test_data,0.8716,,Sustainability_cornerstone_of_design_development,0.9341,,,,,,,,Popster_milled_core_varying_thickness,0.9976,,66pct_Recycled_ABS_Sidewalls,0.9533,,Dedicated_powder_performance_Powder_Camber_tapered_directional_mid_flex,0.9856,,,,,,,,Radial_Sidecut,0.9533,,,,,,,,,,,,,,,,,Local_store_limited_return_store_credit_no_refund,0.9245,,,,,,,,,,,,,,,,,,,
Xw8yyFV799,,Superpig,Directional_Extra_Camber,0.9282,,Performance_Core_Aspen_Bamboo_Paulownia,0.9963,,1049.99,0.9974,,Preorder_2027,0.9931,,YES_Hybrid_volume_shifted_directional,0.9278,,Sintered_Stone_Ground_Race_Base_carbon_infused,0.9839,,140_220plus_lbs_64_100plus_kg,0.9975,,8.0,0.7703,,2019_2020_season,0.9219,,321mm_311mm,0.9975,,5.6_6.9m,0.9975,,Intermediate_Advanced,0.9890,,3_year_warranty_original_purchaser,0.8234,,Fun_tapered_directional_short_wide_one_board_quiver,0.9449,,Topless_Topsheet_graphics_on_fiberglass,0.9839,,,,,Pretty_normal_touch_lighter_side_not_published,0.9449,,Guangzhou_Province_China,0.9852,,Great,0.9554,,Good,0.9554,,270.0,0.9975,,170_220plus_lbs_77_100plus_kg,0.9975,,1146.0,0.9974,,5.9_7.2m,0.9975,,328mm_318mm,0.9975,,All_Mountain,0.9963,,Ride_Snowboards,0.9963,,2x4_Inserts,0.9839,,Tapered_Directional,0.9890,,142_148_151_154_158,0.9974,,2027,0.9931,,Unisex,0.8234,,Carbon_Infused_Glass_Carbon_Array_5_Double_Impact_Plates,0.9839,,Snowboard,0.9963,,All_Mountain_Park_Powder,0.9963,,0.0,0.9975,,Not_fun_park_slow_base_wide_fatiguing,0.9449,,FSC_Certified_Materials_base_stickers_shipping_boxes,0.9777,,v559_22in_154,0.9975,,Medium_Snow,0.9554,,90deg_carbon_fibers_stitched_into_glass_pop_response,0.9963,,Carbon_Slimewalls_carbon_urethane_composite,0.9964,,Carves_harder_than_Warpig_centered_versatile,0.9449,,Cleave_Edge_Steel_50pct_more_steel,0.9839,,Medium_Slow,0.9554,,Tapered_Bi_Radial_Sidecut,0.9839,,10.0,0.9975,,,,,Good,0.9554,,,,,,,,,,,Average,0.9554,,,,,Good,0.9554,,Great,0.9554,,Stable,0.9554,,Average,0.9554,
YE75AiB2va,CAPiTA_Super_Corporation,The_Black_Snowboard_of_Death,Alpine_V1_Directional_plus_Flat_Kick_Tech,0.9608,,Thermopolymer_Hover_Core,0.9608,,1299.99,0.9958,,Preorder_2027,0.9948,,Korua_Otto_Mercury_YES_NSB_Jones_MT_K2_Manifest,0.9499,,Megadrive_XT_sintered_UHMW_carbon_fluro,0.9533,,59_86kg,0.9608,,6.5,0.8230,6.5:0.8230|7.0:0.1770,2001_02_season,0.9709,,29.6_29.5,0.9608,,8.2_7.8_7.6,0.9608,,Advanced_Expert,0.9128,Advanced_Expert:0.9128|Advanced:0.0872,NFC_based_serial_registration_available,0.9890,,Selected_for_Whitelines_100_2020_21,0.9278,,PLT_Technology,0.9608,,,,,,,,Austria_Feistritz_ad_Gail,0.9974,,,,,,,,25.6,0.9608,,,,,1197,0.9608,,,,,,,,All_Mountain_Freeride,0.9948,,CAPiTA,0.9958,,2x4_Inserts,0.9608,,Tapered_Directional,0.9940,,156_159_162_157W_161W,0.6707,156_159_162_157W_161W:0.6707|156_159_162_157W_161W_165W_169W:0.3293,2027,0.9958,,Mens,0.9948,,Holysheet_Tri_Tri_Fiberglass,0.9608,,Snowboard,0.9958,,All_Mountain_and_Freeride,0.9608,,2.0,0.9608,,Not_for_playful_riding_park_or_ground_tricks,0.9405,,Certified_B_Corporation_score_98_9,0.9871,,55.9,0.9608,,Good_in_good_snow_not_best_on_ice,0.9499,,4x20mm_Fairmat_Carbon_Amplifiers,0.9533,,Full_ABS1000_Sidewalls,0.8989,,Carving_was_one_of_its_strengths,0.9499,,,,,,,,New_Age_Progressive_plus_Death_Grip,0.9608,,,,,,,,,,,,,,,,,,,,,,,,,,,,,,,,,,,,,
YHkc5wG2xz,Never_Summer_Industries_Inc,Proto_Slinger,Shock_Wave_Rocker_Camber,0.9910,,NS_Superlight_Wood_Core_Poplar_Paulownia_Birch,0.9332,,664.99,0.9503,,Available,0.9912,,Feels_like_higher_end_faster_GNU_Money,0.9620,,Durasurf_XT_Sintered_5501,0.8334,Durasurf_XT_Sintered_5501:0.8334|Durasurf_Sintered_4501:0.1666,63_90plus_kg,0.9205,,4.0,0.9934,,2020_2021_season,0.9742,,29.8,0.9205,,Vario_818_736,0.9205,,Intermediate_to_Advanced,0.9212,,3_Year_Warranty_defects_materials_workmanship,0.9712,,Very_recommendable_evolved_Funslinger_newer_camber,0.9946,,Co_Extruded_Polymer_Topsheet_durable_lightweight,0.9332,,Sam_Anderson,0.9494,Sam_Anderson:0.9494|Sam_Klein:0.0506,,,,Denver_Colorado_USA_handcrafted,0.9997,,Impressive_carving_easy_turn_initiation_effortless,0.9956,,Can_float_moderate_snow_limited_in_deep_powder,0.9940,,25.3,0.9205,,,,,119.0,0.9205,,,,,,,,Freestyle,0.9907,,Never_Summer_Industries,0.9910,,2x4_Inserts,0.9360,,Asymmetrical_Twin,0.9917,,149_153_156_154W_157W,0.9896,,2025_2024_2025_season,0.9910,,Mens,0.9883,,Bi_Lite_Fiberglass_lightweight_strong,0.9332,,Snowboard,0.9039,,Freestyle_Park_All_Mountain,0.9907,,0.0,0.9907,,On_the_pricey_side,0.9620,,,,,,,,Grippy_very_locked_in_icy_conditions,0.9951,,Carbon_VXR_Laminate_Technology_torsional_pop,0.9332,,Sintered_UHMW_Polyethylene_Sidewalls,0.9573,,Very_easy_to_ride_steers_underfoot_turn_on_dime,0.9620,,Full_Wrap_Metal_Edge,0.8896,,Best_for_shorter_tighter_medium_turns,0.9579,,Asym_Vario_Power_Grip_Sidecut_multiple_radii,0.9332,,0.0,0.9205,,,,,,,,Funslinger,0.9977,,,,,,,,,,,,,,,,,,,,,,,,,
YerKncJ6rf,,Highpath,Rock_Out_Camber,0.9999,,Aspen_Select_FSC_certified,0.9581,,629.99,0.9974,,Sold_out,0.9948,,Burton_Instigator_NS_Hammer_Korua_Otto_TL_DT_Yes_Basic_Cardiff_Lynx,0.9620,,50pct_Recycled_Sintered_EG_Electra_Gallium,0.9300,,60-95kg,0.9300,,Stiff,0.9692,,FW22_23,0.9991,,298/301mm,0.9300,,,,,Intermediate_to_Expert,0.6838,Intermediate_to_Expert:0.6838|Intermediate-Advanced:0.2786|Advanced:0.0376,2_years,0.9912,,,,,Castor_bean_bio-based_topsheet,0.9524,,Nils_Mindnich_and_Victor_Daviet,0.9865,,,,,China,0.9620,,Good_locked-in_holds_carve_high_speed,0.9416,,Good_decent_float_less_than_expected,0.9569,,255.0,0.9300,,70-100kg,0.9300,,1185.0,0.9300,,,,,301/304mm,0.9300,,All-Mountain_Freeride,0.9412,,Salomon,0.9991,,2x4_Inserts,0.9300,,Tapered_Directional,0.9974,,146_150_153_156_159_162_159W_162W_165W,0.9489,146_150_153_156_159_162_159W_162W_165W:0.9489|156_159_162_159W_162W:0.0511,2025,0.9868,,Unisex,0.9981,,BA_MD_Glass_Biaxial_Medium_Density,0.8359,,Snowboard,0.9991,,All_Mountain_Powder_carving_side_hits,0.9948,,20.0,0.9300,,Bucked_bounced_in_uneven_wet_spring_snow,0.9620,,28pct_bio_50pct_recycled_base_20pct_recycled_edges,0.9974,,,,,Excellent_grip_hard_snow,0.9977,,Bamboo_veneers_reduce_fiberglass_resin_40pct,0.8006,,Recycled_ABS_Sidewalls,0.9300,,Very_versatile_one-board_quiver,0.9620,,,,,Medium_Fast,0.9620,,Quadratic,0.8542,,4.0,0.4860,4.0:0.4860|3.0:0.4800|2-20_range:0.0340,,,,Not_dampest_but_pretty_damp_carving_moderate_overall,0.9891,,Salomon_Ultimate_Ride,0.8228,,,,,,,,good_jib,0.9620,,,,,Good_alright_on_groomers_not_speed_board,0.9569,,great_j,0.9620,,Semi-Locked_In,0.9620,,great_p,0.9620,
YmBH4HNLYB,Never_Summer_Industries,Valhalla,Triple_Camber_Hybrid,0.9969,,NS_SuperLight_Wood_Core_Poplar_Paulownia_Birch,0.9962,,1049.99,0.9954,,147_153_in_stock_156_160_164_sold_out,0.9962,,Jones_Flagship_ranked_1_freeride_flex_8_directional_rocker,0.9175,,Durasurf_XT_Sintered_5501_Base,0.9962,,63_90kg,0.9839,,8.5,0.9969,,2023_2024_season_model_year_2024,0.9808,,30.5_29.8cm,0.9962,,Vario_722,0.9962,,Intermediate_Advanced,0.9931,,Free_of_defects_in_material_and_workmanship,0.9962,,,,,Co_Extruded_Polymer,0.9962,,,,,,,,Denver_Colorado_USA,0.9808,,,,,,,,25.9,0.9962,,72_100kg,0.9839,,118.0,0.9962,,Vario_756,0.9962,,30.8_30.1cm,0.9962,,Hard_Charging_Freeride,0.9969,,Never_Summer,0.9968,,2x4,0.9962,,Directional,0.9969,,147_153_156_160_164cm,0.7558,147_153_156_160_164cm:0.7558|153_156_160cm:0.2442,2027,0.9912,,Mens,0.9973,,Full_Recluse_Carbon_Web_STS_Pretensioned_Fiberglass_BiLite,0.9962,,Snowboard,0.9963,,10.0,0.9931,,25.0,0.9962,,Definitely_not_for_beginners_requires_aggressive_riding,0.8947,,Prides_on_sourcing_materials_from_US_as_possible,0.7979,,535.0,0.8899,,Best_in_class_edge_hold_hardpack_ice,0.8947,,Full_length_carbon_web_tip_to_tail_powerful_snap,0.9490,,Sintered_UHMW_Polyethylene,0.9962,,Very_stiff_and_stable_at_speed,0.8947,,RIP_Edge_Hold_Technology_Rocker_Integrated_Performance,0.9865,,Requires_some_effort_edge_to_edge,0.7925,,Five_different_radii_extra_contact_points,0.8197,,7.0,0.9962,,,,,Some_chatter_underfoot_on_corn_gravel_snow,0.7703,,,,,,,,,,,,,,Ranked_2_out_of_27_freeride_boards,0.9175,,,,,,,,,,,,,
YngwBvpjlV,Bataleon_Snowboards_Low_Pressure_Studio,Whatever,Medium_Camber_3BT_SideKick,0.9988,,Light_Core_50_50_Poplar_Paulownia,0.9968,,949.99,0.9984,,Pre-order,0.9974,,Ride_Shadowban_hybrid_camber_quiver_killer,0.9186,,Hyper_Glide_S_sintered,0.9968,,71-91kg,0.9963,,5.0,0.9280,5.0:0.9280|4.0:0.0720,Approximately_2010-2011_season,0.9974,,30.4,0.9963,,7.61,0.9963,,Intermediate,0.9963,,,,,Smooth_forgiving_lively_responsive_catch-free,0.9490,,,,,,,,2940.0,0.9465,,Austria,0.5766,,,,,,,,25.9,0.9963,,,,,120.3,0.9963,,,,,,,,All-Mountain_Freestyle,0.9991,,Bataleon,0.9987,,2x4_Inserts,0.9963,,Directional_Twin,0.9988,,144_148_151_154_157_156W_159W_162W,0.9974,,2027,0.9991,,Unisex,0.9969,,Bi-Ax_biaxial_fiberglass,0.9968,,Snowboard,0.9987,,Groomers_Park_Powder,0.9963,,0.0,0.9996,,Gets_wobbly_unstable_at_higher_speeds,0.9951,,Flip_Flop_Base_minimizes_waste_offcuts,0.9921,,51.0-63.0cm,0.9963,,Decent_in_good_conditions_struggles_hardpack_ice,0.9951,,Carbon_Stringers,0.9968,,Urethane_Flex_Walls,0.9966,,3BT_dramatically_reduces_edge_catch,0.9984,,Reduces_edge_catch_maintains_ollie_carving,0.9983,,Smooth_forgiving_effortless_edge_to_edge,0.9870,,,,,,,,Standard_non_Burton_EST,0.9176,,Urethane_sidewalls_reduce_chatter_vibration,0.9984,,,,,,,,45_day_returns,0.9945,,,,,85.6,0.9341,,,,,,,,,,,,,
Z4Q0GblKxU,Nidecker_family_owned_Swiss_company_Rolle,Beta,Surfy_CamRock_camber_between_feet_rocker_tip_tail,0.9963,,Master_Core_poplar_paulownia,0.9637,Master_Core_poplar_paulownia:0.9637|Master_Core_poplar_beech_spruce_paulownia:0.0363,849.99,0.9974,,Preorder,0.9974,,YES_PYL_Burton_FA_Jones_Flagship_Rossignol_XV_LibTech_BRD_etc,0.9140,,N_7000_Hybrid_extruded_sintered_durability,0.9975,,65_to_90kg,0.7826,65_to_90kg:0.7826|60_to_80kg:0.2174,4.0,0.9965,,2022_season_2021_22,0.5335,,292.0,0.9963,,7.6,0.9975,,Intermediate_Advanced,0.9963,,2_year_warranty_extendable_to_3_years,0.9923,,Powerful_hard_carving_front_foot_ride_transforms_floaty_in_pow,0.9346,,Absorbnid_vibration_absorbing_smooth_ride,0.9923,,,,,,,,,,,,,,,,,256.0,0.9975,,,,,1180.0,0.9975,,,,,,,,Freeride_Powder,0.9963,,Nidecker,0.9995,,2x4_Inserts_6_rows,0.9965,,Tapered_Directional,0.9963,,151_157_162_165W,0.7500,151_157_162_165W:0.7500|157_162:0.2500,2027,0.9963,,Unisex_Mens_listed_under_mens,0.9726,,Biax_Plus_90deg_weave_enhanced_power_transfer,0.9923,,Snowboard,0.9995,,Powder_Freeride_Backcountry,0.9963,,40.0,0.9975,,No_fun_ice_hard_snow_3D_nose_squirrelly,0.6786,,Made_from_most_sustainably_sourced_timber,0.9923,,540.0,0.9975,,Adequate_not_special_works_except_hard_snow_ice,0.9346,,Premium_Sandwich_Construction_carbon_stringers,0.9923,,,,,Super_smooth_floaty_feeling_in_powder,0.6786,,,,,Excels_narrow_s_turns_build_speed_hard_groomer_carves,0.9346,,,,,10.0,0.9963,,,,,,,,,,,1030.0,0.9963,,30_day_return_minus_14_99_shipping_discounted_final,0.9923,,,,,,,,,,,,,,,,,,,
Z5ADFyMD1V,Mervin_Manufacturing,Mayhem_Ripper_2027,Traditional_positive_camber,0.9954,,OP_75pct_Aspen_25pct_Paulownia_TriAx_BiAx,0.9944,,1199.99,0.9930,,Preorder_not_yet_released,0.9660,,Burton_Custom_Camber_679_95,0.8571,,Sintered_Knife_Cut_Base,0.9726,,50_plus_kg_110_plus_lbs,0.9660,,6.0,0.9646,6.0:0.9646|7.0:0.0354,2024_2025_season,0.7763,,29.9,0.6339,29.9:0.6339|29.7:0.3661,8.0_8.3_8.0,0.9660,,Intermediate_Advanced,0.9660,,Structural_defects_only,0.9462,,,,,Eco_Sublimated_Poly_Topsheet,0.9660,,Matt_Mayhem_Biolos_Lost_Surfboards,0.9945,,2760.0,0.9608,,Sequim_Washington_USA,0.9175,,,,,,,,25.7,0.6339,25.7:0.6339|25.5:0.3661,60_plus_kg_130_plus_lbs,0.9660,,,,,8.0_8.3_8.0,0.9660,,30.4,0.6339,30.4:0.6339|30.2:0.3661,Freestyle_All_Mountain,0.9726,,Lib_Tech,0.9945,,2x4_Inserts,0.9726,,True_Twin,0.9994,,153cm_156cm_159cm,0.9726,,2027,0.9726,,Mens,0.9726,,Tri_Ax_Bi_Ax_Fiber,0.9660,,Snowboard,0.9816,,Resort_Park,0.9660,,0.0,0.9726,,Catchy_feel_one_of_more_catchy_boards,0.9219,,Zero_hazardous_waste_production,0.9517,,20.25_to_25.0_inches,0.9660,,Suitable_for_icy_snow_conditions,0.9315,,3way_fiber_snap_decrease_vibrations,0.9212,,Birch_Internal_plus_UHMW_Sintered,0.9930,,Super_responsive_fast_edge_to_edge,0.8244,,No_Magne_Traction_traditional_edges,0.9948,No_Magne_Traction_traditional_edges:0.9948|Magne_Traction_serrated_edges:0.0052,,,,Progressive_twin_sidecut,0.9947,,,,,All_standard_2x4_excludes_Burton_3D_EST,0.9930,,Below_average_chattery_feel,0.9315,,Lib_Tech_Mayhem_Rad_Ripper,0.7763,,113.0,0.9660,,,,,Not_recommended_catchy_not_agile,0.9245,,72.8,0.9423,,,,,,,,Locked_in,0.9315,,,,
Z6PFaeBlBM,,Huck_Knife_Pro,Quad_Camber_camber_dominant,0.9974,,Ghost_Green_Core_Paulownia_wood,0.9300,,692.99,0.9948,,Closeout_limited_availability,0.9022,,Capita_DOA_HK_softer_more_jib_friendly,0.8690,,Sintered_EG_Electra_Gallium,0.6477,,55-75kg,0.9948,,Very_Stiff,0.9346,,2017,0.9022,,295.0,0.9948,,,,,Advanced_Expert,0.8603,Advanced_Expert:0.8603|Intermediate_Advanced:0.1397,2_years_manufacturer_defects,0.6465,,,,,Graphics_dont_look_great_ride_compensates,0.7899,,Dusty_Henricksen_and_Sven_Thorgren,0.6976,,,,,Altenmarkt_Austria_AMER_factory,0.8197,,,,,,,,255.0,0.9948,,65-90kg,0.9948,,1216.0,0.9948,,,,,298.0,0.9948,,High_performance_freestyle,0.9607,High_performance_freestyle:0.9607|Park_and_Freestyle:0.0393,Salomon,0.9985,,2x4_Inserts,0.9300,,True_Twin_symmetrical_centered,0.6477,,153_156_156W_159_159W,0.8050,153_156_156W_159_159W:0.8050|149_153_156_156W_159_159W:0.1950,2025,0.9974,,Mens,0.6465,,Triax_BA_MD_Glass_European_fiberglass,0.9945,,Snowboard,0.9974,,Park_Street_Sidehits,0.5324,Park_Street_Sidehits:0.5324|Terrain_parks_and_urban:0.4676,0.0,0.9948,,Catchy_if_not_on_edge_demands_performance,0.9062,,30pct_bio_based_molecular_from_plants,0.6054,,,,,Strong_predictable_even_on_firm_ice,0.8720,,Ghost_Carbon_Beams_tip_tail_pop_stability,0.9945,,ABS_Sidewalls_Gunslinger_carbon_inlays,0.8856,,Excellent_pop_energy_return_carbon_beams,0.9062,,,,,,,,EQ_Rad_Sidecut_equalizer_radial_blend,0.6477,,,,,,,,,,,Salomon_Huck_Knife_standard,0.9022,,,,,,,,,,,,,,,,,,,,,,,,,
ZVutVOH5yg,Nidecker_Group_NDK,Rally_Cat,True_Camber_Jones,0.9974,,Master_Core_dual_density_1to1_Poplar_Paulownia,0.9974,,849.99,0.9974,,Preorder,0.9890,,Capita_Space_Metal_Fantasy_Jones_Airheart_K2_Coldshoulder_Gnu_Velvet,0.9524,,Sintered_8000_UHMWPE_carbon_ultra_fast_durable,0.9994,,49_73kg_110_160lbs,0.9948,,3.0,0.6754,3.0:0.6754|4.0:0.2477|6.0:0.0769,2025_season,0.9479,,Equal_tip_and_tail_width_all_sizes_eg_288mm,0.9963,,8.0,0.9963,,Beginner_Intermediate,0.9868,,2_plus_1_year_warranty,0.9974,,Very_recommendable_ride_didnt_want_to_return_demo,0.9742,,Premium_Topsheet_durable_scratch_resistant,0.9963,,Inaki_Odriozola,0.9963,,2700.0,0.9963,,Dubai_UAE_SWS_Factory,0.9940,,,,,,,,252.0,0.9974,,,,,1150.0,0.9458,1150.0:0.9458|1154.0:0.0542,8.9,0.9963,,,,,All_Mountain,0.9890,,Jones_Snowboards,0.9984,,2x4_Inserts_Standard_Pack,0.9963,,Directional_Twin,0.9900,Directional_Twin:0.9900|True_Twin:0.0100,151_154_155W_156_158_159W_161_162W_166W_170W,0.9877,151_154_155W_156_158_159W_161_162W_166W_170W:0.9877|151_154_155W_156_158_159W_162W:0.0123,2027,0.9890,,Mens,0.9890,,Biaxial_Fiberglass_dual_layer_dual_directional,0.9963,,Snowboard,0.9991,,All_Mountain_Casual_Cruising_Freestyle_Park,0.9836,,20.0,0.9974,,Not_most_stable_at_high_speeds,0.9681,,100pct_solar_power_since_2020_89pct_CO2_drop,0.9973,,540.0,0.9877,540.0:0.9877|580.0:0.0123,,,,,,,Recycled_ABS_rounded_finish_deflects_impact,0.9963,,Excellent_value_all_primary_Jones_tech_features,0.9317,,Medium_Traction_Tech_strategic_contact_points,0.9414,,,,,Progressive_Sidecut,0.8740,,0.0,0.9974,,,,,,,,,,,106.4,0.9963,,New_unused_within_30_days_buyer_covers_return,0.9974,,,,,,,,,,,,,,,,,,,
ZZn9P07a0u,Never_Summer_Industries,V_Twin,Triple_Camber_Hybrid,0.9462,,NS_SuperLight_Poplar_Paulownia_Birch,0.9979,,1049.99,0.9462,,Preorder,0.9462,,CAPiTA_DOA_true_twin_flex6_camber_park_549,0.7743,,Durasurf_XT_Sintered_5501_graphite_infused,0.9917,,63_90kg_140_200lbs,0.9462,,6.0,0.9462,,2025,0.9405,,308.0,0.9462,,771.0,0.9462,,Intermediate_Advanced,0.9462,,3_year_limited_warranty_manufacturer_defects,0.9963,,Easy_turning_playful_forgiving_exceptional_grip,0.9654,,Co_Extruded_Polymer_scratch_chip_resistant_stomp_pad,0.9462,,Tracey_Canaday_co_founder,0.9799,,3120.0,0.9754,,Denver_Colorado_USA_handcrafted,0.9997,,,,,,,,256.0,0.9462,,68_90kg_150_200lbs,0.9462,,1220.0,0.9462,,780.0,0.9462,,305.0,0.9462,,Freestyle_All_Mountain,0.9462,,Never_Summer,0.9923,,2x4_Inserts,0.9462,,True_Twin,0.9462,,153cm_157cm_160cm,0.9462,,2027_FW_2026_27,0.9923,,Mens,0.9462,,Bi_Lite_Fiberglass_STS_ultralight,0.8982,,Snowboard,0.9923,,All_Mountain_Freestyle_Freeride,0.9462,,0.0,0.9462,,Not_for_bombing_high_speed_carving_deep_powder,0.9978,,,,,,,,Close_to_10_out_of_10_more_than_trad_camber,0.9972,,Full_Recluse_Carbon_Web_20deg_torsional_longevity,0.9991,,UHMW_Polyethylene,0.9462,,Hooks_but_doesnt_catch_forgiving_of_skewed_landings,0.9992,,RIP_Edge_Hold_Technology_wave_base_high_pressure,0.9462,,Super_easy_almost_too_easy_board_turns_before_ready,0.9635,,Power_Grip_Sidecut_Vario_multiple_radii,0.9462,,0.0,0.9462,,,,,Some_tip_tail_chatter_at_high_speed_quiets_at_feet,0.9991,,,,,,,,,,,,,,86.7,0.9754,,,,,,,,,,,,,
aU2qFOCVPH,Burton_Snowboards_founded_1977,Family_Tree_Smooth_Operator,Directional_Camber_rocker_nose_camber_back,0.9614,,Dragonfly_600G_Core,0.9834,Dragonfly_600G_Core:0.9834|Super_Fly_600G_Core:0.0166,1199.99,0.9501,,Burton_com_US_Available_899_95,0.9839,,Korua_Dart_Cafe_Racer_Weston_Japow_Moss_Gentemstick_etc,0.9793,,Sintered_WFO,0.9510,,68-91kg,0.9301,,6.5,0.6799,6.5:0.6799|5-8_range:0.3201,New_to_Family_Tree_2026_first_year,0.9994,,29.06_28.06,0.9301,,8.8,0.9301,,Intermediate_Advanced,0.9002,,3_year_warranty_from_purchase_date,0.9976,,Highlight_of_Burton_testing_snowsurf_fun_springy,0.9865,,Audubon_bird_themed_topsheets_2026,0.9966,,Masanori_Takeuchi,0.9976,,,,,Austria_Keil_facility_Uttendorf,0.9991,,Great,0.9793,,Great,0.9793,,25.1,0.9301,,,,,117.5,0.9301,,,,,,,,All_Mountain_Powder,0.8313,,Burton,0.9999,,The_Channel_single_channel_system,0.9509,,Tapered_Directional,0.9532,,144_148_152_156_160_164,0.8642,144_148_152_156_160_164:0.8642|152_156_160_164:0.1358,2026,0.9991,,Unisex,0.9517,,45_degree_Carbon_Highlights_tip_to_tail,0.9532,,Snowboard,0.9991,,10.0,0.9608,,-12.5,0.9937,,Channel_base_hard_to_wax_and_scrape,0.9793,,FSC_Certified_C124994,0.8720,,54.0,0.9301,,Medium_snow_competent_firm_not_amazing,0.9793,,Yes_tip_to_tail_carbon_layer,0.9062,,,,,Really_fun_to_turn_tighter_radius_than_expected,0.9793,,,,,Fast,0.9793,,,,,10.0,0.9923,,All_Channel_compatible_bindings_best_with_EST,0.9060,,,,,Family_Tree_Sensei_by_Takeuchi,0.8108,,,,,,,,Poor,0.9793,,,,,Good,0.9793,,Good,0.9793,,Stable,0.9793,,Good,0.9793,
aiSeM4Zayv,Jones_Snowboards_Nidecker_US_Inc,Freecarver_6000s,True_Camber_full_tip_to_tail,0.9974,,Power_Core_triple_density_Bamboo_Paulownia_Poplar,0.9974,,1149.99,0.9974,,Available,0.8619,Available:0.8619|Pre_order:0.1381,Nidecker_Blade_Plus_699_95_stiffness_8_10,0.9466,,Sintered_8000_Base,0.8589,Sintered_8000_Base:0.8589|Sintered_9900_Base:0.1411,130_180lbs_59_82kg,0.9963,,6.0,0.9866,,2023_24_winter_season,0.9853,,32.8,0.9963,,6.5,0.9963,,Intermediate_to_Expert,0.9955,,Extended_warranty_via_product_registration,0.9940,,The_Good_Ride_independent_tested_on_154cm,0.9681,,FSC_Ash_Wood_Veneer,0.6120,FSC_Ash_Wood_Veneer:0.6120|Premium_Topsheet_updated:0.3880,Jeremy_Jones,0.9974,,6.6,0.8824,6.6:0.8824|6.16:0.1176,Dubai_UAE_SWS_factory,0.9968,,Excellent,0.9793,,Average,0.9758,,26.3,0.9974,,150_200plus_lbs_67_91plus_kg,0.9963,,1280.0,0.9963,,6.7,0.9963,,,,,Carving_All_Mountain,0.6707,Carving_All_Mountain:0.6707|Directional_freeride_carver:0.3293,Jones_Snowboards,0.9974,,2x4_Inserts_Standard_Pack,0.9974,,Tapered_Directional,0.9974,,150N_150_154N_154_158N_158_162,0.9790,150N_150_154N_154_158N_158_162:0.9790|154cm_158cm:0.0210,2027,0.9948,,Unisex,0.9974,,Biax_Fiberglass_dual_layer_dual_directional,0.9974,,Snowboard,0.9974,,Carving_Race_Boardercross_Freeride_All_Mountain,0.9970,,40.0,0.9963,,Very_one_dimensional_not_daily_driver_not_ideal_powder,0.9681,,1pct_for_the_Planet_Fair_Trade_certified,0.9912,,56.0,0.9963,,Icy_Snow_near_excellent_grip,0.9793,,BComp_Carbon_Flax_Stringer,0.9695,BComp_Carbon_Flax_Stringer:0.9695|Basalt_Power_Stringers_100pct_natural:0.0305,Recycled_ABS,0.9963,,Amazing_circle_carver_near_excellent_grip_poppy_flex_quiver,0.9681,,Traction_Tech_3_0_three_bumps_per_edge,0.9322,,Medium_Slow,0.9721,,Progressive_Sidecut,0.6672,,9.0,0.9963,,Standard_2x4_compatible_all_major_bindings,0.9955,,,,,,,,122.0,0.9963,,30_days_unused_buyer_pays_return,0.9963,,Poor,0.9758,,,,,Good,0.9758,,Good,0.9758,,Locked_In,0.9793,,Poor,0.9758,
avLVK2Z434,Never_Summer_Industries_Denver_Colorado_USA,Llama,Triple_Camber_Recurve_with_RIP_Edge_Hold,0.9533,,NS_SuperLight_Wood_Core_Poplar_Paulownia_Birch,0.9533,,1049.99,0.9423,,Available_preorder_Melbourne_Snowboard_Centre,0.9978,,Salomon_Huck_Knife,0.8856,,Durasurf_XT_Sintered_5501_graphite_infused,0.9533,,,,,4.0,0.9608,,2026,0.9315,,,,,,,,All,0.9461,All:0.9461|Intermediate:0.0539,3_year_limited_warranty_defects,0.9945,,,,,Co_Extruded_Polymer_Topsheet_builtin_stomp_pad,0.9533,,Jimbo_Phillips_Santa_Cruz_CA,0.9991,,,,,Denver_Colorado_handcrafted,0.9840,,Good,0.9726,,Average,0.9726,,,,,,,,,,,,,,,,,Freestyle_All_Mountain,0.9910,,Never_Summer,0.9910,,2x4_Inserts,0.9533,,Asymmetrical_Twin,0.9939,,,,,2027,0.9910,,,,,Bi_Lite_Fiberglass_STS_Pre_Tensioned,0.9533,,Snowboard,0.9910,,6.0,0.9923,,Centered_all_sizes,0.9533,,Less_pop_vs_Proto_Slinger,0.9660,,Majority_of_materials_sourced_from_USA,0.8136,,,,,Near_excellent_grip,0.7333,Near_excellent_grip:0.7333|Quite_good:0.2667,Carbon_VXR_Laminate_carbon_V_inserts_to_edge,0.9533,,UHMW_Sidewalls_Ultra_High_Molecular_Weight_PE,0.9533,,Stable,0.9660,,Fullwrap_Metal_Edge,0.9533,,Medium_Fast,0.9726,,Power_Grip_Sidecut_multiple_radii_flat_middle,0.9589,,0.0,0.9533,,Any_standard_2x4_binding,0.9533,,,,,Proto_Slinger,0.9937,,,,,30_day_returns_new_unused_direct_purchase,0.9945,,Great,0.9726,,,,,Good,0.9726,,Great,0.9726,,Stable,0.9726,,Great,0.9726,
aymsCkOTgs,CAPiTA_Snowboards_founded_Seattle_2000,Aeronaut,Alpine_V3_Directional_7mm_traditional_camber,0.9976,,Panda_Hover_Core_Paulownia_Poplar_Bamboo_Power_Rods,0.9976,,1199.99,0.9963,,Closeout_many_sizes_sold_out,0.9138,,Amplid_Souly_Grail_Korua_Otto_K2_Manifest_Yes_Typo_Jones_Frontier_others,0.9571,,Hyperdrive_ADV_XT_sintered_PE_extra_thick,0.9974,,56-83kg,0.9963,,6.0,0.5937,6.0:0.5937|7.0:0.4063,2024,0.9022,,29.2/28.7cm,0.9963,,8.4/7.4m,0.9963,,Advanced_Expert,0.8597,Advanced_Expert:0.8597|Advanced:0.1403,2yr_structural_defects_only,0.9704,,Stay_lower_end_weight_poppy_better_lighter_riders,0.9571,,PLT_Technology_Metallic_Screen_with_Metallic_Underlay,0.9959,,Arthur_Longo_Rocket_Man,0.9998,,,,,The_MotherShip_Feistritz_Austria,0.9925,,Great,0.9571,,Average,0.9571,,25.0,0.9963,,72-99kg,0.9963,,1215.0,0.9963,,,,,,,,All_Mountain_Freeride,0.9391,,CAPiTA,0.9977,,2x4_Inserts,0.9963,,Tapered_Directional,0.9974,,153_155_157_159_161cm,0.9963,,2026,0.9977,,Mens,0.9199,,Holysheet_Tri_Bi_triaxial_above_biaxial_below,0.9974,,Snowboard,0.9977,,Resort_laps_fresh_groomers_firm_conditions_side_hits,0.9138,,2.0,0.9546,,Bucks_a_lot_in_uneven_soft_snow,0.9943,,100pct_clean_energy_hydroelectric_solar,0.9994,,55.9,0.9963,,Medium_Snow,0.9571,,3x25mm_CarbonFlax_Amplifier,0.9549,,,,,Super_versatile_handles_variety_conditions_styles,0.9101,,,,,Fast,0.9571,,Progressive_two_or_more_radii,0.8488,,5.0,0.9490,,Save_15pct_pairing_CAPiTA_with_Union_bindings_ERIKS,0.9138,,,,,,,,,,,,,,Average,0.9571,,,,,Good,0.9571,,Great,0.9571,,Semi_Locked_In,0.9571,,Good,0.9571,
b8hNkXMv2o,Nitro_AG_Hunenberg_Switzerland,Optisym,Cam_Out_Camber,0.9964,,Powercore_II_Poplar_Beech,0.9964,,799.99,0.9783,,Preorder,0.9783,,Arbor_Danny_Kass_Park_Pro_stiffer_549_95,0.9341,,Sintered_EcoSpeed_HD_Base,0.9964,,60-80kg,0.9923,,6.0,0.9974,,2022,0.7895,,299.0,0.9923,,9.0/5.6/9.0,0.9964,,Intermediate_Advanced,0.7515,Intermediate_Advanced:0.7515|Beginner_Intermediate:0.2245,2_year_limited_warranty,0.9997,,Freestyle_park_board_rips_on_mountain,0.6397,,,,,,,,,,,Playmaker_factory_Taiwan,0.8479,,,,,6.5,0.9341,,255.0,0.9923,,65+kg,0.9923,,,,,,,,302.0,0.9923,,Freestyle_All_Mountain,0.9783,,Nitro,0.9968,,2x4_Inserts,0.9783,,Asym_Twin,0.9964,,146mw_149mw_153mw_156mw_159mw,0.9542,146mw_149mw_153mw_156mw_159mw:0.9542|149_153_156:0.0403,2027,0.9968,,Mens,0.9783,,Bi_Lite_Laminates,0.9964,,Snowboard,0.9968,,10.0,0.9923,,0.0,0.9964,,Not_for_Aggressive_Carver,0.9341,,32.2_kg_CO2,0.9964,,46-58cm,0.9923,,8.0,0.9341,,Powerwall_Ureshred_sidewall_in_core_heelside,0.9018,,Ureshred_Polyurethane_Sidewalls,0.9964,,Well_Rounded_Park_All_Mountain_Board,0.9341,,Recycled_Railkiller_Edges_50pct_recycled_steel,0.9964,,,,,Dual_Degressive,0.9964,,,,,,,,,,,,,,1090.0,0.9923,,,,,,,,85.5,0.9341,,8.5,0.9341,,,,,,,,,,
bKCMKtaFSN,Burton_Corporation_founded_1977,Rewind,PurePop_Camber,0.6849,PurePop_Camber:0.6849|Camber_Rocker:0.3151,Super_Fly_800G_dual_species_wood_core,0.9567,,639.99,0.8427,,In_stock_available,0.9955,,Capita_Ultrafear_2026_549_95,0.9190,,Sintered_durable_superior_wax_absorption,0.8177,,54_82kg,0.9091,,1_to_4_range,0.5410,1_to_4_range:0.5410|2.5:0.4590,Listed_in_2020_Burton_lineup,0.7526,,294.2,0.9091,,7.5,0.9091,,Beginner_to_Intermediate,0.4430,Beginner_to_Intermediate:0.4430|Intermediate:0.3956|Intermediate_to_Expert:0.1614,3_year_warranty_from_purchase_date,0.8715,,Good_for_high_intermediate_to_advanced_fast_twin_freestyle,0.9081,,Spray_paint_on_cardboard_punk_graffiti,0.8720,,,,,,,,Keil_factory_Austria_RD_Burlington_VT,0.9219,,,,,Slowed_in_powder_prefers_groomed_harder_snow,0.9222,,251.0,0.9091,,68_91kg,0.9091,,1185.0,0.9091,,7.7,0.9091,,297.2,0.9091,,All_Mountain_Park,0.5600,,Burton,0.9965,,The_Channel_all_major_bindings_best_with_EST,0.9525,,True_Twin,0.9564,,140_145_148_151_155_158cm,0.8571,,2026,0.9953,,Unisex,0.8613,,Womens_Specific_Triax_Fiberglass_torsionally_softer,0.8177,,Snowboard,0.9923,,Park_Freestyle,0.9967,,0.0,0.9533,,,,,B_Corporation_first_snowboard_company,0.9871,,560.0,0.9091,,Great_connection_holds_edge_well_hard_semi_icy,0.9222,,Carbon_I_Beam_ultralight_backbone,0.8824,,,,,,,,Off_Axis_Frostbite_Edges_extended_sidewall_bite,0.8177,,,,,Single_radius_per_size_6_6m_to_7_7m,0.8824,,,,,,,,,,,Previously_womens_specific_now_unisex_2026,0.9207,,,,,,,,Not_for_beginner_jibbers_needs_experience,0.9222,,,,,Board_wants_faster_most_playful_at_speed,0.9222,,Super_stable_jumps_spins_not_for_beginners,0.9222,,Feels_semi_locked_in_more_aggressive_despite_soft_flex,0.9222,,,,
bi0hABFxYL,,Team_Pro,True_Camber_traditional,0.9957,,PowerLite_ultra_lightweight_poplar,0.9957,,999.99,0.9548,,EMPIRE_CAD_719_95_2027_in_stock,0.9245,,Burton_Custom_directional_twin_full_camber,0.4878,,Sintered_Speed_Formula_II,0.9957,,60-80kg,0.9957,,8.0,0.9574,8.0:0.9574|7.0:0.0426,Team_Pro_multiple_years_2027_for_2026_27_season,0.7965,,295/295,0.9957,,11.3/7.3/11.3,0.9957,,Advanced_to_Expert,0.9979,,Nitro_warrants_original_purchaser_defect_free,0.6742,,,,,,,,Marcus_Kleveland_dedicated_MK_version,0.8571,,,,,,,,,,,,,,250.0,0.9957,,65-85kg,0.9957,,,,,11.7/7.3/11.7,0.9957,,297/297,0.9957,,Freestyle_All_Mountain,0.9406,,Nitro,0.9957,,2x4_Inserts,0.9406,,Directional_Twin,0.9991,,146_149_152_155_157_159_162cm,0.9957,,2027,0.9406,,Mens_Unisex,0.8092,,Bi_Lite_Laminates_two_direction_fibres,0.9940,,Snowboard,0.9957,,All_Mountain,0.9940,,"""-15.0""",0.9957,,Too_stiff_especially_start_of_season,0.6923,,Made_with_100pct_solar_energy_700KW,0.9990,,46-58,0.9957,,Strong_edge_hold_dual_degressive_camber,0.5010,,Carbon_Tape_single_strip,0.9000,Carbon_Tape_single_strip:0.9000|Diamond_Band_tip_to_tail_stringers:0.1000,ABS_35pct_recycled_cold_resistant,0.9940,,Stable_and_damp_at_speed,0.7935,,Strong_durable_multiple_sharpenings,0.9940,,,,,Dual_Degressive_Sidecut_loose_playful,0.9940,,,,,Any_standard_or_mini_disc_binding,0.8255,,,,,Nitro_Team_standard_EcoSpeed_HD,0.9140,,1170.0,0.9957,,,,,,,,,,,,,,,,,,,,,,
bpxrVBkB2J,Burton_Snowboards_Burlington_VT_B_Corp,Blossom,Traditional_Camber,0.9983,,Super_Fly_II_700G,0.9983,,679.99,0.9974,,Available_burton_com,0.9827,,CAPiTA_DOA_463_96_hybrid_camber_twin_flex_5_5,0.9662,,Recycled_Sintered_WFO,0.9983,,54-82kg,0.9963,,7.5,0.9323,7.5:0.9323|6-9:0.0532|3-6:0.0145,2022,0.9809,,29.3,0.9963,,7.7,0.9963,,Intermediate_to_Advanced_Expert,0.9992,,3_year_warranty_Channel_boards,0.9967,,,,,Playful_frog_stencil_bright_lily_pad,0.9923,,Zeb_Powell_Luke_Winkelmann_Brock_Crouch_Zoi_Sadowski_Synnott_Niels_Schack,0.9997,,2900.0,0.9548,,,,,,,,,,,251.0,0.9963,,68-91kg_150-200lbs,0.9963,,118.5,0.9963,,7.9,0.9963,,29.7,0.9963,,Freestyle_All_Mountain_Freestyle,0.9974,,Burton,0.9986,,The_Channel_micro_adjustable,0.9985,,True_Twin,0.9983,,144_149_152_155_158_162cm,0.9974,,2026,0.9986,,Unisex,0.9969,,Triax_Fiberglass,0.9983,,Snowboard,0.9906,,10.0,0.9963,,0.0,0.9992,,Too_much_for_beginners_most_intermediates,0.9864,,Super_Sap_Epoxy_50pct_carbon_reduction,0.9983,,56.0,0.9963,,Good,0.9462,,Dualzone_EGD,0.9925,,,,,,,,Frostbite_Edges_enhanced_edge_hold,0.9963,,4.0,0.9462,,Single_radius,0.9963,,,,,EST_and_all_major_brands,0.9932,,6.0,0.9462,,Burton_Paramount,0.9577,,,,,,,,3.0,0.9462,,87.2,0.9462,,4.0,0.9462,,4.5,0.9462,,,,,,,
bqRVetx7i8,,Fintwin,Cam_Out_Camber,0.9948,,PowerCore_tip_to_tail_Poplar,0.9948,,799.99,0.9742,,Available,0.9662,Available:0.9662|Low_stock_backordered:0.0337,Korua_Transition_Finder_Stratos,0.5818,Korua_Transition_Finder_Stratos:0.5818|Jones_Storm_Chaser:0.2685,Premium_Extruded_FH_Base,0.9948,,60_plus_kg,0.9513,,7.0,0.9948,,2020,0.7241,2020:0.7241|2021:0.2759,32.0,0.9513,,8.9_6.6m_progressive,0.9513,,Advanced,0.8520,,,,,,,,EcoGuard_90pct_post_industrial_recycled,0.9173,,Bryan_Fox_and_Tommy_Delago,0.5195,,Feels_normal,0.9517,,Taiwan_Playmaker_factory,0.5327,Taiwan_Playmaker_factory:0.5327|Austria:0.3874,Good,0.9594,,Great,0.9594,,25.9,0.9513,,,,,,,,,,,,,,Freeride_Powder,0.9507,,Nitro,0.9507,,2x4_Inserts,0.8520,,Tapered_Swallowtail,0.9948,,149cm_Wide_154cm_Wide,0.9948,,2026,0.9959,,Unisex,0.8861,,Bi_Lite_Laminates_two_direction_fibers,0.9948,,Snowboard,0.9507,,Powder_trees_deep_snow,0.9984,,neg2.0,0.9513,,Narrow_over_back_foot_inserts_narrow,0.9517,,Green_Speed_Natural_Wax_100pct_biodegradable,0.9173,,50_to_62cm,0.7531,,Hard_Snow_capable,0.9594,,,,,ABS_Sidewall_flexible_impact_resistant,0.9948,,Great_in_uneven_snow_for_short_wide,0.9517,,Recycled_Steel_Edge,0.9948,,Medium_Fast,0.9594,,Progressive_Sidecut,0.9948,,4.0,0.8867,4.0:0.8867|3.9:0.1133,,,,Rubbery_shock_absorbent_chatter_resistant,0.9524,,,,,111.5,0.9513,,,,,Poor,0.9594,,,,,Average,0.9594,,Average,0.9594,,Stable,0.9594,,,,
bsef1VWgif,,Blossom,Traditional_Camber,0.9944,,Super_Fly_II_700G,0.9832,,879.99,0.9974,,Rhythm_Snowsports_2027_model_available,0.9281,,Yes_Jackpot_cheaper_jumps_edge_hold,0.9412,,Sintered_WFO,0.9812,,54-82kg,0.9200,,6.5,0.6733,6.5:0.6733|4.5:0.1441|7.5:0.0845|6.0:0.0576|7.0:0.0404,2022,1.0000,,29.3,0.9200,,7.7,0.9200,,Intermediate-Advanced,0.9688,,Three_year_warranty,0.9191,,,,,Weathered_thermochromic_graphic_by_Niels_Schack,0.8161,,Zeb_Powell_and_Luke_Winkelmann,0.9980,,2900.0,0.9923,,,,,,,,,,,25.1,0.9200,,68-91kg,0.9200,,118.5,0.9200,,7.9,0.9200,,29.7,0.9200,,Freestyle-All_Mountain,0.9000,,Burton,0.9889,,The_Channel,0.9790,,True_Twin,0.9815,,144_149_152_155_158_162cm,0.9937,,2027,0.9602,,Unisex_Gender_neutral,0.9475,,Triax_Fiberglass,0.9766,,Snowboard,0.9889,,10.0,0.9200,,0.0,0.9200,,,,,,,,56.0,0.9200,,Good_on_hardpack_and_ice,0.9933,,Carbon_I_Beam,0.9812,,,,,,,,Frostbite_Edges,0.9888,,,,,,,,,,,,,,,,,,,,,,,,,,,,,87.2,0.9923,,,,,,,,,,,,,
bzqEAxcLdM,Mervin_Manufacturing,Mayhem_Rad_Ripper,Traditional_Camber_C3,0.9979,,75pct_Aspen_25pct_Paulownia,0.9368,,959.99,0.8000,,Listed_available,0.8128,,Mayhem_Rocket_659.99,0.8208,,Sintered_Knife_Cut_Base,0.9963,,110plus_lbs_50plus_kg,0.9948,,6.0,0.9401,6.0:0.9401|7.0:0.0599,,,,29.9,0.9386,29.9:0.9386|29.7:0.0614,8.0-8.3-8.0m,0.9948,,Advanced_to_expert_park_or_all_mountain_freestyle,0.8209,,1_year_manufacturer_warranty_structural_defects_only,0.9990,,,,,,,,Matt_Mayhem_Biolos,0.9923,,2760.0,0.8509,,Carlsborg_Washington_USA,0.9948,,,,,,,,25.7,0.9497,25.7:0.9497|25.5:0.0503,130plus_lbs_60plus_kg,0.9948,,,,,8.0-8.3-8.0m,0.9948,,30.4,0.9386,30.4:0.9386|30.2:0.0614,All_Mountain_Freestyle_Twin,0.9974,,Lib_Tech,0.9991,,2x4_Inserts,0.7500,,True_Twin,0.9975,,153cm_156cm_159cm,0.9974,,2025-2026,0.9974,,Mens,0.7500,,Tri_Ax_Bi_Ax_Fiberglass,0.9427,,Snowboard,0.9991,,,,,0.0,0.9974,,,,,FSC_pure_certified_wood_cores,0.9839,,20.25in-25in_0_setback,0.9948,,Good_on_ice_with_Magne_Traction,0.9400,,,,,Birch_Internal_UHMW_Sintered,0.8231,,,,,Magne_Traction,0.9912,,,,,Progressive_twin_sidecut,0.9974,,,,,,,,,,,Second_year_Rad_Ripper_first_was_2024_2025,0.8861,,113.0,0.9948,,30_days_for_returns,0.5980,,,,,72.8,0.8509,,,,,,,,,,,,,
cGQS0loLxm,Low_Pressure_Studio_Nidecker_Group,Goliath,Medium_Camber_with_3BT_and_SideKick,0.9974,,,,,1079.99,0.8502,,Preorder_estimated_May_2026,0.8502,,Jones_Mountain_Twin_better_edge_hold,0.8899,,Ultra_Glide_S_sintered_7000,0.9957,,67-87kg,0.9940,,6.0,0.9975,,Approximately_2004,0.8108,,29.7/29.7,0.9940,,7.85,0.9940,,Progressing_all_conditions,0.4631,Progressing_all_conditions:0.4631|Low_intermediate_OK:0.3334|Intermediate_to_advanced:0.1336|Intermediate:0.0698,2_plus_1_year_warranty,0.9940,,Rides_almost_like_true_twin_centred_feel,0.9380,,,,,,,,Lighter_than_average,0.9982,,Austria_CAPiTA_Mothership,0.8462,Austria_CAPiTA_Mothership:0.8462|Asia_Titan_or_Saudi_Arabia:0.1538,,,,,,,25.4,0.9940,,75-95kg,0.9940,,120.2,0.9940,,7.97,0.9940,,30.9/30.9,0.9940,,All_Mountain,0.8295,,Bataleon,0.9940,,2x4_inserts,0.8295,,Directional_Twin,0.9974,,153_156_159_158W_161W_164W_167W,0.9940,,2027,0.8295,,Mens,0.9940,,Tri_Axial_lamination,0.9940,,Snowboard,0.9940,,Powder_Park_Groomers,0.8295,,2.875,0.9449,,Trouble_holding_edge_in_hard_snow_sketchy,0.9380,,,,,51.0-63.0,0.9940,,Very_catch_free,0.8989,,Carbon_Stringers,0.9940,,Flex_Walls_Urethane_Poured_Sidewalls,0.9940,,Good_float_TBT_helps_despite_camber,0.9449,,,,,Very_easy_quick_edge_to_edge,0.9081,,,,,,,,Standard_2x4_compatible_non_Burton_EST,0.8108,,,,,,,,,,,45_day_returns,0.9940,,,,,,,,,,,,,,,,,,,
cRYhKd71A7,Rome_Snowboards_Waterbury_VT,Agent_Pro,Fusion_Camber,0.9998,,SuperPop_Poplar_Paulownia,0.9418,,1129.99,0.9406,,Preorder,0.9406,,NS_Protosynthesis_Yes_Greats_Stone_Message_Lib_Box_Knife_Yes_Basic_Ride_TwinPig,0.9594,,SinterSpeed_Base,0.9998,,61-79_kg,0.8537,61-79_kg:0.8537|67-87_kg:0.1463,7.0,0.9756,7.0:0.9756|6.0:0.0244,2024_season,0.9908,,,,,8.11,0.9963,,Advanced_to_Expert,0.7315,Advanced_to_Expert:0.7315|Advanced:0.2685,2yr_limited_3yr_with_registration,0.9999,,Very_special_Mtn_Freestyle_easy_butter_carve_ollie,0.9726,,,,,,,,Light_side_of_normal,0.9434,,SWS_Boards_Dubai,0.9961,,Great,0.9726,,Average,0.9594,,25.7,0.9975,,,,,121.9,0.9975,,,,,,,,Freestyle_All_Mountain,0.9406,,Rome_SDS,0.9986,,2x4_Inserts,0.9308,,True_Twin,0.9998,,148_151_154_155W_157_158W_160_161W,0.9975,,2027,0.9854,,Mens,0.9963,,Biax_Upper_Glass,0.9308,,Snowboard,0.9986,,7.0,0.9965,,0.0,0.9963,,Not_that_forgiving,0.9594,,,,,533_4mm_ref_49_3_61_3cm_range,0.9950,,Hard_snow_competent_not_specialist,0.9594,,Twin_Single_Carbon_Omega_HotRods,0.9998,,Twin_Flax_Walls,0.9978,,Next_level_buttering_exceptional_pop_damp_as_Agent,0.9594,,,,,Medium_Fast,0.9594,,Radial_Sidecut,0.9998,,0.0,0.9965,,2x4_pattern_most_modern_bindings_compatible,0.7396,,,,,Rome_Agent,0.9517,,114.9,0.9963,,45_day_return,0.9945,,Good,0.9594,,,,,Good,0.9594,,Excellent,0.9726,,Semi_Locked_In,0.9726,,Great,0.9726,
cVAb0LOBkf,Nidecker_Group,Mens_Disaster,Low_Camber_3BT_SideKick,0.9726,,Core_Core_full_poplar_beech_stringers,0.9946,,839.99,0.9726,,Preorder_estimated_May_1_2026,0.9660,,CAPiTA_DOA_allmt_freestyle_twin_hybrid_camber_580usd,0.8639,,Hyper_Glide_S_sintered,0.9726,,72-92kg,0.9726,,2.0,0.9393,2.0:0.9393|3.0:0.0607,2012_2013_season,0.4199,,30.8,0.9771,,8.5_7.0_8.5,0.9771,,Intermediate,0.9660,,2_year_limited_warranty_manufacturing_defects,0.9948,,Whitelines_100_Best_Snowboard_Gear_2021_22,0.9278,,,,,Rixon_pro_model,0.9660,,2880.0,0.9554,,Asia_China_or_Saudi_Arabia,0.5302,Asia_China_or_Saudi_Arabia:0.5302|Austria_CAPiTA_Mothership:0.4698,,,,,,,25.3,0.9771,,67-87kg,0.9726,,119.8,0.9771,,8.5_7.0_8.5,0.9771,,29.9,0.9771,,Freestyle_Park,0.9660,,Bataleon,0.9840,,2x4_Inserts,0.9726,,True_Twin,0.9726,,151_154_157_153W_156W,0.9726,,2027,0.9660,,Mens,0.9660,,Bi_Ax_biaxial_fibreglass,0.9992,,Snowboard,0.9660,,Park_Rails_Jumps_Groomers,0.9726,,Centered,0.9991,,Does_not_carve_well_skids_at_speed,0.9449,,,,,55.0,0.9771,,Seems_to_wash_out_on_ice_chattery_at_speed,0.3509,,,,,Flex_Walls_urethane_poured,0.9726,,About_as_uncatchy_as_it_gets_3BT_eliminates_edge_catches,0.9449,,Triple_Base_Technology_3BT,0.9726,,Extremely_easy_just_think_about_turning,0.9449,,Tri_radial_three_radius,0.9726,,,,,Standard_2x4_compatible_all_major_brands,0.9726,,,,,,,,,,,45_day_returns,0.9892,,,,,89.7,0.9449,,,,,,,,,,,,,
cx7VleNkz6,,Warpig,Directional_Zero_Camber_flat_rocker,0.9974,,Aspen_Bamboo_Paulownia,0.9963,,949.99,0.9955,,Available_2027,0.8716,,Lib_Tech_Orca_better_edge_hold_less_park,0.9044,,Sintered_4000_PTEX_Stone_Ground,0.9974,,140_220plus_lbs,0.9974,,6.0,0.9044,,2016_17_season,0.9617,,321.0,0.9963,,5.6m_6.9m,0.9974,,Beginner_Intermediate_Advanced,0.9963,,3yr_structural_defect,0.9315,,Designed_to_ride_6_10cm_shorter,0.9186,,Topless_graphics_on_fiberglass,0.9974,,,,,,,,China,0.5556,,Medium_sized_mellow_carves_not_aggressive,0.9044,,,,,270.0,0.9974,,,,,1146.0,0.9963,,,,,,,,All_Mountain,0.9974,,Ride_Snowboards,0.9974,,2x4_Inserts,0.9940,,Tapered_Directional,0.9974,,142_148_151_154_158,0.9974,,2027,0.9940,,Unisex,0.8836,,Hybrid_Glass_triax_top_biax_base,0.9974,,Snowboard,0.9974,,All_Mountain_Park_Powder,0.8160,All_Mountain_Park_Powder:0.8160|All_Mountain_Powder_lean_toward_float:0.1840,0.0,0.9974,,Not_ideal_for_hard_icy_conditions,0.8255,,30pct_recycled_steel_in_edges,0.9963,,v559s,0.9963,,Better_than_expected_for_flat_profile,0.9141,,Carbon_Array_3_three_carbon_stringers,0.9974,,Slim_Walls_3D_composite_Slimewall_urethane,0.9963,,Feels_incredibly_stable_underfoot,0.9044,,Cleave_Edge_Steel_50pct_more,0.9963,,,,,Tapered_Bi_Radial_Sidecut,0.9974,,10.0,0.9190,,,,,Damper_feel_less_chatter_and_vibrations,0.9207,,,,,,,,,,,,,,4.2,0.9044,,,,,,,,,,,,,
dPhHewTgQT,Salomon_SAS_Annecy_France,Sight,Cross_Profile_camber_rocker,0.9925,,Aspen_Strong_FSC_CNC_high_density,0.9524,,649.99,0.9974,,Melbourne_Snowboard_Centre_in_stock,0.9974,,Burton_Instigator_Cultivator,0.9728,,Electra_harder_extruded_compound,0.9925,,65-90kg,0.9931,,4.0,0.7590,4.0:0.7590|5.0:0.2410,2013,0.9268,,29.9/29.6,0.9525,,,,,Intermediate-Advanced,0.5785,Intermediate-Advanced:0.5785|Beginner-Advanced:0.2975|Beginner-Intermediate:0.1240,2yr_limited_materials_craftsmanship,0.9848,,Very_good_entry_level_mellow_brother_to_Effect,0.9620,,,,,,,,Feels_Normal,0.9524,,,,,Good,0.9524,,Poor_requires_back_leg_effort,0.9524,,252.0,0.9525,,70-90kg,0.9931,,118.0,0.9525,,,,,30.4/30.1,0.9931,,All-Mountain,0.9922,,Salomon,0.9954,,2x4_Inserts,0.9599,,Tapered_Directional,0.9925,,147_150_153_155W_156_158W_159_162W_166W,0.9534,,2026,0.9954,,Mens,0.9870,,BA_MD_medium_density,0.7225,BA_MD_medium_density:0.7225|BA_LD_low_density:0.2775,Snowboard,0.9954,,All-mountain_freeride_one_board_quiver,0.9450,,19.8mm,0.6127,19.8mm:0.6127|neg10mm:0.3873,,,,FSC_certified_wood_core,0.9293,,,,,Medium_Snow,0.9524,,Royal_Cork_Rails_4mm_ABS_damping,0.9978,,Recycled_ABS_sidewalls,0.9268,,,,,Recycled_edges,0.9146,,Medium_Fast,0.9524,,Quadratic_sidecut_elliptic_curves,0.9925,,2-20mm_taper,0.9620,,Standard_insert_pattern,0.9579,,Good,0.9524,,Salomon_Ace,0.9524,,,,,,,,Average,0.9524,,,,,Poor_extruded_base_soft_flex,0.9524,,Good_pop_stable_takeoff,0.9524,,Stable_camber_forgiving,0.9524,,Good_beginner_pipe,0.9524,
dxMgXergiQ,Jones_Snowboards_Nidecker_US_Inc,Mens_Tweaker_2.0,True_Camber,0.9963,,Master_Core_1to1_Poplar_Paulownia_sustainably_sourced,0.9963,,949.99,0.9963,,Pre_order_expected_arrival_early_June_2026,0.9836,,Burton_Process_similar_AM_versatility,0.9140,,Sintered_8000_UHMWPE_carbon_fast_durable,0.9963,,59-82kg,0.9890,,4.0,0.9948,,2022_23_season_first_park_freestyle_Jones,0.9979,,30.0,0.9890,,7.6,0.9890,,Intermediate_to_Expert,0.9937,,2_year_warranty_plus_1_free_year_extension,0.9945,,Fun_loose_playful_prefers_moderate_speeds_maneuverability,0.9219,,Premium_Topsheet_durable_scratch_resistant,0.9963,,Jimmy_Goodman,0.9923,,2800.0,0.9853,,Dubai_SWS_Board_Technology,0.9987,,Carves_well_not_pushed_hard_edge_wash_at_speed,0.9219,,Decent_in_light_powder_not_deep,0.9219,,25.4,0.9890,,,,,121.6,0.9890,,,,,,,,Freestyle_All_mountain_freestyle,0.9925,,Jones_Snowboards,0.9771,,2x4_inserts,0.9963,,True_Twin_symmetrical,0.9963,,146_149_151_154_156_157W_159_160W_162,0.8713,146_149_151_154_156_157W_159_160W_162:0.8713|154_156_157W_160W:0.1287,2027,0.9940,,Mens,0.9963,,Biaxial_Fiberglass,0.9963,,Snowboard,0.9963,,10.0,0.9836,,0.0,0.9896,,Not_stable_at_speed_wobbly_above_moderate,0.9219,,Fair_Trade_Certified_first_snowboard_brand,0.9923,,56.0,0.9890,,Traction_Tech_standout_icy_conditions_top_east_coast_park,0.9062,,BComp_Carbon_Flax_Stringer_pop_chatter_absorption,0.9969,,Recycled_ABS_rounded_finish_reduces_chipping,0.9963,,Very_little_catch_risk_3D_contour_lifted_edges_soft_torsional,0.9219,,Traction_Tech_3.0_three_bumps_per_edge,0.9997,,Super_easy_turn_initiation_effortless_slashes,0.9219,,Progressive_radius_more_aggressive_near_contact_points,0.9062,,0.0,0.9963,,,,,,,,Jones_Tweaker_original_2022_23,0.9490,,114.0,0.9853,,30_day_returns_new_unused_buyer_covers_shipping,0.9853,,,,,,,,,,,,,,,,,,,
eGtv1qTIAr,,Skunk_Ape_Camber,Camber_Directional,0.9000,,HP_60pct_Aspen_40pct_Paulownia,0.9995,,1169.99,0.9371,,Preorder,0.9300,,Burton_Custom_X_Wide,0.7534,,Sintered_Knife_Cut_Base,0.8800,,140_plus_lbs,0.9957,,7.0,0.9760,7.0:0.9760|6.0:0.0240,2025_season,0.8443,,30.5_30.3,0.9957,,8.5,0.9957,,Intermediate_Expert,0.9091,Intermediate_Expert:0.9091|Intermediate_Advanced:0.0909,,,,Semi_Hard,0.9865,,Eco_Sublimated_Poly_Topsheet,0.8800,,Quincy_Quigg,0.9957,,Feels_Heavy,0.9865,,Sequim_WA_USA,0.9985,,full_tgr_ratings,0.9865,,,,,26.8,0.9957,,145_plus_lbs,0.9957,,,,,v8_5_161,0.9957,,30.8_30.5,0.9974,,All_Mountain,0.9997,,Lib_Tech,0.9998,,2x4_Inserts,0.8800,,Directional_Twin,0.9997,,157W_161W_163UW_165W_169W_170UW_173UW,0.9981,,2027,0.9945,,Mens,0.8307,,Tri_Ax_Bi_Ax_Fiber_with_Basalt_Alloy,0.9342,,Snowboard,0.9963,,,,,1.0,0.9974,,Technical_and_catchy_due_to_full_camber,0.9793,,FSC_certified_core,0.9999,,21in_26in_setback_1in,0.9957,,,,,UHMW_Tip_Tail_Impact_Deflection,0.9948,,Birch_internal_vertical_end_grain,0.8800,,Amazing_grip_epic_pop_handles_uneven_snow,0.9793,,Magne_Traction_7_serrations,0.9855,,Medium,0.9865,,,,,,,,,,,,,,,,,115.0,0.9957,,,,,,,,,,,,,,,,,Locked_In,0.9865,,,,
eHoaVaRvOu,5th_Element_Gear_independently_owned,Grid,Flat_Rocker_EZ_Rocker,0.9963,,Poplar_wood,0.9963,,399.99,0.8800,,Listed_availability_varies,0.7655,,Nitro_Prime_Raw_2026_349_95,0.9620,,Strong_base_easy_to_care_for,0.8200,,70-100kg,0.8500,,Soft_forgiving,0.9948,,,,,209mm_201mm,0.8500,,8.4,0.8500,,Beginner_to_intermediate,0.9931,,2_year_warranty_manufacturer_defects,0.9984,,,,,,,,,,,,,,,,,,,,,,,250.0,0.8500,,80-110kg,0.8500,,1208.0,0.8500,,v8_5_b,0.8500,,210mm_202mm,0.8500,,Beginner,0.8500,,5th_Element,0.9963,,4x4,0.8616,,Directional_Twin,0.9633,Directional_Twin:0.9633|True_Twin:0.0316,148_151_154_157_158W_161_164W_166W,0.8500,,Available_since_at_least_2022_2023_season,0.8836,,Mens_Unisex_Adult,0.6458,,,,,Snowboard,0.9991,,all_mountain_terrain,0.9931,,Centered_stance,0.6954,,,,,,,,,,,Moderate_edge_hold,0.5500,,,,,,,,,,,,,,EZ_Rocker_eases_turn_initiation,0.6954,,,,,,,,,,,,,,,,,,,,,,,,,,,,,,,,,,,,,,,,
eoq4Dj1tuM,,Disaster_Plus,Low_Camber_3BT_SideKick,0.9984,,Light_Core_50_50_Paulownia_Poplar,0.9986,,1039.99,0.9423,,Available,0.9974,,CAPiTA_Horrorscope_GNU_Head_Space_Ride_Twinpig,0.9828,,Hyper_Glide_S_sintered,0.9986,,70-90kg,0.9984,,4.0,0.6948,4.0:0.6948|3.0:0.3052,2023,0.8720,,30.8,0.5056,30.8:0.5056|30.9:0.4944,7.8,0.9315,,Intermediate_to_Advanced,0.8518,Intermediate_to_Advanced:0.8518|Advanced:0.1482,2_plus_1_Year,0.9923,,Whitelines_100_selected_2020_21_2021_22,0.9970,,New_shape_marked_2025_26,0.9868,,Mikey_B,0.9579,,,,,Austria_Mothership,0.9867,Austria_Mothership:0.9867|China_or_Saudi_Arabia:0.0133,,,,,,,25.3,0.5056,25.3:0.5056|25.2:0.4944,72-92kg,0.9984,,119.8,0.5056,119.8:0.5056|119.1:0.4944,7.8,0.9315,,29.9,0.5056,29.9:0.5056|29.3:0.4944,Freestyle,0.9757,,Bataleon,0.9979,,2x4_Inserts,0.9315,,True_twin_symmetric,0.9986,,148_151_154_157_153W_156W,0.7534,148_151_154_157_153W_156W:0.7534|151_154_157_156W:0.2466,2027,0.9423,,Mens_unisex,0.9926,,Biaxial,0.9986,,Snowboard,0.9991,,Park_dominant_some_resort_versatility,0.9980,,,,,Poor_carving_skids_at_speed,0.9973,,100pct_clean_energy_carbon_neutral_hydro,0.9968,,51.0-63.0cm,0.9984,,Least_catchy_3BT_reduces_catches,0.9970,,Carbon_stringers_fine_tune_flex,0.9986,,Flex_Walls_Urethane_Poured,0.9986,,Excellent_for_jibbing_pressing_creative_park,0.9997,,,,,Extremely_easy_ultra_nimble,0.9517,,,,,,,,2x4_compatible_any_standard_mini_disc,0.9315,,Poor_chattery_unstable_at_speed,0.7979,,,,,,,,45_Day_Returns,0.9923,,,,,,,,,,,,,,,,,,,
eujXkonNfq,Burton_Snowboards_founded_1977_Vermont,Custom_Camber,Camber_traditional,0.9924,,SuperFlyII_700G_DualzoneEGD_Squeezebox,0.9924,,1049.99,0.9940,,,,,Custom_excels_precise_carving_strong_jump_performance,0.9416,,Sintered_WFO,0.9924,,68_to_91kg,0.9925,,6.0,0.6564,6.0:0.6564|5.0:0.2387|5.5:0.1050,,,,294.0,0.9925,,7.8,0.9925,,Intermediate_to_Expert,0.9368,,,,,Light_side_of_medium_bordering_lightweight,0.9620,,Ride_to_paradise_jungle_landscape,0.9912,,,,,,,,,,,,,,,,,252.0,0.9925,,68_to_91kg,0.9925,,1195.0,0.9925,,7.9,0.9925,,297.0,0.9925,,All_Mountain,0.9589,,Burton_Snowboards,0.9589,,The_Channel,0.9924,,Directional_Twin,0.9924,,150_154_156_158_158W_162_162W_166W_170W,0.9925,,2027,0.9589,,Mens,0.9423,,45_degree_Carbon_Highlights,0.9620,,Snowboard,0.9589,,10.0,0.9940,,12.5,0.9856,,Powder_challenging_mid_stiff_flex_camber,0.9524,,B_Corporation_certified,0.7895,,530.0,0.9925,,,,,Pro_Tip_and_Infinite_Ride,0.9924,,,,,,,,Frostbite_Edges_half_mm_extension,0.9870,,,,,,,,,,,Compatible_with_all_major_bindings,0.8691,,Carbon_and_glass_create_dampness_absorbs_noise,0.8000,,,,,,,,,,,,,,,,,,,,,,,,,,,,
fpuplB1wbb,Jones_Snowboards_Nidecker_Group,Mens_Flagship_Pro,Directional_Camber_Rocker,0.9897,,Power_Core_Bamboo_Paulownia_Poplar,0.9914,,1599.99,0.9931,,Preorder,0.9914,,CAPiTA_Mercury_680_best_AM_freeride_Outside,0.9416,,Sintered_9900_Base_carbon_enhanced,0.9106,Sintered_9900_Base_carbon_enhanced:0.9106|Ultra_Base_25pct_better_wax_absorption:0.0894,59_to_82_kg,0.9839,,10.0,0.8459,10.0:0.8459|9.0:0.1351|8.0:0.0190,2010_11_season_inaugural,0.9018,,294.0,0.9890,,8.5,0.9890,,Advanced_Expert,0.9897,,Extended_warranty_available_by_registering_product,0.9868,,Would_choose_Pro_over_Flagship_faster_base_more_pop_worth_money,0.9620,,Premium_topsheet_ash_wood_veneer,0.9975,,Jeremy_Jones_founder_big_mountain,0.9742,,,,,SWS_Board_Technology_Dubai_UAE,0.8871,,High_speed_carves_with_ease_high_angle_no_washout,0.9416,,,,,249.0,0.9890,,,,,1176.0,0.9890,,,,,,,,Freeride_Powder,0.9948,,Jones_Snowboards,0.9948,,2x4_Inserts,0.9871,,Tapered_Directional,0.9948,,158cm_159cm_Wide,0.9868,,2027,0.9948,,Mens,0.9948,,Basalt_Pro_Layup_with_Koroyd_and_Bio_Resin,0.9983,,Snowboard,0.9948,,Deep_powder_steep_terrain_firm_groomers_variable,0.8353,,20.0,0.9890,,Nearly_impossible_to_butter_stiff_flex,0.9620,,Fair_Trade_Certified_first_snowboard_hardgoods_brand,0.9931,,600.0,0.9890,,Strong_Traction_Tech_locked_in_firm_groomers,0.7800,,Basalt_fiber_laminates_replacing_carbon_fiber,0.9868,,Recycled_ABS_with_round_finish,0.9868,,Nothing_rattles_nothing_cheap_board_to_keep_years,0.9517,,Traction_Tech_3_0_three_bumps_per_edge,0.9938,,Prefers_straight_line_goes_straight_more_than_Stratos,0.5238,Prefers_straight_line_goes_straight_more_than_Stratos:0.5238|Takes_effort_at_slow_speeds_not_quickest_edge_to_edge:0.4762,,,,12.0,0.8965,12.0:0.8965|12.5:0.1035,Standard_2x4_compatible_most_bindings,0.9760,,Very_damp_more_pop_only_150_more_than_Flagship,0.9620,,Jones_Ultra_Flagship,0.9692,,,,,30_days_unused_no_exchanges_discounted_final,0.9868,,,,,,,,,,,,,,,,,,,
fzeHUs5jlf,Burton_Snowboards_founded_1977_Vermont,Instigator,Flat_Top_flat_between_feet_early_rise,0.9965,,FSC_Certified_Super_Fly_800G_dual_species,0.9967,,629.99,0.9905,,Available,0.9771,,K2_Standard_Arbor_Foundation_Ride_Machete_Lib_Tech_Terrain_Wrecker,0.7855,,Extruded,0.9966,,54_to_82kg,0.9905,,1_to_3_out_of_10_soft,0.7034,1_to_3_out_of_10_soft:0.7034|Medium_to_medium_stiff:0.2966,2018,0.9806,,29.65/29.15,0.9905,,7.1,0.9905,,Beginner,0.9905,,Repair_or_replace_manufacturer_defects_original_purchaser,0.9923,,Whitelines_100_praised_beginner_good_value,0.9212,,,,,,,,,,,China,0.9406,,Average,0.9406,,Good,0.9462,,25.2,0.9905,,82_to_118plus_kg,0.9905,,117.0,0.9905,,7.4,0.9905,,30.24/29.74,0.9905,,All_Mountain,0.9568,,Burton,0.9976,,The_Channel_compatible_all_major_bindings,0.8138,,Directional,0.9968,,145_150_155_160_155W_160W_165W,0.9987,,2025,0.9976,,Mens,0.9977,,Biax_Fiberglass_softens_torsional_flex,0.9966,,Snowboard,0.9976,,All_mountain_resort_groomers_learning_turns,0.8427,,neg2.5,0.9905,,Pop_behind_most_Burton_boards,0.9406,,FSC_Certified_core_wood,0.9967,,56.0,0.9905,,Excellent_in_hard_snow,0.9406,,,,,,,,Stable_ride_tracks_well_no_auto_spin,0.9346,,Frostbite_Edges_extended_beneath_bindings,0.9517,,Medium_Fast,0.9406,,Standard_radial_sidecut,0.9905,,5.0,0.9994,,All_major_binding_brands_via_Channel,0.8138,,,,,,,,,,,,,,Average,0.9406,,,,,Good,0.9406,,Good,0.9406,,Stable,0.9406,,Good,0.9406,
gEgAtjk0Os,Burton_Snowboards_founded_1977,Good_Company,Traditional_Camber,0.9974,,Super_Fly_800G_Dualzone_EGD_Squeezebox_Low,0.9563,,559.99,0.9974,,Widely_listed_at_multiple_retailers,0.9987,,NS_Photosynthesis_Yes_Greats_Stone_Message_LT_Box_Knife_Yes_Basic_Ride_TwinPig,0.9660,,Sintered_durable_porous,0.9909,,54-82kg,0.9974,,5.5,0.8774,5.5:0.8774|3.5:0.1226,2023_season,0.6167,,29.37,0.9974,,7.8,0.9974,,Intermediate,0.8056,,,,,Great_flex_doesnt_fall_apart_in_chop,0.9726,,Dog_themed_portrait_of_Posie_dog_tags,0.9931,,,,,Normal_weight_for_size_and_width,0.9660,,China,0.5177,China:0.5177|China_majority_Austria_high_end:0.4745,Great,0.9992,,Poor_sinky_in_powder,0.9989,,25.2,0.9974,,68-91kg,0.9974,,118.5,0.9974,,8.1,0.9974,,,,,Freestyle_All_Mountain,0.9868,,Burton_Snowboards,0.9974,,The_Channel_all_brands_best_with_EST,0.9923,,True_Twin_symmetrical,0.9974,,135_145_148_152_155_159_155W_159W,0.9868,,2026,0.9974,,Gender_neutral_Unisex,0.7373,,Triax_fiberglass,0.9890,,Snowboard,0.9974,,10.0,0.9836,,0.0,0.9974,,Not_super_secure_at_high_speeds,0.9341,,FSC_certified_plus_Super_Sap_Epoxy,0.9575,,56.0,0.9974,,Surprisingly_strong_noticeably_strong,0.9992,,Dualzone_EGD_wood_grain_perpendicular,0.7372,,,,,Sick_really_liked_for_sidehits,0.9341,,,,,Medium_Fast_quick_edge_to_edge,0.9777,,,,,,,,,,,,,,,,,,,,,,,good_jib,0.9991,,,,,Good,0.9726,,,,,Semi_Locked_In,0.9726,,Great,0.9726,
gEy7WOnzey,,Super_DOA_Defenders_of_Awesome,Resort_V1_plus_Flat_Kick_Tech,0.9948,,3D_Thermopolymer_Starship_Poplar_channels,0.6923,3D_Thermopolymer_Starship_Poplar_channels:0.6923|Poplar_Paulownia_Beech_thermopolymer:0.3077,1449.99,0.9577,,In_stock_2026_model,0.9779,,YES_Greats_asymmetric_twin,0.8802,,Hyperdrive_ADV_XT_sintered_premium,0.9871,,59_86kg_130_190lb,0.9963,,6.0,0.9963,,2019_2020_season,0.7143,,29.8,0.9637,29.8:0.9637|29.7:0.0363,7.8,0.9963,,Intermediate_to_Advanced,0.9489,Intermediate_to_Advanced:0.9489|Advanced:0.0511,2yr_defects_material_workmanship,0.9974,,,,,Megalite_Skin_60pct_weight_reduction,0.7402,,,,,,,,Austria_The_MotherShip,0.9914,,,,,,,,25.2,0.9963,,63_91kg_140_200lb,0.9948,,1234.0,0.9963,,,,,30.1,0.9637,30.1:0.9637|30.0:0.0363,All_Mountain_Freestyle,0.9870,,CAPiTA,0.9974,,2x4_stainless_steel_inserts,0.9497,,True_Twin_symmetrical,0.9963,,152_154_156_158_160cm,0.9963,,2027,0.9730,,Mens,0.9677,,HolySheet_high_tensile_low_elasticity,0.9948,,Snowboard,0.9974,,Groomers_park_jumps_switch_hardpack_side_hits,0.9518,,,,,Often_overrecommended_as_one_board_quiver,0.9480,,Certified_B_Corp_score_98.9,0.9914,,53.3,0.9709,53.3:0.9709|55.3:0.0291,4.6,0.8654,,Hybrid_SuperCarbon_in_HolySheet,0.9914,,Fortress_Aramid_Kevlar_S_wrap,0.9096,,Excellent_stability_pop_stomps_landings,0.9302,,360_Degree_HRC48_Stainless_Steel,0.8050,,Not_easy_to_initiate_better_locking_edge,0.9869,,Blended_Radial,0.9963,,0.0,0.9963,,Union_Falcor_stiff_responsive_recommended,0.8050,,A_little_chattery_hard_snow_very_good_for_ultralight,0.9341,,,,,,,,,,,,,,,,,,,,,,,,,,,,
gdv02UtOAa,,Family_Tree_3D_Channel_Surfer_Flat_Top,Directional_Flat_Top_rocker_nose,0.9951,,Super_Fly_II_700G,0.9937,,979.99,0.9974,,Burton_com_sold_out,0.9912,,Bataleon_Surfer_3BT_28mm_taper,0.9517,,Sintered_WFO,0.9941,,68_91kg,0.9948,,4.5,0.9948,,2024_2025_season,0.9977,,325.8,0.9948,,6.8,0.9948,,Advanced,0.6087,Advanced:0.6087|Intermediate_Advanced:0.2718|Expert:0.1195,3_year_warranty_from_purchase,0.9914,,,,,Abstract_mountainscapes_Audubon_puffin_motif,0.9823,,Ryan_Crotty,0.9890,,,,,,,,,,,,,,272.0,0.9948,,,,,1155.0,0.9948,,,,,,,,Powder,0.9927,,Burton,0.9963,,The_Channel,0.9941,,Swallowtail,0.9998,,156cm,0.9948,,2025,0.9976,,Unisex,0.9692,,,,,Snowboard,0.9985,,10.0,0.9948,,-12.5,0.9948,,Purpose_built_powder_limited_all_mountain_3_10,0.9225,,Super_Sap_Epoxy_bio_based_50pct_lower_footprint,0.9930,,560.0,0.9948,,,,,Surfboard_inspired_convex_3D_shaping_tip_tail,0.9868,,,,,Effortless_float_in_powder_flat_top_wide_surface,0.9381,,,,,Rolls_into_turns_easily_any_direction,0.9800,,,,,25.0,0.9553,,Compatible_most_brands_best_with_Burton_EST,0.9381,,,,,,,,,,,,,,,,,,,,,,,,,,,,,,,
gtiupDAlG6,Mervin_Manufacturing,Terrain_Wrecker,C2x_Directional_Hybrid_Rocker,0.7923,,OP_Original_Power_75pct_Aspen_25pct_Paulownia,0.7650,,999.99,0.7100,,Preorder,0.7100,,Jones_Mountain_Twin_similar_all_mountain_freestyle_hybrid,0.5338,,Highest_density_UHMW_dual_layer_thermal_fusion_crystalline,0.7100,,120_plus_lbs_55_plus_kg,0.9945,,7.0,0.8594,7.0:0.8594|6.0:0.1406,2017_2018_season,0.9219,,30.0/30.0,0.9945,,8.3,0.9945,,Intermediate,0.7100,,Does_NOT_cover_impact_damage_abuse_misuse_normal_wear,0.7648,,Truly_a_quiver_killer_ice_handling_praised,0.5844,,Eco_Sublimated_Poly_Topsheet,0.7100,,Schoph_at_schoph,0.9945,,2860.0,0.9219,,Sequim_Washington_USA,0.9945,,Good_for_hybrid_rocker_but_rocker_hurries_through_turns,0.9219,,Average_to_good_decent_float,0.9219,,25.7,0.9945,,120_plus_lbs_55_plus_kg,0.9945,,,,,,,,,,,All_Mountain_Directional_Twin,0.9637,All_Mountain_Directional_Twin:0.9637|All_Mountain_Freeride:0.0363,Lib_Tech,0.9945,,2x4_Inserts,0.7100,,Directional_Twin,0.9945,,152_154_156W_157_160_161W,0.9677,152_154_156W_157_160_161W:0.9677|152_154_157_156W_161W:0.0323,2027_26_27_season,0.9245,,Mens,0.8502,,Tri_Ax_Bi_Ax_Fiber_combination,0.7100,,Snowboard,0.9945,,v9_am,0.6000,v9_am:0.6000|v10_am:0.4000,0_inches_on_sidecut_centered_effective_edge,0.9945,,Can_feel_loose_auto_spinny_base_slow_for_price,0.9548,,Zero_hazardous_waste_production,0.6209,,20.25_to_25_inches_51.5_to_63.5cm,0.9945,,Excellent_rated_for_icy_snow,0.9449,,UHMW_Tip_Tail_Impact_Deflection_edge_removed_nose_tail,0.7100,,Birch_vertical_end_grain_pop_durability,0.7650,,Very_forgiving_versatile_one_board_quiver_excellent_grip,0.9548,,Magne_Traction_7_serrations_each_edge,0.6500,,Fast,0.9449,,,,,,,,,,,,,,,,,119.0,0.9945,,,,,Good_not_specialist,0.9219,,87.3,0.9315,,,,,Great_pop_and_ollie_easy_to_access,0.9449,,Semi_stable_semi_loose,0.9140,,,,
gwpGTjkNQC,Mervin_Manufacturing,Head_Space,C3_camber,0.9997,,G2_Lite_Aspen_Paulownia,0.9547,,678.99,0.9948,,,,,Burton_Process,0.7534,,Eco_sublimated_sintered_base,0.9974,,,,,6.0,0.6722,6.0:0.6722|4.0:0.2801|5.0:0.0477,2016,0.9434,,,,,,,,Intermediate_to_Advanced,0.9906,,Manufacturer_defects_materials_workmanship,0.9974,,Great_for_advanced_expert_jibbers_full_camber_feel,0.9661,,Eco_sublimated_poly_top,0.9551,,Forest_Bailey,0.9979,,2980.0,0.9861,,Sequim_Washington_USA,0.9930,,Good_edge_hold_better_short_medium_turns,0.9991,,Poor_sinky_twin_camber,0.9991,,,,,,,,,,,,,,,,,Freestyle_Park,0.9974,,GNU_Snowboards,0.9974,,2x4_inserts,0.8804,,True_twin_symmetric,0.9939,True_twin_symmetric:0.9939|Asym_twin_level1:0.0054,149_152_155_155W_158cm,0.9974,,2025_(2024-2025_season),0.9827,,Mens,0.8006,,Triaxial_Biaxial_alloy_glass,0.9578,,Snowboard,0.9974,,Park_Streets_Groomers,0.8505,,0.0,0.9974,,Not_suitable_for_deep_powder,0.9991,,Zero_hazardous_waste_eco_materials_FSC_certified,0.7950,,,,,Exceptional_Magne_Traction_outstanding_ice,0.9983,,,,,UHMW_sidewalls,0.9551,,Super_easy_butter_soft_tips_tall_presses,0.9991,,Magne_Traction_7_serrations,0.9997,,,,,,,,,,,2x4_insert_compatible_most_major_brands,0.8505,,,,,,,,,,,,,,,,,88.6,0.6471,88.6:0.6471|88.0:0.3529,,,,,,,,,,,,
hCyIqwbuNm,Burton_Snowboards,Counterbalance,Directional_Camber,0.9603,,Super_Fly_II_700G_dual_species_wood,0.9625,,949.99,0.9700,,Rhythm_Snowsports_AU,0.9061,,Amplid_Souly_Grail_K2_Alchemist_Jones_Flagship_Pro_etc,0.9839,,Sintered_WFO_high_density,0.9666,,54-82kg,0.9500,,7.0,0.8177,7.0:0.8177|6.5:0.1262|6.0:0.0561,2025-2026_season,0.9980,,301.0,0.9500,,7.3,0.9500,,Intermediate_Expert,0.9714,Intermediate_Expert:0.9714|Intermediate_Advanced:0.0185|Intermediate:0.0101,W48_claim_processed_2_business_days,0.9940,,Feels_Normal_lighter_side_of_heavy,0.9781,,,,,Shawna_X_abstract_microscope_view,0.8627,,2680.0,0.9934,,,,,Great,0.9868,,Good,0.9868,,249.0,0.9500,,68-91kg,0.9500,,116.8,0.9500,,7.5,0.9500,,,,,All_Mountain_Freeride,0.7179,All_Mountain_Freeride:0.7179|Mellow_Freeride:0.2074|All_Mountain:0.0747,Burton,0.9980,,The_Channel_two_parallel_slots,0.9627,,Tapered_Directional,0.9950,,142_146_150_154_154W_158_158W_162_162W,0.8827,142_146_150_154_154W_158_158W_162_162W:0.8827|142_146_150_154_158_158W_162_162W:0.1173,2027,0.9656,,Unisex,0.9929,,45deg_Carbon_Highlights_tip_to_tail,0.9625,,Snowboard,0.9980,,8.0,0.9300,,neg2.5,0.9500,,Set_All_Way_Back_Much_Wider_Than_Reference,0.9781,,Certified_B_Corp,0.9868,,50.5,0.9500,,Hard_Snow_capable,0.9868,,Dualzone_EGD_wood_grain_edge_hold,0.9581,,,,,Better_Edge_Hold_Than_Most_Burton_Boards,0.9868,,Frostbite_Edges_enhanced_edge_hold,0.9625,,Medium_Fast,0.9868,,,,,8.0,0.9619,,All_major_brands_best_with_EST,0.9556,,,,,Replaces_Deep_Thinker_and_Story_Board,0.9994,,,,,,,,Average,0.9868,,86.1,0.9912,,Good,0.9868,,Great,0.9868,,Stable,0.9868,,,,
hTpZCKU8n1,Salomon_SAS_Annecy_France,Highpath,Rock_Out_Camber,0.8814,Rock_Out_Camber:0.8814|Hybrid_Camber:0.1186,Ghost_Green_Core_paulownia_aspen,0.9877,Ghost_Green_Core_paulownia_aspen:0.9877|Aspen_SLCT_hand_selected:0.0123,1049.99,0.7800,,In_stock_evo_REI_Backcountry_TheHouse,0.9891,,Jones_Flagship_between_Flagship_and_Stratos,0.9466,,50pct_Recycled_Sintered_Base,0.9964,,60_95kg,0.9866,,7.0,0.9091,7.0:0.9091|8.0:0.0909,FW22_23_season,0.9994,,30_1_29_8cm,0.8000,,7.3,0.8000,,Advanced,0.7800,,Against_manufacturing_material_defects_original_purchaser,0.9948,,Good,0.9808,,ABC_Wrapper_olive_wood_veneer_2027,0.9102,,Nils_Mindnich_and_Victor_Daviet,0.9994,,,,,China,0.9827,,Great,0.9808,,Good,0.9808,,25.5,0.8000,,70_100kg,0.9866,,118.5,0.8000,,7.7,0.8000,,30_4_30_1cm,0.8000,,All_Mountain_Freeride,0.6581,All_Mountain_Freeride:0.6581|All_Mountain:0.3419,Salomon,0.9982,,2x4_Inserts,0.7800,,Tapered_Directional,0.9974,,146_150_153_156_159_162_159W_162W_165W,0.9116,146_150_153_156_159_162_159W_162W_165W:0.9116|156_159_159W_162W:0.0884,2027,0.7231,,Unisex,0.9989,,BiAx_HD_Glass_two_angle_fiberglass,0.7800,,Snowboard,0.9979,,Backcountry_to_frontside_side_hits_wind_lips,0.9956,,2.0,0.9868,,Not_dampest_bucks_bounces_soft_uneven_spring,0.9808,,FSC_certified,0.8024,,56.0,0.8000,,Good_in_hard_snow,0.9808,,,,,100pct_recycled_ABS,0.8934,100pct_recycled_ABS:0.8934|66pct_recycled_ABS:0.1066,Very_versatile_decent_directional_float_good_groomers,0.9808,,At_least_20pct_recycled_aluminum,0.9949,,Medium_Fast,0.9808,,Quadratic_Sidecut,0.9979,,3.0,0.6923,3.0:0.6923|4.0:0.3077,,,,,,,,,,,,,,,,,,,87.2,0.9702,,Good,0.9808,,,,,Semi_Locked_In,0.9808,,,,
hWiSldGBqx,Burton_Snowboards_founded_1977,Fish_3D_Splitboard,Directional_Flat_Top_flat_camber_rocker_nose,0.9590,,FSC_Super_Fly_II_700G_dual_species_wood,0.9906,,839.99,0.9974,,In_stock_splitboard,0.9449,,Jones_Storm_Chaser_Split,0.8989,,Sintered_WFO_high_density_wax_infused,0.9550,,68_to_91kg,0.9910,,4.5,0.9925,,2021,0.9219,,315.3,0.9910,,6.1,0.9910,,Advanced_Expert,0.4369,Advanced_Expert:0.4369|Expert:0.3883|Intermediate:0.1748,3_year_warranty_Channel_boards,0.9954,,Planned_to_sell_now_in_quiver,0.8989,,Gorgeous_board_beautiful_topsheet,0.8721,,,,,2900.0,0.5338,,Austria_and_China,0.8947,,,,,,,,260.0,0.9910,,82_to_118plus_kg,0.9910,,1095.0,0.9910,,6.4,0.9910,,,,,Powder,0.9964,,Burton_Snowboards,0.9964,,Split_Channel_pre_mounted_pucks,0.9590,,Tapered_Directional,0.9925,,146_151_156_161cm,0.9848,,2024,0.9964,,Unisex,0.6395,,45_degree_Carbon_Highlights_tip_to_tail,0.9563,,Splitboard,0.9964,,10.0,0.9910,,neg50.0,0.9888,,Not_at_home_steep_hard_conditions_nose_catchy,0.9186,,FSC_certified_core_wood,0.5988,,560.0,0.9910,,,,,45_degree_fiber_angle_more_aggressive_ride,0.6488,,,,,Exceptional_float_unsinkable,0.9989,,Dualzone_EGD_perpendicular_wood_grain_edges,0.9565,,,,,,,,30.0,0.9510,,Compatible_all_major_bindings,0.6488,,,,,Original_Burton_Fish_circa_2002,0.4375,,1040.0,0.8312,,,,,,,,,,,,,,,,,,,,,,
hcGCupKaD3,Salomon_SAS_Annecy_France,Huck_Knife,Quad_Camber,0.9974,,Aspen_Select_FSC_certified,0.9963,,587.99,0.9974,,In_stock,0.9767,,Capita_DOA_similar_camber_hybrid_true_twin_stiffer_more_pop_20_more,0.9252,,Medium_Stone_Finish,0.9964,,55_75kg,0.9931,,5.0,0.5238,5.0:0.5238|4.5:0.4762,2017,0.9252,,295.0,0.9931,,,,,,,,2_year_limited_warranty,0.9945,,,,,Looks_white_in_picture_but_grey_in_person,0.9383,,,,,A_little_heavier_than_average_per_250_board_comparison,0.8467,,Austria_Bulgaria_France_Finland_Canada_US,0.8721,,Decent_for_a_park_board_good_carves_due_to_camber,0.8949,,,,,255.0,0.9931,,65_90kg,0.9931,,1216.0,0.9931,,,,,298.0,0.9931,,Park_and_Freestyle,0.5364,Park_and_Freestyle:0.5364|All_mountain_freestyle:0.4636,Salomon,0.9974,,2x4_Inserts,0.9948,,True_Twin,0.9974,,149_153_156_159_162_156W_159W,0.9958,,2025,0.9957,,Mens,0.9945,,Triaxial_Fibreglass,0.9541,,Snowboard,0.9974,,,,,0.0,0.9908,,Felt_pretty_sinky_in_powder,0.8856,,FSC_certified_Aspen_wood_core,0.9948,,504_616mm,0.9369,,4.25,0.9369,,Carbon_stringers_in_tip_and_tail,0.9912,,ABS_Sidewalls_with_Royal_Rubber_Pads,0.9516,,Board_jibs_better_than_its_jump_performance,0.9252,,Freestyle_Edge_Bevel_2deg_sidecut_3deg_between_feet,0.7124,,,,,EQ_Rad_Sidecut,0.9978,,,,,,,,Softer_tips_chattered_too_much_at_speed,0.9176,,,,,,,,,,,,,,,,,,,,,,,,,,,,
hm6eb7w7b8,Burton_Snowboards,Family_Tree_Hometown_Hero_Split,Directional_Camber,0.9202,,Super_Fly_II_700G_Splitboard_Core,0.9934,,1299.99,0.8803,,In_stock_at_multiple_retailers,1.0000,,Burton_more_playful_Jones_more_stable_at_speed,0.9341,,Recycled_Sintered_WFO,0.9289,,68-91kg,0.9874,,7.0,0.8037,7.0:0.8037|6.5:0.1963,,,,304.9,0.9874,,7.6,0.9874,,Expert_only,0.8023,Expert_only:0.8023|Intermediate_Expert:0.1977,3_year_warranty,0.9862,,,,,EcoZen_Topsheet,0.9382,,,,,,,,Keil_Nindl_GMBH_Austria,0.9890,,,,,,,,,,,,,,,,,,,,,,,All_Mountain,0.9003,,Burton,0.9929,,The_Split_Channel,0.9645,,Directional,0.9548,,154_158_162_158W,0.9202,,2026,0.9989,,Unisex,0.8625,,Triax_with_45_Carbon_Highlights,0.9515,,Splitboard,0.9639,,Backcountry_powder_variable_conditions,0.9891,,_40.0,0.9874,,Channel_heavier_and_restricts_binding_compatibility,0.9579,,FSC_Certified_Wood_Core,0.9108,,560.0,0.9003,,,,,,,,Recycled_ABS,0.8594,,,,,Cruise_Control_Edge_Tune,0.8594,,,,,,,,12.0,0.9675,,Hitchhiker_bindings,0.8803,,,,,,,,1140.0,0.9874,,,,,,,,,,,,,,,,,,,,,,
iQXjBPxwSi,Nitro_AG_Hunenberg_Switzerland,OG,True_Camber,0.9514,,PowerLite_ultra_lightweight_poplar,0.9974,,999.99,0.9015,,Available_in_stock,0.8223,,Burton_Custom_Ride_Algorythm_Jones_Frontier_CAPiTA_BSOD,0.9212,,Sintered_EcoSpeed_HD,0.5893,Sintered_EcoSpeed_HD:0.5893|Sintered_Speed_Formula_II:0.4107,60-80kg,0.9507,,8.0,0.9507,,January_2026,0.9549,,30.6/30.3,0.8514,,10.0/6.1/10.0,0.9507,,Intermediate,0.8514,,,,,A_lot_of_pop_and_spring_out_of_turn,0.9278,,Throwback_graphic_with_modern_tech,0.9551,,Rohrer_Neary_Goller_Plotzeneder_Eberharter_Hagstrom,0.9959,,,,,Taiwan_Playmaker_factory,0.9976,,,,,,,,25.4,0.9507,,,,,,,,,,,,,,Freestyle_All_Mountain,0.9511,,Nitro,0.9967,,2x4_Inserts,0.9507,,Directional_Twin,0.9514,,158cm,0.9507,,2027,0.9551,,Mens_unisex,0.7828,,Bi_Lite_Laminates,0.9507,,Snowboard,0.9551,,10.0,0.7827,,neg1.5,0.9507,,,,,Carbon_neutral_since_2021_ClimatePartner,0.9962,,,,,,,,,,,ABS_Sidewall_flexible_impact_resistant,0.9507,,,,,Recycled_Steel_Edge,0.9507,,,,,Dual_Degressive_Sidecut,0.9514,,,,,Standard_2x4_compatible_all_modern_bindings,0.8514,,,,,Nitro_Team,0.8363,,113.0,0.9507,,Hassle_free_30_day_returns,0.7828,,,,,,,,,,,,,,,,,,,
iY29iJwupu,Bataleon_Low_Pressure_Studio,Stereo_Team,Medium_Camber_3BT_Sidekick_2_0,0.9977,,Light_Core_50_50_Paulownia_Poplar,0.9957,,1049.99,0.9974,,Mostly_sold_out_restock_Fall_2026,0.9923,,CAPiTA_DOA_true_twin_6_10_flex_camber_flat_kick,0.8861,,Ultra_Glide_S_premium_7000_sintered,0.9957,,65_85kg_143_187lbs,0.9957,,6.0,0.9979,,,,,29.9,0.9957,,8.7_7.2_8.7m,0.9957,,Intermediate_to_Advanced,0.8676,,,,,Biggest_issue_edge_hold_trouble_in_hard_snow,0.9114,,,,,Ethan_Morgan_and_Halldor_Helgason,0.9997,,,,,CAPiTA_Mothership_Austria,0.8455,CAPiTA_Mothership_Austria:0.8455|SWS_Dubai:0.0429,,,,,,,25.5,0.9957,,69_89kg_152_196lbs,0.9957,,116.16,0.9957,,8.8_7.3_8.8m,0.9957,,30.2,0.9957,,Freestyle_All_Mountain,0.7197,,Bataleon,0.9957,,2x4_Inserts,0.9890,,Twin_3D_Twin,0.9977,,141_144_147_150_152_153W_154_156_156W_158_159W,0.9977,,2027_26_27_season,0.9978,,Mens,0.9957,,Bi_Axial_fiberglass_light_snappy_playful,0.9940,,Mens_Snowboard,0.9957,,10.0,0.8224,,Centered_inserts_balanced_freestyle,0.7558,,,,,,,,,,,,,,Carbon_Stringers_fine_tune_feel,0.9940,,HyCap_full_cap_contact_PU_sidewalls_tip_tail,0.9977,,,,,Triple_Base_Technology_3BT,0.9957,,,,,Tri_Radial,0.9977,,,,,,,,,,,Evil_Twin_replacement_inferred,0.3002,,,,,45_day_return_policy,0.9957,,,,,,,,,,,,,,,,,,,
iaMeuyGumd,Mervin_Manufacturing,Doughboy,Camber,0.9369,Camber:0.9369|C3_Camber:0.0631,OPP_75pct_Aspen_25pct_Paulownia,0.8860,,1349.99,0.9914,,In_stock_early_release,0.9974,,Doughboy_195_2025-2026,0.9974,,Eco_Sublimated_TNT_Base,0.9974,,150+lbs_70+kg,0.9974,,7.0,0.9738,7.0:0.9738|6.0:0.0262,2018-2019_season_rerelease,0.9620,,31.6,0.9974,,9.0,0.9974,,Intermediate-Advanced,0.5088,Intermediate-Advanced:0.5088|Advanced:0.4912,,,,Blast_to_ride_fresh_corduroy,0.9416,,Eco_Sublimated_Poly_Topsheet,0.8574,,Featured_rider_progressive_spin_missions,0.9923,,,,,Handmade_by_snowboarders_in_USA,0.8572,,,,,,,,,,,,,,,,,,,,,,,All_Mountain,0.9738,All_Mountain:0.9738|All_Mountain_Freeride:0.0262,Lib_Tech,0.9974,,2x4_Inserts,0.9906,,Directional_Twin,0.9790,Directional_Twin:0.9790|Symmetrical_shifted_stance:0.0210,185cm_only,0.9974,,2027,0.9974,,Mens,0.9811,,Tri-Ax_Glass_Magnesium_Techno_Fiber_Carbon,0.9922,,,,,Groomed_off-piste_steep_terrain,0.8500,,1.0,0.9790,1.0:0.9790|0.0:0.0210,,,,Zero_hazardous_waste_production,0.9742,,20.25in-25in,0.9974,,,,,High_magnesium_glass_fiber_rigidity_pop,0.8305,,Birch_Internal_Sidewalls_pop_durability,0.8574,,,,,Magne-Traction_serrated_edges,0.9985,,,,,,,,,,,Standard_2x4_insert_pattern,0.8800,,Little_to_no_gnarly_chatter_in_chop,0.9620,,Doughboy_Shredder_HP_2019_195cm_C3_medium_stiff,0.8483,,135.0,0.9974,,,,,,,,,,,,,,,,,,,,,,
ilOyEW7S1w,Mervin_Manufacturing,TRS_Total_Ripper_Series,C3_Camber,0.9957,,HPP_60pct_Aspen_40pct_Paulownia,0.9967,,818.99,0.8974,,Available_evo_com,0.9726,,Capita_Defenders_of_Awesome,0.8197,,Sintered_Knife_Cut_Double_Layer_UHMW,0.8502,,130_plus_lbs_59_plus_kg,0.9940,,6.0,0.9581,6.0:0.9581|7.0:0.0419,2006,0.9406,,29.3,0.9940,,8.3,0.9940,,Advanced_Expert,0.7415,Advanced_Expert:0.7415|Intermediate_Advanced:0.1391|Intermediate_to_Pro:0.1194,1_year_against_manufacturer_defects,0.9963,,Great_mtn_freestyle_twin_for_hard_icy_snow_not_powder,0.9990,,Eco_Sublimated_Poly_Top,0.8974,,Phil_Hansen,0.8639,,,,,Carlsborg_Sequim_Washington_USA,0.8502,,Quick_turn_initiation_balanced_carves_well_for_twin,0.9499,,Poor_never_floated_well_vs_peers,0.9606,,25.3,0.9940,,140_plus_lbs_65_plus_kg,0.9940,,,,,8.32,0.9940,,29.4,0.9940,,Freestyle_All_Mountain,0.9957,,Lib_Tech,0.9957,,2x4_inserts,0.8502,,Twin,0.5629,Twin:0.5629|Directional_Twin:0.4029|True_Twin:0.0342,154cm_157cm_159cm_162cm,0.9940,,2024-2025,0.9957,,,,,Triaxial_Biaxial_Fiberglass_Magnesium_Carbon,0.8974,,Snowboard,0.9957,,Great_in_wet_powder_recommended_PNW_coastal,0.8029,,0.5,0.9957,,Durability_concern_topsheet_delamination_no_full_wrapped_edges,0.8029,,FSC_certified,0.9940,,,,,Excellent_aggressive_sidecut_grip_standout,0.9985,,Carbon_included_in_construction,0.9967,,Birch_Internal_6ply_Sidewalls,0.8974,,,,,Magne_Traction_7_serrations,0.8502,,Super_fast_edge_to_edge_short_tight_turns,0.8368,,,,,,,,,,,More_snappy_than_smooth_just_snappy_side_of_middle,0.8358,,,,,117.0,0.9940,,,,,,,,,,,,,,,,,,,,One_of_the_best_boards_for_pipe_riding,0.9396,
j3m5ee1Otr,Mervin_Manufacturing,Finest,C2x_rocker_camber,0.8666,,G2_Lite_Aspen_Paulownia,0.9607,,539.99,0.9948,,Listed,0.9416,,Burton_Custom_CAPiTA_OSL_Yes_Greats_NS_Proto,0.8929,,Fast_tough_holds_wax,0.8381,,65-90kg,0.7097,65-90kg:0.7097|54-100kg:0.2903,6.0,0.8609,6.0:0.8609|7.0:0.1391,2020,0.9212,,29.7,0.9948,,8.2/7.9_toe_heel,0.9948,,Intermediate_to_Advanced_Expert,0.9742,,Structural_manufacturing_defects_only,0.8386,,,,,Eco_Sublimated_Poly_Top,0.9606,,Max_Warbington,0.9974,,3120.0,0.9517,,Sequim_Washington_USA,0.9777,,Pretty_nice_not_ultra_carving_decent,0.9569,,,,,255.0,0.9948,,,,,,,,,,,,,,All-Mountain_Freestyle,0.9974,,GNU,0.9974,,2x4_insert_pattern,0.7964,,Asym_Twin,0.9948,,148_151_154_155W_157,0.6818,148_151_154_155W_157:0.6818|148_151_154_155W_157_159:0.3182,2024,0.9890,,Mens,0.9639,,Triaxial_Biaxial_glass,0.9630,,Snowboard,0.9974,,Park_and_mountain_equally_jump_line,0.9742,,0.0,0.9963,,Somewhat_lacking_in_liveliness,0.9569,,Zero_hazardous_waste_production,0.9702,,63.5,0.9948,,Strong_in_hard_snow_Magne_Traction,0.9569,,,,,UHMW_with_soy_elastomer_5_wood_layers,0.9610,,Magnetraction_amazing_stopping_studded_tires,0.7309,,Magne_Traction_7_serrations,0.9963,,Medium_Fast,0.9569,,,,,,,,,,,Not_hugely_damp_not_hugely_chattery_middle,0.9569,,,,,116.0,0.9948,,,,,,,,81.1,0.9681,,,,,,,,,,,,,
jgzbzRwa7e,Burton_Snowboards_Burlington_VT,Family_Tree_Sketch_Artist,Camber,0.9513,,Super_Fly_II_700G_Dualzone_EGD_Squeezebox,0.9677,,1099.99,0.8689,,Listed_but_sold_out,0.9375,,Jones_Hovercraft,0.9742,,Sintered_WFO_extra_absorbent_high_density,0.9122,,,,,7.5,0.4688,7.5:0.4688|6-9:0.3488|7+:0.1824,New_for_2026_season,0.9940,,,,,,,,Advanced-Expert,0.9039,Advanced-Expert:0.9039|Intermediate-Advanced:0.0499|Expert:0.0462,3_year_warranty_from_purchase_Channel_2014_plus,0.9800,,Unique_board_quiver_addition_or_daily_driver,0.9742,,Peregrine_falcon_agility_speed_versatility,0.9803,,Dom_Berrini_cymatics_chladni_plates,0.8192,,Feels_Normal,0.9692,,Austria_The_Mothership,0.8609,,Great,0.9793,,Great,0.9793,,,,,,,,,,,,,,,,,All_Mountain_Freeride,0.9039,All_Mountain_Freeride:0.9039|All_Mountain_Powder:0.0961,Burton,0.9996,,The_Channel_all_brands_best_with_EST,0.9557,,Tapered_Directional_Twin,0.5165,Tapered_Directional_Twin:0.5165|Directional:0.4835,147_151_155_159_163cm,0.9991,,2025/2026,0.5897,2025/2026:0.5897|2027:0.4103,Unisex,0.9419,,45_degree_Carbon_Highlights_full_tip_to_tail,0.8534,,Snowboard,0.9969,,10.0,0.7699,,-12.5,0.9893,,Edge_hold_ice_stiff_no_park_limited_switch,0.8800,,Bio_based_resin_50pct_carbon_reduction,0.9349,,,,,Medium_snow_not_ideal_hard_icy,0.9742,,Dualzone_EGD_perpendicular_wood_grain_edges,0.9194,,,,,Outstanding_carving_versatile_freeride_powder_float_eco_pop,0.9000,,,,,Medium,0.9742,,Progressive_tighter_radius_near_tail,0.9821,,18.0,0.9996,,,,,,,,,,,,,,14_day_refund_or_365_day_exchange,0.7577,,Poor,0.9742,,,,,Great,0.9793,,Good,0.9742,,Semi_Locked_In,0.9742,,Average,0.9742,
kK5whJk2Qz,K2_Sports_LLC_Seattle_WA,Excavator,Directional_Camber_early_rise_nose,0.9945,,S1_Core_Bamboo_Aspen_Paulownia,0.9945,,999.99,0.9963,,In_stock_on_sale_440_97,0.9945,,Lib_Tech_Orca,0.9548,,Wax_Infused_Sintered_4001_Crown,0.9945,,54_86kg,0.9945,,7.0,0.9981,7.0:0.9981|6.0:0.0019,2021_2022_season,0.8588,,318_264_298mm,0.9945,,6.1_7.1m,0.9945,,Intermediate_Advanced_Expert,0.9945,,,,,Very_recommendable_wide_variety_riders,0.9449,,Textured_Topsheet_Bio_Resin,0.9945,,,,,,,,K2_Sports_China_factory,0.9315,,,,,,,,,,,59_95kg,0.9945,,1150.0,0.9945,,6.3_7.3m,0.9945,,324_268_304mm,0.9945,,Freeride_Powder,0.9975,,K2,0.9967,,2x4_Insert_packs,0.9945,,Directional,0.9975,,142_146_150_154_158_162cm,0.9945,,2027,0.9614,,Unisex,0.9945,,ICG_10_Biax_Carbon_Glass_90deg,0.9516,,Snowboard,0.9974,,Groomer_Powder_hybrid,0.9994,,neg19.0,0.9945,,Directional_stiff_too_demanding_new_riders,0.9219,,,,,533.0,0.9945,,Aggressive_edge_hold_variable_conditions,0.9062,,Carbon_Power_Fork_pre_cambered_tail,0.9923,,P_Tex_sidewall_capped_tip_tail,0.6562,,,,,,,,Easy_turn_initiation_torsional_flex,0.7155,,Dual_radius_sidecut,0.9945,,20.0,0.9564,,Any_binding_standard_or_mini_disc,0.6271,,,,,,,,,,,,,,,,,,,,,,,,,,,,,,,
kUWY84GtcP,Mervin_Manufacturing,Cold_Brew,Camber_Rocker_Camber_hybrid,0.5182,Camber_Rocker_Camber_hybrid:0.5182|C2_Directional:0.4818,75pct_Aspen_25pct_Paulownia,0.9514,75pct_Aspen_25pct_Paulownia:0.9514|75pct_Paulownia_25pct_Aspen:0.0486,899.99,0.6500,,Preorder_estimated_May_1_2026,0.6500,,Burton_Custom_more_aggressive_better_powder,0.4282,,Eco_Sublimated_TNT_Base_UHMW,0.6500,,100+lbs_45+kg,0.9957,,6.0,0.6500,,2018,0.9854,,30.4/30.0,0.9957,,8.3,0.9957,,Beginner-Expert,0.7582,Beginner-Expert:0.7582|Intermediate-Advanced:0.1768|Beginner-Intermediate:0.0650,1_Year_structural_defects_only,0.7436,,More_predictable_versatile_across_terrain,0.9816,,Eco_Sublimated_Poly_Topsheet,0.9090,,Tim_Zimmerman,0.9974,,,,,Handbuilt_in_USA_Sequim_WA,0.9952,,good_carve,0.9548,,Good,0.9548,,26.2,0.9957,,110+lbs_50+kg,0.9957,,,,,v8_3_159,0.9957,,30.5/30.2,0.9957,,All_Mountain_Directional,0.9483,All_Mountain_Directional:0.9483|All_Mountain_Freeride:0.0517,Lib_Tech,0.9974,,2x4_Inserts,0.6500,,Tapered_Directional,0.6500,,149_153_155W_157_158W_159_161_163W,0.9974,,2025-2026,0.9790,2025-2026:0.9790|2027:0.0210,Mens,0.5569,,Tri_Ax_Bi_Ax_Fiberglass,0.6500,,Snowboard,0.9974,,Powder_and_crud_also_handles_hardpack_groomers,0.9957,,1.5,0.9995,,Loose_auto_spinny_feel_harder_snow,0.9548,,FSC_certified,0.9957,,20-25in,0.9957,,Icy_Snow_very_competent,0.9548,,,,,Birch_Internal_Sidewalls,0.7436,,Forgiving,0.9548,,Magne_Traction_7_serrations,0.6500,,Medium_Fast,0.9548,,,,,3.0,0.9114,,,,,,,,,,,115.0,0.9957,,,,,Poor,0.9548,,,,,good_speed,0.9548,,average_jumps,0.9548,,Semi-Stable,0.9548,,average_pipe,0.9343,
kW6Qaiptnt,,Megalight,Surfy_CamRock,0.9974,,Mega_Core_poplar_paulownia_glass_stringers,0.9975,,1349.99,0.9021,,Sold_out_manufacturer,0.9948,,Amplid_Souly_Grail_K2_Alchemist_United_Shapes_Cadet_Burton_Gril_Master_Jones_Flagship_Pro_etc,0.7946,Amplid_Souly_Grail_K2_Alchemist_United_Shapes_Cadet_Burton_Gril_Master_Jones_Flagship_Pro_etc:0.7946|Jones_Flagship_Jones_Carbon_Flagship_Rossignol_XV_Capita_Mega_Death:0.2054,N_12000_Graphite_race_grade_sintered,0.9974,,65-90kg_145-200lbs,0.9974,,8.0,0.9964,,,,,290.0,0.9974,,7.8,0.9974,,Advanced,0.9021,,2_year_extendable_to_3,0.9880,2_year_extendable_to_3:0.9880|1_year:0.0120,4.9,0.9827,,Matte_finish,0.9974,,,,,,,,,,,Great,0.9827,,Great,0.9827,,258.0,0.9974,,,,,1190.0,0.9974,,,,,,,,Freeride,0.8354,Freeride:0.8354|Freeride-Powder:0.1224|All-Mountain:0.0421,Nidecker,0.9511,,2x4_Inserts,0.9974,,Tapered_Directional,0.9570,,152_158_164W,0.9996,,2027,0.9021,,Mens,0.8206,,,,,Snowboard,0.9511,,Big_mountain_freeride_deep_powder_carving_resort,0.9992,,30.0,0.9974,,Park_jibbing_beginners,0.9995,,,,,560.0,0.9974,,Hard_Snow,0.9827,,,,,,,,,,,,,,Fast,0.9827,,,,,14.0,0.9974,,Works_with_any_binding,0.8552,,,,,,,,1090.0,0.9974,,,,,Poor,0.9827,,,,,Great,0.9827,,Great,0.9827,,Stable,0.9827,,Good,0.9827,
kjVPKOzhx7,,Evil_Twin,Medium_Camber_3BT_SideKick,0.9964,,Ultra_Light_Core,0.9971,,999.99,0.9991,,Pre_order_sizes_154_156W_157,0.9890,,CAPiTA_DOA_both_great_similar,0.9524,,Hyper_Glide_S_sintered,0.8812,Hyper_Glide_S_sintered:0.8812|Ultra_Glide_S_premium_7000:0.1188,70-90kg,0.9974,,5.0,0.9974,,2003,0.9839,,29.4/29.4,0.9974,,8.03,0.9974,,Intermediate,0.9910,,2_plus_1_year_warranty,0.9978,,Selected_Whitelines_100_Best_2020_2022,0.9980,,,,,,,,,,,Austria_Elan_OEM_Feistritz,0.9999,,Can_hold_edge_well_for_freestyle_not_dedicated_carver,0.9953,,,,,25.3,0.9974,,74-94kg,0.9974,,120.2,0.9974,,8.09,0.9974,,29.7/29.7,0.9974,,Freestyle_All_Mountain_Freestyle,0.9544,,Bataleon,0.9952,,2x4_inserts_standard,0.9969,,True_Twin_symmetrical,0.9972,,151_154_157_159_156W_159W,0.9974,,2027,0.9950,,Mens,0.9963,,Tri_Ax_Laminate_three_way_fiberglass,0.9960,,Snowboard,0.9958,,10.0,0.9890,,0.0,0.9963,,OK_in_shallow_powder_struggle_in_deeper,0.9922,,,,,51.0-63.0,0.9974,,,,,Carbon_Stringers_fine_tune_flex_response,0.9940,,FlexWalls_poured_urethane_shock_absorption,0.9990,,3BT_base_helps_lock_into_rails_without_catching,0.9941,,,,,3BT_makes_edge_changes_gradual_slower_to_full_carve,0.9742,,,,,,,,Standard_2x4_NOT_compatible_Burton_EST,0.9970,,,,,,,,,,,45_day_returns,0.9963,,,,,4.6,0.9839,,,,,,,,,,,,,
kpBJB1Mqjg,Never_Summer_Manufacturing,Propaganda,Zero_Camber_flat,0.9974,,Ultralight_Core_Canadian_aspen,0.9998,,539.99,0.9892,,In_stock_direct_from_manufacturer,0.9890,,Zero_Camber_twin_park_medium_flex,0.7309,,Durasurf_Sintered_4501,0.9964,,55_80kg,0.8226,,6.5,0.9974,,2002,0.9681,,29.72,0.5455,29.72:0.5455|30.1:0.4545,Vario_735,0.9974,,Park_riders_beginners_to_advanced_jibbers,0.7330,,Authorized_Academy_Dealer_with_receipt,0.9865,,For_fullgrown_jib_enthusiasts,0.9032,,Poly_Thermo_Topsheet,0.9959,,,,,,,,USA_Never_Summer_Denver,0.9996,,,,,,,,25.5,0.5455,25.5:0.5455|25.1:0.4545,,,,125.0,0.9974,,,,,,,,Park_All_Mountain,0.9959,,Academy_Snowboard_Co,0.9964,,Stainless_10mm_2x4_Inserts,0.9998,,True_Twin,0.9974,,146_149_152_156_154W_157W,0.9772,146_149_152_156_154W_157W:0.9772|152_156_only:0.0228,2025,0.9948,,Mens,0.7330,,Bi_Lite_Fibreglass,0.9959,,Snowboard,0.9016,,8.0,0.9912,,,,,Less_stable_high_speed_less_pop_than_camber,0.8741,,,,,,,,Enhanced_by_Vario_better_than_most_flat,0.9018,,,,,Sintered_P_Tex_Sidewall,0.9964,,Super_forgiving_and_easy_to_ride,0.9902,,Full_Wrap_Metal_Edges,0.9959,,,,,Vario_Power_Grip_Sidecut,0.9964,,,,,,,,Featherweight_damping_rubber_chatter_free,0.9878,,,,,,,,,,,,,,,,,,,,,,,,,,,,
kq8LZfPKfP,Capita_MFG_GmbH_Core_Srl,Sidewinder,Alpine_V3_Directional,0.9002,,Multizone_Dual_Core_Poplar_Beech,0.9517,,999.99,0.9555,,Pre_order,0.9503,,Ride_Smokescreen_directional_carver_flex6_progressive,0.8360,,Quantum_Drive_Base_Die_Cut,0.9002,,58-86kg,0.9002,,5.5,0.5493,5.5:0.5493|5.0:0.4507,2027,0.9114,,31.7/30.2,0.9002,,6.8/6.4,0.9002,,Intermediate_to_Expert,0.6108,Intermediate_to_Expert:0.6108|Intermediate:0.3892,2_year_defects_warranty,0.9948,,,,,PLT_Digital_Screen_Print_Metallic_Underlay,0.9002,,,,,,,,Handcrafted_at_The_MotherShip_Austria,0.9959,,,,,,,,25.6,0.9002,,65-92kg,0.9002,,1201.0,0.9002,,7.0/6.5,0.9002,,32.0/30.5,0.9002,,All_Mountain,0.9002,,CAPiTA,0.9939,,2x4_Stainless_Steel_12_Pack,0.9503,,Tapered_Directional,0.9503,,153_156_159_162cm,0.9503,,2027,0.9939,,Mens,0.9202,,Biaxial_fiberglass_626g_Carbon_Aramid_Boosters,0.9503,,Snowboard,0.9030,,All_Mountain_Freeride_Powder,0.5504,All_Mountain_Freeride_Powder:0.5504|Groomed_runs_soft_snow:0.4496,2.0,0.9503,,Buck_and_bounce_in_uneven_snow,0.8447,,100pct_clean_energy_hydro_solar,0.9996,,55.9,0.9002,,Strong_edge_hold_camber_dominant,0.7864,,2x20mm_Carbon_Aramid_Boosters,0.9002,,,,,,,,360_Degree_HRC48_Steel_Edges,0.8251,,Effortless_turn_initiation_from_Alpine_V3,0.7881,,Progressive_multi_radii,0.9002,,Tail_narrower_than_nose_powder_floatation,0.7685,,,,,,,,,,,,,,,,,,,,,,,,,,,,,,,,,,
l3KdglPtNM,Salomon_SAS_Amer_Sports,Kickback,Rock_Out_Camber_flat_camber_rocker,0.9998,,Aspen_Strong_CNC_high_density,0.9998,,487.49,0.9839,,In_stock_2026_model,0.9462,,Burton_Process_Flying_V_best_beginner,0.7330,,Extruded_EG_harder_electra_glide,0.9967,,55-85kg,0.8002,,Softest_category_across_scales,0.9622,,2025,0.5234,,29.7,0.8002,,8.0,0.8002,,Beginner_Intermediate,0.9963,,2_years_manufacturer_defects,0.9980,,,,,,,,,,,,,,,,,,,,,,,25.2,0.9505,,,,,120.5,0.8002,,,,,,,,Freestyle,0.9998,,Salomon,0.9999,,2x4,0.9505,,True_Twin,0.6496,,151_153_155_155W,0.8002,,2027,0.8002,,Mens,0.6496,,BA_MD_Biaxial_Medium_Density_Fiberglass,0.9966,,Mens_Freestyle_Snowboard,0.9998,,Park,0.9963,,,,,Extruded_base_slower_than_sintered,0.8242,,FSC_certified_high_density_Aspen,0.8750,,56.0,0.8002,,Blend_edge_hold_and_forgiveness,0.6098,,,,,ABS_Sidewalls_tough_dampening,0.5687,,Budget_friendly_Salomon_freestyle_entry,0.6035,,Freestyle_Edge_Bevel_detuned_2deg_3deg,0.9967,,,,,EQ_Rad_straight_and_radial,0.9998,,,,,,,,,,,,,,,,,,,,,,,,,,,,,,,,,,,,,
l8lUN0Ynp4,Mervin_Manufacturing,Legitimizer,Early_Rise_Camber_C3,0.9963,,Original_Power_Construction_OP_Plus,0.9200,,629.99,0.9974,,Available_2026_some_sizes_sold_out,0.7344,,Yes_Greats_Stone_Message_Yes_Basic_Ride_TwinPig_Burton_GoodCo_Ride_Benchwarmer_Capita_OSL,0.9793,,Eco_Sublimated_Sintered,0.5055,Eco_Sublimated_Sintered:0.5055|Eco_Sublimated_TNT:0.4945,130_plus_lbs_60_plus_kg,0.9948,,5.5,0.9500,,2025_2024_2025_season,0.9743,,30_6_30_6cm,0.9971,,8.3,0.9971,,Intermediate_to_Advanced,0.9993,,1_year_manufacturer_defects,0.8300,,Feels_normal_for_surface_area,0.9793,,Eco_Sublimated_Poly_Top,0.9501,,Brandon_Reis,0.9963,,2840.0,0.9777,,Sequim_Washington_USA,0.9933,,Good,0.9793,,Average,0.9793,,255.0,0.9971,,120_plus_lbs_55_plus_kg,0.9948,,,,,8.3,0.9971,,29_6_29_6cm,0.9971,,Freestyle_Park_Twin,0.9963,,Lib_Tech,0.9963,,2x4_inserts,0.9200,,True_Twin,0.9963,,147_151_153W_154_156W_157,0.9636,147_151_153W_154_156W_157:0.9636|154_157_153W_156W:0.0364,,,,Mens,0.9620,,Triax_and_Biax_fibreglass,0.5799,Triax_and_Biax_fibreglass:0.5799|Biaxial_Basalt_Fiberglass:0.4201,Snowboard,0.9963,,Resort_Park_Streets,0.7004,Resort_Park_Streets:0.7004|Primarily_park_groomers_buttering:0.2627|Park_groomers_side_hits_all_mountain:0.0369,0.0,0.9997,,Easily_bucked_in_rough_uneven_snow,0.9777,,Zero_hazardous_waste_production,0.8114,,51_5_to_63_5cm,0.9963,,Hard_Snow,0.5385,Hard_Snow:0.5385|Adequate_on_icy_snow:0.4615,Original_Power_Construction,0.9948,,Birch,0.9200,,Playful_but_stable,0.9793,,Magne_Traction_7_serrations,0.9701,,4_out_of_5,0.5051,4_out_of_5:0.5051|Medium_Fast:0.4419|Semi_Easy:0.0530,,,,,,,,,,Good,0.5385,Good:0.5385|Chattery:0.4615,Box_Scratcher_shape_and_Box_Knife_camber_fused,0.9948,,117.0,0.9971,,,,,Great,0.5385,Great:0.5385|3_5_out_of_5:0.4615,82.6,0.6576,82.6:0.6576|84.6:0.3424,Average,0.5385,Average:0.5385|2_5_out_of_5:0.4615,Great,0.5385,Great:0.5385|4_out_of_5:0.4615,Stable,0.9793,,Good,0.9793,
lUy9sQQlyI,Rome_Snowboard_Design_Syndicate,Mens_Ravine,Free_The_Ride_Camber,0.9281,Free_The_Ride_Camber:0.9281|Hybrid_Positive:0.0719,Pop_Core_alternating_20mm_Poplar_and_Paulownia,0.9840,,999.99,0.9954,,Preorder,0.9840,,GNU_Gremlin_579_95_stiffer_magne_traction_less_surfy,0.8181,,SinterStrong_Base_sintered_low_maintenance_fast,0.9840,,57.5_to_75.5kg,0.9840,,6.0,0.9839,6.0:0.9839|7.0:0.0161,2019,0.9278,,,,,,,,Advanced,0.9840,,2_year_limited_warranty_from_authorized_dealer,0.9923,,Spongy_dampness_with_easy_riding_bordering_on_playful_feel,0.9175,,,,,,,,2900.0,0.9405,,Titan_Factory,0.9660,,Above_average_but_not_elite_steady_consistent,0.9062,,Designed_to_excel_ample_rocker_setback_camber_3D_nose,0.8767,,25.6,0.9840,,62.5_to_81kg,0.9840,,118.1,0.9840,,,,,,,,Freeride_Powder,0.9122,Freeride_Powder:0.9122|Freeride_Powder_All_Mountain:0.0878,Rome_Snowboard_Design_Syndicate,0.9890,,2x4,0.9840,,Tapered_Directional,0.9281,Tapered_Directional:0.9281|Directional:0.0719,158cm_159cm_Wide,0.9840,,2027,0.9840,,Mens,0.9840,,Triax_Fiberglass_three_angles_above_core,0.9840,,Snowboard,0.9840,,Freeride_powder_off_piste_all_mountain,0.9955,,15.0,0.8588,,If_you_ride_icy_hardpack_often_not_best_match,0.8812,,,,,51.9_to_63.9cm,0.9840,,Really_good_edge_hold_held_well_harder_patches,0.8482,,Double_Directional_Carbon_HotRod_two_rods_in_tail,0.9955,,,,,,,,No_Magne_Traction_or_added_edge_technology,0.8360,,Easy_smooth_predictable_not_super_snappy_but_rhythmic,0.8767,,Tri_Radial_Sidecut,0.9840,,7.5,0.9840,,,,,Nose_longer_and_softer_chatters_getting_up_to_speed,0.8181,,Rome_Ravine_Select_now_Ravine_Pro,0.9595,,,,,45_day_return_policy_from_delivery,0.9923,,,,,87.2,0.9175,,,,,,,,Semi_technical_somewhat_locked_in_could_catch_edge,0.8482,,,,
mIOTmmWeJc,Mervin_Manufacturing,Dynamo,C3_Camber_Directional,0.9980,,OP_75pct_Aspen_25pct_Paulownia,0.9993,,969.99,0.9311,,Available_2027_preorder,0.6199,,Korua_Otto_Jones_Frontier_Ride_Shadowban_Yes_Standard_Capita_BSOD_etc,0.9594,,Eco_Sublimated_TNT_UHMW_dual_layer,0.7635,,,,,7.0,0.6002,,2019_2020_winter_season,0.9462,,29.7,0.9772,29.7:0.9772|29.9:0.0228,8.1,0.9772,8.1:0.9772|8.3:0.0228,Intermediate_to_Advanced,0.9868,,Defects_in_materials_and_workmanship_only,0.9957,,Excellent_pop_near_excellent_grip_very_fun,0.9726,,Eco_Sublimated_Poly_Topsheet,0.7635,,Austen_Sweetin_and_Phil_Hansen,0.9997,,2880.0,0.9743,,Sequim_Carlsborg_Washington_USA,0.9996,,Great,0.9726,,Average,0.9726,,,,,,,,,,,,,,,,,All_Mountain_Freeride,0.9959,,Lib_Tech,0.9999,,2x4,0.7635,,Tapered_Directional,0.9980,,150_153_156_156W_159_159W_162_162W_165W,0.9876,150_153_156_156W_159_159W_162_162W_165W:0.9876|156_159_159W_162:0.0124,2026-2027_Early_Release,0.9957,,Mens,0.7633,,Tri_Ax_Bi_Ax_Fiberglass,0.9015,,Snowboard,0.9957,,All_mountain_freeride_varied_conditions,0.9980,,1.0,0.9753,1.0:0.9753|0.5:0.0247,Not_great_in_powder_base_loses_wax_feels_slow,0.9685,,FSC_certified_wood_cores,0.9840,,,,,Seven_medium_Magnetraction_bumps_grips_very_well,0.9726,,,,,Birch,0.7635,,,,,Magne_Traction_7_serrations,0.9997,,Medium_Fast,0.9726,,,,,3.0,0.9726,,,,,Great,0.9726,,,,,111.0,0.9772,111.0:0.9772|115.0:0.0228,,,,Average,0.9726,,82.2,0.9376,,Great,0.9726,,Great,0.9726,,Locked_In,0.9726,,,,
mp2sqTs0zG,CAPiTA_MFG,The_Outsiders,Park_V1_Profile,0.9986,,Hover_Core_Paulownia_Poplar_ultralight,0.9588,,769.99,0.9958,,On_sale_closeout_stock,0.9865,,NS_Photosynthesis_YES_Greats_Ride_TwinPig_Burton_GoodCo,0.9793,,Hyperdrive_sintered_UHMW_UHDPE,0.8632,,59_86kg,0.9937,,6.0,0.9579,,2014,0.9987,,29.9,0.9937,,8.1,0.9937,,Advanced_Expert,0.9307,Advanced_Expert:0.9307|Intermediate_Advanced:0.0693,2yr_manufacturer_warranty,0.9596,,Flex_improved_dramatically_since_2014_more_durable,0.9799,,PLT_Topsheet_no_solvents,0.7938,,Miles_Fallon_CAPiTA_AM,0.9466,,Feels_normal_light_not_super_light,0.9743,,Austria_The_Mothership,0.9590,,Good,0.9827,,Poor,0.9827,,25.5,0.9937,,63_90plus_kg,0.9937,,122.3,0.9937,,8.3,0.9937,,30.2,0.9937,,Park_and_Resort,0.9598,,CAPiTA,0.9975,,4x2_Stainless_Steel_Inserts,0.7882,,True_Twin,0.9953,,150_152_154_156_158cm,0.9939,,2025,0.9975,,Mens,0.9180,,Holysheet_Triaxial_top_Biaxial_bottom,0.9151,,Snowboard,0.9975,,,,,0.0,0.9937,,Not_great_in_powder,0.9827,,100pct_clean_energy_powered,0.7642,,55.5,0.9937,,Medium_Snow,0.9827,,Aramid_Body_Armor_vibration_dampening,0.9166,,Full_ABS1000_Sidewalls,0.7882,,Nice_balance_pop_and_flex,0.9827,,360_Degree_HRC48_Steel_Edges,0.7882,,Medium,0.9827,,Radial_single_radius,0.8632,,,,,,,,,,,,,,,,,,,,Good,0.9827,,83.0,0.9681,,Good,0.9827,,Great,0.9827,,Semi_Locked_In,0.9827,,Good,0.9827,
mwzSjQjlXD,Nitro_AG_Hunenberg_Switzerland,Prime_Chroma_Cam_Out,Cam_Out_Camber_true_camber_early_rise,0.9406,,PowerCore_tip_to_tail_poplar_wood,0.9626,,,,,,,,Prime_Raw_directional_same_core,0.9406,,Premium_Extruded_FH_Base,0.9406,,,,,5.0,0.9860,,,,,,,,,,,Beginner_Intermediate,0.9212,,,,,,,,,,,,,,,,,Taiwan_Playmaker_factory,0.7442,,,,,,,,,,,,,,,,,,,,,,,All_Mountain,0.8836,,Nitro_Snowboards,0.9989,,2x4_insert_pattern,0.9600,,Directional_Twin,0.9840,,149cm_152cm_155cm_158cm,0.8418,,2026_season_2025_2026,0.9436,,Mens,0.8418,,Bi_Lite_biaxial_fiberglass,0.9664,,Snowboard,0.8836,,Greens_to_park_jumps_and_powder_stashes,0.8475,,-1.5,0.9660,,,,,,,,,,,Good_stability_and_edge_hold_from_camber_underfoot,0.8836,,,,,ABS_Sidewalls_flexible_impact_resistant,0.7519,,Highly_forgiving_designed_for_error_tolerance,0.8108,,Recycled_Steel_Edges_50pct,0.9660,,Easy_smooth_turn_initiation_early_rise_tips,0.8836,,Radial_Sidecut_single_radius,0.9840,,,,,Compatible_2x4_and_channel_via_mini_disc,0.6395,,,,,Nitro_Prime_with_Flat_Out_Rocker,0.6114,,,,,Customer_pays_shipping_to_Nitro_Nitro_pays_return,0.9660,,,,,,,,,,,,,,,,,,,
nWkXQvNyD1,Mervin_Manufacturing,C_Money,C3_Camber,0.9948,,Poplar_Paulownia,0.5781,Poplar_Paulownia:0.5781|Aspen_Paulownia:0.4219,524.99,0.9012,,Coming_soon_2025-26_30pct_off_25-26,0.9785,,Salomon_Huck_Knife,0.6452,,Knife_Cut_Co-Ex,0.4236,Knife_Cut_Co-Ex:0.4236|Sintered_Knife_Cut:0.3674|Eco_Sublimated_Co-Ex:0.2090,110_plus_lbs,0.9948,,6.0,0.9198,6.0:0.9198|5.5:0.0736|5.0:0.0066,2024-2025_season,0.8087,,29.6,0.9948,,8.2,0.9964,,Intermediate-Advanced,0.8101,,Structural_defects_only_no_abuse_coverage,0.7875,,,,,Eco_Sublimated_Poly_Topsheet,0.7964,,Jay_Howell,0.9155,Jay_Howell:0.9155|Trevor_Yardley-Jones:0.0845,2780.0,0.9756,,Sequim_WA_USA,0.9808,,,,,,,,25.5,0.9948,,120_plus_lbs,0.9948,,,,,8.2,0.9964,,29.8,0.9948,,Freestyle_Park,0.9948,,GNU,0.9948,,2x4_inserts,0.9964,,True_Twin,0.9554,,144_148_150W_152_154_154W_156_158W_159,0.9964,,2025,0.9375,,Mens,0.6399,,Tri-Axial_and_Bi-Axial_glass,0.9550,,Snowboard,0.9948,,Park_groomers_ground_tricks_side_hits,0.9923,,0.0,0.9964,,Carving_disappointing_especially_at_speed,0.9569,,FSC_Certified,0.8386,,20.25_to_25.0_inches,0.9948,,Good_on_hard_snow_enhanced_by_Magne_Traction,0.9639,,Tri-Ax_Bi-Ax_glass_with_carbon_power_bands,0.5814,,UHMW,0.8047,,Outstanding_USA_made_sub_450_value,0.6500,,Magne-Traction_7_serrations,0.9969,,,,,,,,,,,,,,Low_chattery_not_damp,0.9639,,,,,1170.0,0.9964,,,,,4.0,0.9639,,83.2,0.9639,,2.0,0.9639,,4.0,0.9639,,,,,,,
o0RF7pQM9h,Salomon_Amer_Sports_1947_Annecy,Assassin_Pro,Rock_Out_Camber_RCR_hybrid,0.9997,,Ghost_Green_Core_paulownia_lightweight,0.9998,,791.99,0.9974,,In_stock,0.9914,,NS_Photosynthesis_Yes_Greats_Stone_Message_Yes_Basic_Ride_TwinPig_Burton_Good_Co_Yes_Typo,0.9579,,Sintered_EG_Base_gallium_electra,0.9981,,55-85kg,0.9958,,8.0,0.9940,,2017_2018_season,0.9944,,29.1,0.9958,,7.7,0.9958,,Advanced_to_Expert,0.9976,,2yr_limited_materials_craftsmanship,0.9860,,Fun_to_carve_springs_out_of_turns,0.9620,,,,,Bode_Merrill,0.9974,,,,,,,,,,,,,,25.3,0.9958,,65-90kg,0.9958,,118.0,0.9958,,7.9,0.9958,,,,,All_Mountain_Freestyle,0.9979,,Salomon,0.9989,,2x4_Inserts,0.9408,,Directional_Twin,0.9986,,150_153_156_159_162_158W_163W,0.9572,,2026,0.9989,,Mens,0.9819,,BIAX_MD_medium_density_european_fiberglass,0.8348,,Snowboard,0.9987,,Park_Powder_All_Mountain,0.9958,,2.0,0.9958,,Does_everything_well_but_doesnt_stand_out_bit_boring,0.9317,,30pct_plant_derived_molecular_structure,0.9620,,54.0,0.9958,,Quadralizer_four_opposing_sidecuts_grip_hard_snow,0.9620,,Ghost_Carbon_Beams_tip_tail_pop_stability,0.9428,,Gunslinger_Sidewalls_carbon_inlays_full_length,0.9998,,,,,,,,,,,Quadralizer_Sidecut,0.9981,,,,,,,,Much_improved_with_recycled_ABS_sidewall_not_super_damp,0.9742,,Salomon_Assassin_Classicks_2017,0.9906,,,,,Up_to_full_year_to_return,0.9868,,,,,,,,,,,,,,,,,,,
oBtLH8dMk7,,Nightfall,EZ_Rocker,0.9480,EZ_Rocker:0.9480|Flat_Rocker:0.0520,Poplar_wood,0.9593,,399.99,0.9507,,All_sizes_sold_out_on_manufacturer,0.9948,,Burton_Ripcord,0.8861,,Extruded,0.8702,,58-85kg,0.9014,,Soft,0.9963,,,,,294.0,0.9014,,8.7,0.9014,,Beginner_to_Intermediate,0.9972,,2-year_warranty,0.9912,,,,,Embossed,0.9431,Embossed:0.9431|Textured:0.0569,,,,,,,China,0.8059,,,,,,,,253.0,0.9014,,75-110kg,0.9014,,,,,9.3,0.9014,,297.0,0.9014,,All-Mountain,0.9305,,5th_Element,0.9963,,2x4_and_4x4,0.8300,,True_Twin,0.9980,,145_150_155_157_160_158W_160W_163W,0.9998,,2025_MY25,0.9566,,Mens,0.9602,Mens:0.9602|Unisex_Adults:0.0398,,,,Mens_snowboard,0.9963,,Designed_for_freestyle_and_terrain_park,0.7827,,0.0,0.9963,,Not_outstanding_performance_or_durability,0.9620,,,,,,,,,,,,,,Liquid_Sidewalls,0.7827,,Soft_feel_makes_it_forgiving,0.9890,,,,,,,,,,,0.0,0.9963,,Standard_4x4_and_2x4_mounting,0.8300,,,,,,,,,,,,,,,,,,,,,,,,,,,,,,,
oWEDkCdJ99,,Surfer,Low_Camber,0.9495,Low_Camber:0.9495|Medium_Camber:0.0505,Paulownia_and_Poplar,0.9957,,1799.99,0.9974,,In_stock,0.9839,,Jones_Storm_Chaser_best_all_around_pow_more_slashable,0.9951,,Nano_Speed_S_sintered_ISOSPORT_7000,0.9494,Nano_Speed_S_sintered_ISOSPORT_7000:0.9494|Hyper_Glide_S_sintered_7000:0.0256|Ultra_Glide_S_sintered_7000:0.0249,67_to_87kg,0.9957,,4.0,0.9974,,2017_2018_season,0.9967,,32.2_29.1cm,0.9957,,7.74,0.9957,,Intermediate_to_Advanced_Expert,0.9513,,2_plus_1_year_warranty,0.9957,,Virtually_unsinkable_spoon_nose_swallowtail,0.9434,,Step_Down_Rails_Top_3D_reduces_weight,0.9940,,,,,3000.0,0.7774,,Austria_CAPiTA_Mothership,0.7483,Austria_CAPiTA_Mothership:0.7483|Asia_or_Saudi_Arabia:0.2517,,,,,,,25.9,0.9957,,77_to_97kg,0.9957,,123.3,0.9957,,7.89,0.9957,,32.9_29.8cm,0.9957,,Powder_Freeride,0.9921,,Bataleon,0.9974,,2x4_inserts,0.9009,,Tapered_Directional,0.9974,,149_154_159_162cm,0.9974,,2025_2026,0.9974,,Mens,0.9974,,Tri_Axial_Laminate,0.9974,,Snowboard,0.9974,,Powder_Freeride_Hardpack_carving,0.8810,,Yes_binding_inserts_shifted_back,0.8232,,,,,,,,49.0_to_61.0cm,0.9957,,,,,AirRide_core_additive_vibration_dampening,0.9630,,Urethane_Flex_Walls,0.9659,Urethane_Flex_Walls:0.9659|ABS_Solid_Walls:0.0341,,,,,,,,,,,,,Tapered_directional_28mm_historical,0.9660,,,,,,,,,,,,,,45_day_returns,0.9940,,,,,,,,,,,,,,,,,,,
oa21GQ68wW,,Afterblack,Twin_Combination_Camber,0.9963,,BAP_Core_Bamboo_Aspen_Paulownia,0.9967,,879.99,0.9742,,In_stock_k2_official,0.9948,,Capita_DOA_YES_Typo_Ride_Algorythm_Nitro_Team,0.7431,,Sintered_4000,0.9997,,59-100kg,0.9964,,6.0,0.5670,6.0:0.5670|5.0:0.4330,2019_season,0.9406,,305/262/305,0.9964,,8.1,0.9964,,Intermediate_to_Advanced,0.8517,,Structural_cracks_delamination_manufacturing_defect,0.9923,,Stiff_camber_twin_technical_aggressive_riders,0.8767,,Not_yet_detailed,0.6207,,Mark_Wilson_design_input,0.9954,,Not_published_wood_core_inconsistency,0.8333,,Guangzhou_Province_China,0.9922,,,,,,,,,,,59-100kg,0.9964,,1220.0,0.9964,,8.3,0.9964,,300/257/300,0.9964,,Freestyle_All_Mountain,0.9620,,K2,0.9963,,2x4_Inserts,0.8517,,True_Twin,0.9964,,149_151_154_156W_157_159W_160,0.9948,,2027,0.7229,,Mens,0.9948,,Triax_Glass_plus_Carbon_DarkWeb,0.9966,,Mens_snowboard,0.9963,,Park_All_Mountain,0.8517,,Centered,0.9964,,,,,Sustainably_harvested_timber,0.6304,,530.0,0.9964,,Good_triax_torsion_carbon_edge_grip,0.6111,,Hybritech_construction,0.8326,,P_Tex_sidewall_capped_tip_tail,0.6005,,,,,,,,,,,,,,,,,,,,BAP_Core_dampens_vibration_harsh_landings,0.9890,,,,,,,,30_day_return_exchange_unworn,0.7534,,,,,,,,,,,,,,,,,,,
oelJQmX6Pt,Mervin_Manufacturing,Dynamo,C3_Directional,0.9936,C3_Directional:0.9936|Camber_Rocker_Camber_Hybrid:0.0064,Aspen_75pct_Paulownia_25pct,0.9969,,969.99,0.9016,,,,,Yes_Pick_Your_Line_Burton_FA_Gnu_Mullair_Jones_Flagship_etc,0.9777,,Eco_Sublimated_TNT_Base,0.8208,,110_plus_lbs,0.9962,,6.5,0.9944,6.5:0.9944|6.0:0.0056,2019_20_winter_season,0.9416,,29.7_29.4cm,0.9962,,8.0,0.9962,,Advanced_to_Expert,0.8597,Advanced_to_Expert:0.8597|Intermediate_Advanced:0.1403,1_year_structural_defects_only,0.7861,,Excellent_Pop_Near_Excellent_Grip_Very_Fun,0.9742,,Eco_Sublimated_Poly_Topsheet,0.7861,,Austen_Sweetin_and_Phil_Hansen,0.9948,,2880.0,0.9931,,Carlsborg_Sequim_WA_USA,0.9985,,,,,,,,25.5,0.9962,,130_plus_lbs,0.9962,,,,,8.1,0.9962,,,,,All_Mountain_Freeride,0.9970,,Lib_Tech,0.9969,,2x4_Inserts,0.6519,,Tapered_Directional,0.9972,,150_153_156_159_162cm,0.9962,,2025-2026,0.9969,,Mens,0.8507,,Tri_Ax_Bi_Ax_Fiber,0.8819,,Snowboard,0.9985,,All_Mountain_Freeride,0.8047,All_Mountain_Freeride:0.8047|Hard_snow_groomers:0.1609|Freestyle_All_Mountain_Freeride:0.0343,25.0,0.9962,,Not_as_good_as_peers_in_powder,0.9742,,Renewable_core_water_based_solvents,0.7861,,20.25_to_25.0in,0.9962,,Confidence_giving_grip_on_icy,0.9018,,,,,Birch_Internal_Sidewalls,0.7861,,Nose_lifts_floaty_and_playful,0.7668,,Magne_Traction_7_bumps,0.9996,,3_5_out_of_5_some_effort,0.7684,3_5_out_of_5_some_effort:0.7684|Fast_easy_eurocarves:0.2316,,,,3.0,0.9839,,,,,,,,,,,111.0,0.9962,,,,,,,,82.2,0.9839,,,,,,,,,,,,,
ogmLc4g28O,Mervin_Manufacturing,Lib_Rig,Early_Rise_Directional_Camber,0.9974,,OP_75pct_Aspen_25pct_Paulownia,0.7838,,1099.99,0.6300,,Available,0.8427,,Amplid_Souly_Grail_YES_PYL_Korua_Otto_Ride_Algorythm_Capita_BSOD,0.9140,,Sintered_Knife_Cut_Base,0.7838,,145lbs_65kg_plus,0.9677,145lbs_65kg_plus:0.9677|70kg_plus:0.0323,7.0,0.9998,7.0:0.9998|6.0:0.0002,2023-2024_season,0.9985,,30.1_29.6cm,0.9677,30.1_29.6cm:0.9677|30.0_29.5cm:0.0323,,,,Intermediate_Expert,0.6762,Intermediate_Expert:0.6762|Advanced_Expert:0.2561|Intermediate_Advanced:0.0676,1yr_manufacturer_structural_defects_only,0.7838,,Ride_1_2cm_longer_mild_volume_shift_short_contact,0.9836,,Eco_Sublimated_Poly_Topsheet,0.7838,,Austen_Sweetin,0.9974,,2940.0,0.9315,,Sequim_Washington_USA_handbuilt,0.7820,,Great,0.9548,,Good_floats_well_early_rise_nose,0.9548,,,,,,,,,,,,,,,,,All_Mountain_Directional,0.9974,,Lib_Tech,0.9974,,2x4_Inserts,0.6300,,Tapered_Directional,0.9974,,153_155_157_159_160W_162,0.9963,,2025-2026,0.9974,,Mens,0.9974,,Tri_Ax_Bi_Ax_Fiber,0.7838,,Snowboard,0.9974,,Groomers_steeps_bowls_trees_soft_powder,0.9219,,1.5in_sidecut_1.75in_from_center,0.9346,,Base_loses_wax_quickly_deal_breaker,0.9548,,FSC_certified_wood_cores,0.9660,,20.25in_to_25in_1.5in_setback,0.9963,,Hard_snow_icy_capable_Magne_Traction,0.9977,,3way_fiber_increased_snap_decreased_vibrations,0.7838,,Birch_Internal_UHMW_Sintered_Sidewall,0.9388,,More_forgiving_than_most_C3_early_rise_nose,0.9548,,Magne_Traction_7_serrations_per_side,0.8081,,Medium_Fast,0.9548,,,,,5.0,0.9245,,,,,Good_no_chatter_solid_all_day,0.9548,,,,,105.0,0.9677,105.0:0.9677|107.0:0.0323,,,,Average,0.9548,,83.2,0.9245,,Great_handles_speed_stable,0.9548,,Great_tracks_well_solid_landing,0.9548,,Stable,0.9548,,Good,0.9548,
pB1C3ZULQO,CAPiTA_MFG_GmbH,Mercury,Resort_V2_Directional_Flat_Kick,0.9627,Resort_V2_Directional_Flat_Kick:0.9627|Hybrid_Rocker_Camber_Rocker:0.0373,Hover_Core_Paulownia_Poplar,0.9998,,1149.99,0.9931,,Available_CAPiTA_direct,0.9974,,Jones_MT_more_composed_directional_stronger_edge,0.8861,,Hyperdrive_sintered_UHMWPE,0.9996,,90to150lb_41to68kg,0.9738,90to150lb_41to68kg:0.9738|40to68kg:0.0262,6.5,0.9856,6.5:0.9856|6.0:0.0144,2016,0.9032,,29.9,0.9738,29.9:0.9738|29.8:0.0262,5_radius_format_7.325_3_neg1.5_3_7.325,0.9738,5_radius_format_7.325_3_neg1.5_3_7.325:0.9738|3_radius_format_7.3_neg1.5_7.3:0.0262,Intermediate_to_advanced_expert,0.9018,,2yr_structural_defects_only,0.9702,,Quiver_killer_handles_all_conditions,0.9569,,PLT_Topsheet_Technology,0.9940,,Kevin_Backstrom,0.9032,,A_little_lighter_than_normal,0.9517,,MotherShip_Austrian_Alps,0.8763,,Excels_for_carves_locks_edge,0.9620,,Decent_better_than_average_float,0.9620,,,,,,,,,,,,,,30.6,0.9738,30.6:0.9738|30.5:0.0262,All-Mountain_Freeride,0.9974,,CAPiTA,0.9974,,2x4_inserts,0.9992,,Directional_0.5in_setback,0.8411,Directional_0.5in_setback:0.8411|Directional_twin:0.1589,147_150_153_155_157_159_161_156W_158W_160W_162W,0.9974,,2026,0.9974,,Mens,0.9032,,Holysheet_Tri_Bi_fiberglass,0.9742,,Snowboard,0.9974,,All_conditions_groomers_powder_park_kickers,0.9839,,,,,Not_for_beginners_learning_to_connect_turns,0.9018,,B_Corp_Score_98.9,0.9974,,,,,Best_edge_hold_in_CAPiTA_line,0.9839,,4x25mm_CarbonFlax_Amplitex_Amplifier,0.9998,,ABS_sidewalls,0.6667,,,,,Stainless_steel,0.8360,,Requires_reasonable_technique,0.9620,,New_Age_Progressive_Death_Grip,0.9992,,0.0,0.9974,,Any_4x4_or_4x2_bindings,0.8360,,,,,Totally_FKn_Awesome,0.9639,,,,,,,,,,,87.3,0.9188,87.3:0.9188|89.9:0.0812,,,,Enjoyable_stable_powerfully_snappy,0.9018,,,,,,,
pDmf5ennJv,Mervin_Manufacturing,T_Rice_Pro_Camber,Almost_full_camber_with_touch_of_early_rise,0.7758,Almost_full_camber_with_touch_of_early_rise:0.7758|Traditional_Camber:0.2242,HP_60pct_Aspen_40pct_Paulownia,0.9969,,935.99,0.9974,,Lib_Tech_direct_lib_tech_com,0.9948,,Burton_Custom_Camber_475_96_excellent_carving,0.9317,,Eco_Sublimated_Sintered_Base_competition_ready,0.9974,,120plus_lbs_55plus_kg,0.9974,,6.5,0.9239,6.5:0.9239|6.0:0.0761,2006.0,0.9793,,301.0,0.9974,,8.2,0.9974,,Advanced_to_expert,0.8903,Advanced_to_expert:0.8903|Intermediate_Advanced:0.1097,1_year_warranty_manufacturer_defects_authorized_dealer,0.9974,,Buttering_possible_if_strong_but_a_lot_of_work,0.9681,,Eco_Sublimated_Poly_Topsheet,0.9001,,Travis_Rice,0.9974,,3000.0,0.9892,,Sequim_Washington_USA,0.9923,,,,,Not_recommended_camber_twin_not_suited,0.9793,,255.0,0.9974,,125plus_lbs_60plus_kg,0.9974,,,,,8.3,0.9974,,302.0,0.9974,,Freestyle_All_Mountain,0.9999,,Lib_Tech,0.9974,,2x4_Inserts,0.9001,,True_Twin,0.9974,,155_157_159_161W,0.9974,,2025-2026,0.9974,,Mens,0.8150,,Triaxial_Biaxial_Fiberglass_Basalt_Alloy,0.8476,,Snowboard,0.9974,,Park_All_Mountain_Freeride_Big_Mountain,0.9001,,0.0,0.9974,,Not_great_in_deep_powder_camber_twin,0.9793,,Zero_hazardous_waste_producing,0.9892,,20.25in_to_25in_0in_setback,0.9974,,Grips_incredibly_well_more_mellow_than_older,0.9992,,Volcanic_fiber_from_basalt_strength_dampening,0.8333,,Birch_Internal_UHMW_Sintered_Sidewall,0.9001,,Versatile_groomed_rough_trees_park_icy,0.9742,,Magne_Traction_7_serrations_per_side,0.9692,,Slow_for_width_prefers_straight,0.6522,Slow_for_width_prefers_straight:0.6522|Nice_easy_good_balance_quick_and_carving:0.3478,,,,,,,,,,Handles_crud_decently_damp_absorbs_chatter,0.9793,,,,,1210.0,0.9974,,,,,Decent_enough_not_ideal_jib_board,0.9742,,85.6,0.9865,,,,,Shines_tracks_straight_builds_speed_explosive_pop_good_landing,0.9827,,Very_technical_catchy_stable_one_foot_punishes_mistakes,0.9793,,Good_grip_not_ideal_micro_adjustments,0.9793,
pRkSjnKwKK,Nitro_AG_Hunenberg_Switzerland,Banker,True_Camber,0.9536,,PowerCore_II_Poplar_Beech_stringers,0.9985,,999.0,0.8955,,Preorder,0.9001,,Amplid_Souly_Grail_K2_Alchemist_Jones_Flagship_Pro_etc,0.9914,,Sintered_EcoSpeed_HD_Base,0.9300,,50_plus_kg,0.9985,,8.0,0.9508,,2019_2020_model_year,0.9805,,298mm_294mm,0.9985,,8.0_6.3m,0.9985,,Advanced_to_Expert,0.9286,,Structural_defects_only_no_impact_abuse_wear,0.9285,,Unique_springy_turning_good_float_great_pop,0.9931,,EcoGuard_Topsheet_90pct_recycled,0.9300,,Bryan_Fox_Tommy_Delago_Christy_Prior,0.9111,,Feels_normal_no_exact_weight_published,0.9800,,Austria,0.8435,,Great,0.9914,,Good,0.9914,,25.3,0.9210,25.3:0.9210|25.5:0.0790,60_plus_kg,0.9001,,,,,8.2_6.5m,0.9001,,,,,All_Mountain_Freeride,0.9300,,Nitro,0.9535,,2x4_Inserts,0.9948,,Directional,0.9536,,156_159_only,0.9875,156_159_only:0.9875|148_152_156_160:0.0125,2027,0.9300,,Unisex_for_2027,0.9111,,Bi_Lite_Laminates_two_direction_fibres,0.9985,,Snowboard,0.9535,,Banked_slalom_groomers_powder,0.9300,,neg15.0,0.9985,,Catchy_technical_for_beginners_intermediates,0.9914,,FSC_responsibly_sourced,0.9300,,48_60cm,0.9985,,Hard_Snow,0.9914,,,,,ABS_Sidewalls_35pct_recycled,0.9985,,Great_spring_on_turn_and_ollie,0.9914,,Recycled_Steel_Edge_50pct,0.9985,,Medium_Fast,0.9914,,Progressive_Sidecut,0.9300,,Tapered_directional_few_mm,0.9914,,Standard_or_mini_disk_bindings,0.8660,,,,,,,,1120.0,0.9985,,,,,Average,0.9914,,,,,Great,0.9914,,Great,0.9914,,Semi_Locked_In,0.9914,,Good,0.9914,
piURfUDEJD,,Twinpig,Twin_Standard_Camber_more_rocker_than_camber,0.3506,Twin_Standard_Camber_more_rocker_than_camber:0.3506|Twin_Standard_Camber_more_camber_than_rocker:0.3220|Twin_Hybrid_Rocker:0.1672|Standard_Camber_extended_rocker_zones:0.1601,Performance_Core_Aspen_Bamboo_Paulownia,0.9976,,899.99,0.8203,,In_stock_now,0.8623,,YES_Greats_carves_exceptionally_well,0.9878,,Sintered_Stone_Ground_4000_PTEX,0.9948,,170_to_220plus_lbs,0.9974,,Medium_4_out_of_10,0.5369,Medium_4_out_of_10:0.5369|Soft:0.4631,2019,0.9777,,328.0,0.9974,,,,,Beginner_Intermediate_Advanced,0.9940,,,,,Extended_demo_10plus_days_asked_to_keep,0.9809,,Standard_Top_Sheet_durable_urethane,0.5623,Standard_Top_Sheet_durable_urethane:0.5623|Topless_Topsheet_graphics_on_fiberglass:0.4377,,,,Light_side_of_normal_for_width,0.6197,Light_side_of_normal_for_width:0.6197|One_of_heaviest_felt_heavy:0.3803,China_production_RD_Seattle,0.9912,,,,,,,,270.0,0.9974,,160_to_220plus_lbs,0.9974,,1148.0,0.9974,,,,,323.0,0.9974,,All_Mountain,0.8002,,Ride_Snowboards,0.9984,,2x4_inserts,0.8002,,Asymmetrical_Twin,0.9974,,136_142_148_151_154_156W_157cm,0.9974,,2027,0.9853,,Unisex,0.8321,,Hybrid_Glass_Triaxial_top_Biaxial_base,0.9556,,Snowboard,0.9984,,All_Mountain_Park,0.9492,All_Mountain_Park:0.9492|Park_groomers_powder:0.0508,0.0,0.9974,,Not_for_big_directional_carves_or_speed_bombing,0.9955,,30pct_recycled_steel_materials,0.9948,,559.0,0.9974,,Pretty_competent_not_strongest_lets_go_harder_snow,0.9809,,Double_Impact_Plates_urethane_weaves,0.9948,,Slim_Walls_3D_composite_Slimewall_urethane,0.9991,,Obsessed_emotionally_attached_after_first_lap,0.9018,,Cleave_Edge_Steel_50pct_more_steel,0.9948,,Fun_turn_love_sidecut_slow_to_initiate_fun_engaged,0.9809,,Asymmetrical_Quadratic_Sidecut_three_radii,0.9948,,,,,Compatible_ReFlex_and_standard_disc,0.8121,,,,,,,,,,,,,,,,,81.1,0.9569,,Not_a_bomber_fast_enough_moderate_speed,0.9809,,Really_poppy_feel_good_air_from_ollie,0.9809,,,,,,,
pn8NiiLe60,Nitro_AG_Hunenberg_Switzerland,Mastercarve,True_Camber,0.9836,,PowerCore_II_Poplar_Beech_stringers,0.9836,,999.99,0.9839,,Preorder,0.9839,,Korua_Cafe_Racer_flex7_directional_float_camber,0.9146,,Sintered_Extruded_HD_Base,0.9836,,60+_kg,0.9836,,9.0,0.9971,,New_FW_2026_27_first_year,0.9692,,31.7,0.9836,,7.2m_nose_5.8m_tail_progressive,0.9836,,Advanced,0.9836,,Defects_material_workmanship_repair_or_replace,0.9948,,Precise_locked_in_easily_handled_excellent_intermediate_advanced,0.8861,,EcoGuard_Topsheet_90pct_recycled,0.9836,,Bryan_Fox,0.9914,,,,,Playmaker_factory_Taiwan,0.9698,,,,,,,,,,,,,,,,,,,,,,,Freeride_Powder_merchant_classification,0.9836,,Nitro,0.9991,,2x4_Inserts,0.9836,,Directional,0.9836,,159cm_only_single_size,0.9836,,2027,0.9836,,Mens,0.9836,,Tri_Lite_Laminates_3_directions,0.9836,,,,,Groomed_runs_carving,0.9836,,-1.5,0.9836,,,,,85_pct_post_industrial_Ptex,0.9836,,,,,,,,,,,ABS_Sidewall_flexible_impact_resistant,0.9836,,,,,Recycled_Steel_Edge,0.9836,,,,,Progressive_Sidecut,0.9836,,,,,,,,,,,Woodcarver_discontinued_after_2021_22,0.9091,,123.0,0.9836,,Store_credit_exchange_30d_no_refund_change_of_mind_no_mounted,0.9836,,,,,,,,,,,,,,,,,,,
qDNHgycySn,Burton_Snowboards_founded_1977,Process_Flying_V,Flying_V_rocker_camber_blend,0.7600,,Super_Fly_II_700G_Dualzone_EGD_Squeezebox_dual_species_wood,0.9557,,879.99,0.7600,,Burton_com_lists_W26_107121_2026,0.9022,,Lib_Tech_TRS_user_switched_happy_except_jibbing,0.8358,,Durable_highly_porous_superior_wax_absorption,0.7767,,68-91,0.7600,,2.5,0.6310,2.5:0.6310|3.0:0.3690,Available_since_at_least_2011,0.8571,,29.49,0.7600,,8.1,0.7600,,Intermediate,0.4202,Intermediate:0.4202|Intermediate_Expert:0.1895|Beginner_Intermediate:0.1526|Intermediate_to_Advanced:0.1468|Beginner:0.0908,,,,,,,,,,Mark_McMorris,0.9556,,,,,Austria_25plus_years_some_China,0.9434,,,,,,,,25.1,0.7600,,68-91,0.7600,,119.5,0.7600,,8.2,0.7600,,29.86,0.7600,,All_Mountain,0.5368,All_Mountain:0.5368|All_mountain_freestyle_twin:0.4632,Burton,0.9963,,The_Channel_2_slots_2_screws_infinite_stance,0.9510,,Twin_Twin,0.7600,,152_155_157_159_162W,0.7600,,2027,0.9635,,Mens,0.9195,Mens:0.9195|Man_Unisex:0.0805,Triax_fiberglass_above_below_core_3_layers_angled,0.9571,,Snowboard,0.9635,,All_mountain_freestyle_emphasis,0.7600,,0.0,0.7600,,Falls_apart_medium_hard_snow_lack_edge_hold,0.8929,,Certified_B_Corporation,0.9905,,56.0,0.7600,,Edge_hold_not_amazing_more_fun_in_soft,0.8716,,Wood_grain_along_edges_two_unbroken_zones_perpendicular,0.7600,,,,,Great_allrounder_no_major_weaknesses_one_board_does_everything,0.8716,,Frostbite_Edges_extend_under_bindings_hardpack_ice,0.7600,,Effortless_to_turn_quick_edge_to_edge,0.8716,,,,,,,,Compatible_most_brands_best_with_EST,0.7600,,Some_chatter_softer_flex_hybrid_higher_speeds,0.7742,,,,,,,,,,,,,,,,,,,,,,,,,,,,
qSB6gSCS0V,,Placebo,Medium_Camber_nose_to_tail,0.9890,,Light_Core_50_50_Poplar_Paulownia,0.9960,,959.99,0.9974,,Ships_UK_to_USA_3_5_days,0.9620,,CAPiTA_DOA_hybrid_camber_best_am_freestyle,0.9761,,Ultra_Glide_S_7000_grade_sintered,0.9950,,65-85kg,0.9948,,8.0,0.9940,,2027_first_year,0.9890,,29.7,0.9948,,8.9/6.9/8.9,0.9948,,Intermediate_Advanced,0.9890,,,,,,,,,,,,,,,,,Austria_CAPiTA_Mothership,0.9998,,,,,,,,25.1,0.9948,,71-91kg,0.9948,,118.9,0.9948,,9.1/7.1/9.1,0.9948,,30.1,0.9948,,Freestyle_All_Mountain,0.9950,,Bataleon,0.9975,,2x4_Inserts,0.9931,,Directional_Twin,0.9950,,153_156_159_162_160W_164W,0.6506,153_156_159_162_160W_164W:0.6506|149_153_159_160W_164W:0.2410|149_153_156_159_160W_162_164W:0.1084,2027,0.9994,,Mens,0.9742,,Traditional_two_way_weave,0.7386,Traditional_two_way_weave:0.7386|Tri_Ax_laminate:0.2614,Snowboard,0.9948,,Park_AllMountain_Powder_Freeride,0.6471,Park_AllMountain_Powder_Freeride:0.6471|Park_Resort_Powder:0.3529,,,,One_user_reported_delamination_prior_model,0.7895,,,,,55.0,0.9948,,,,,Central_SuperTube_hollow_carbon_pop,0.9990,,FlexWalls_urethane_sidewalls,0.9932,,Catch_free_riding_edge_hold_playful_feel,0.7309,,,,,,,,Tri_radial_size_specific,0.9890,,,,,Standard_2x4_inserts_compatible_all_major_brands,0.9890,,,,,Goliath_redesign_progression,0.9839,,,,,45_day_returns,0.9998,,,,,,,,,,,,,,,,,,,
qgoFRGDtRP,Mervin_Manufacturing,Upgrade,Hybrid_Rocker_Camber_Rocker_Camber,0.9922,,,,,999.99,0.8514,,In_stock,0.9948,,Lib_Tech_Terrain_Wrecker,0.9639,,Eco_Sublimated_Sintered_Base,0.9219,,,,,6.0,0.6522,,2025-2026_first_year,0.9992,,30.0,0.9598,30.0:0.9598|30.3:0.0402,7.6/7.7/7.5m,0.9606,7.6/7.7/7.5m:0.9606|7.7/7.7/7.5m:0.0394,Intermediate,0.6822,,,,,,,,Eco_Sublimated_Poly_Topsheet,0.9219,,Jeff_Hendo_Henderson,0.9996,,2920.0,0.9827,,,,,,,,,,,,,,,,,,,,,,,,,,All_Mountain_Freestyle,0.9978,,GNU,0.9986,,2x4_Inserts,0.9036,,Directional_Twin,0.9982,,151cm_153cm_156cm_157W_159cm_160W,0.9984,,2025-2026_season,0.9986,,Mens,0.9317,,Tri_Axial_Bi_Axial_Glass,0.9043,,Snowboard,0.9986,,All_mountain_groomed_offpiste_resort,0.9948,,0.75,0.9974,,,,,FSC_Certified_wood_cores,0.9877,,47-67.5cm_all_sizes,0.9957,,Strong_MagneTraction_exceptional_on_ice,0.9743,,Carbon_Power_Bands,0.9974,,UHMW_Polyethylene,0.9336,,,,,,,,,,,,,,None,0.9639,,,,,Slightly_damp_more_damp_than_Hyper,0.9723,,GNU_Hyper_discontinued,0.9922,,,,,,,,,,,88.6,0.9785,,,,,,,,,,,,,
qx4DfZPcfO,,Cameleon,Medium_Camber_3BT_SideKick,0.9009,,Ultra_Light_Core_70_30_Paulownia_Poplar,0.9995,,1149.99,0.9974,,Bataleon_US_direct_free_shipping_sale_active,0.9940,,Capita_Navigator,0.9972,,Ultra_Glide_S_7000_grade_sintered,0.9977,,71-91kg,0.9974,,5.0,0.9961,5.0:0.9961|6.0:0.0039,2024/2025,0.9524,,31.5/30.1,0.9974,,6.83,0.9974,,Intermediate_Expert,0.5154,Intermediate_Expert:0.5154|Intermediate_Advanced:0.4846,2_plus_1_year_warranty,0.9966,,Mixed_positives_pop_forgiveness_float_vs_edge_hold_buckiness,0.9405,,Step_Down_Rails_Top_3D,0.9977,,,,,Pretty_normal_weight_no_exact_published,0.8899,,Austria_CAPiTA_Mothership,0.9970,,,,,,,,26.0,0.9974,,81-101kg,0.9974,,118.3,0.9974,,6.95,0.9997,,32.1/30.7,0.9974,,Directional_freeride_all_mountain,0.5572,Directional_freeride_all_mountain:0.5572|Freeride_Powder:0.4429,Bataleon,0.9974,,2x4_24_inserts_stainless_steel,0.9976,,Tapered_Directional,0.9907,,149_153_157_161cm,0.9974,,2025/2026,0.9974,,Mens,0.6701,Mens:0.6701|Unisex:0.3299,Tri_Ax_Laminate_three_way_fiberglass,0.9977,,Snowboard,0.9974,,Freeride_Powder_All_Mountain,0.9009,,,,,Very_limited_grip_edgeless_washy_in_hard_snow,0.9499,,,,,51.0-63.0cm,0.9974,,,,,3BT_3D_base_shaping_catch_free_turns_float,0.7513,,Flex_Walls_urethane_poured,0.9977,,One_board_that_does_everything_pretty_well,0.9466,,Triple_Base_Technology_3BT_edge_catch_reduction,0.9009,,Quick_edge_to_edge_transitions,0.9594,,,,,15.0,0.9661,,2x4_pattern_compatible_most_modern_bindings,0.7202,,Good_chatter_dampening_urethane_construction,0.9499,,Bataleon_Camel_Two,0.6677,,,,,,,,,,,Rank_10_of_28_mellow_freeride_2026,0.9176,,,,,,,,,,,,,
r19U0PEwkn,Burton_Snowboards_founded_1977,Process,Hybrid_Camber,0.8109,Hybrid_Camber:0.8109|PurePop_Camber:0.1891,Super_Fly_II_700G_Core,0.9207,,703.99,0.9948,,Available,0.9991,,Salomon_Assassin,0.8690,,Durable_highly_porous_superior_wax_absorption,0.9009,,68_91kg_150_200lbs,0.9931,,6.0,0.3797,6.0:0.3797|5.0:0.2712|3.5:0.2110|6.5:0.1381,2011_or_earlier,0.8333,,294.9,0.9931,,8.1,0.9931,,Intermediate_Advanced,0.8230,Intermediate_Advanced:0.8230|Beginner_to_Advanced:0.0966|Beginner_Intermediate:0.0805,Against_manufacturer_defects_repair_or_replace,0.9974,,4.0,0.7774,,Tiger_graphic_glow_in_dark_elements,0.7077,,Mark_McMorris,0.9602,,3100.0,0.9709,,Kiel_Nindl_GMBH_Austria,0.9777,,,,,,,,252.0,0.9931,,,,,1215.0,0.9931,,,,,,,,All_Mountain,0.9535,,Burton,0.9984,,The_Channel_all_brands_compatible,0.9207,,True_Twin,0.9567,,152_155_157_159_162cm,0.9931,,2026,0.9984,,Mens,0.9948,,Triax_Fiberglass_45_45_0,0.9561,,Snowboard,0.9868,,10.0,0.8117,,12.5,0.5046,12.5:0.5046|0.0:0.4954,Shy_hesitant_awkward_at_fast_speeds,0.9639,,FSC_Certified,0.9999,,560.0,0.9931,,,,,Dualzone_EGD_Engineered_Grain_Direction,0.9207,,,,,Agile_easy_pop_confidence_side_hits,0.9639,,Frostbite_Edges_extend_from_sidewall,0.9009,,4.0,0.9991,,,,,,,,Works_best_with_Burton_EST_bindings,0.7638,,Chattery_bucked_around_uneven_terrain,0.9639,,,,,,,,Up_to_1_full_year,0.8513,,,,,84.6,0.5000,84.6:0.5000|83.1:0.5000,,,,,,,,,,,,
rVu6J9pm3a,Mervin_Manufacturing,Facts,Original_Banana_BTX_Hybrid,0.9974,,Poplar_Paulownia_G_Lite_1,0.9534,Poplar_Paulownia_G_Lite_1:0.9534|Aspen_Paulownia_G_Lite_1:0.0466,559.99,0.9200,,In_stock_evo,0.7731,,More_edge_grip_stability_via_Magne_Traction,0.6096,,Extruded_Knife_Cut_Co_Ex,0.8401,Extruded_Knife_Cut_Co_Ex:0.8401|Sintered_Knife_Cut_Co_Ex:0.1599,110_plus_lbs_50_plus_kg,0.9963,,6.0,0.9630,6.0:0.9630|5.0:0.0318,New_model_for_2026,0.6918,,29.8,0.9963,,8.2,0.9963,,Beginner_Intermediate,0.9507,,Defects_in_materials_and_workmanship,0.9945,,Perfect_board_for_beginners_fun_forgiving,0.8112,,Eco_Sublimated_Poly_Topsheet,0.9964,,Sam_Davidson_Anti_Hero,0.8092,,,,,Sequim_Carlsborg_Washington_USA,0.9995,,,,,,,,25.4,0.9963,,130_plus_lbs_60_plus_kg,0.9963,,,,,8.3,0.9963,,30.2,0.9963,,Freestyle_All_Mountain,0.9974,,GNU,0.9974,,2x4_Inserts,0.9964,,Directional_Twin,0.9974,,147_150_153_156_156W_159_159W_162W,0.9974,,2026,0.9974,,Mens,0.9945,,Tri_Ax_Bi_Ax_Fiberglass,0.9964,,Snowboard,0.9974,,Freestyle_All_Mountain,0.9974,,0.75,0.9974,,Nerve_wracking_at_high_speed,0.4716,,Zero_hazardous_waste_factory,0.9933,,19_24in_to_24in,0.9963,,Unreal_edge_hold_all_conditions,0.9996,,,,,UHMW_Polyethylene,0.9964,,Floats_in_powder_jibs_everything,0.9726,,Magne_Traction_7_serrations,0.9997,,,,,,,,,,,Bent_Metal_bindings_same_factory,0.5531,,,,,,,,119.0,0.9963,,,,,,,,,,,,,,,,,,,,,,
rnemYdm2f1,Mervin_Manufacturing,Skate_Banana,Continuous_Rocker,0.9894,Continuous_Rocker:0.9894|OB_Original_Banana_Hybrid_Rocker:0.0106,75pct_Aspen_25pct_Paulownia,0.9506,,539.99,0.6200,,2024_model_discontinued_sold_out,0.9947,,Burton_Process_advanced_lightweight_twin,0.8136,,Eco_Sublimated_TNT_UHMW,0.9573,,25kg_plus,0.8475,25kg_plus:0.8475|50_75kg:0.1525,4.5,0.6200,,2006_2007_season,0.4490,2006_2007_season:0.4490|2007_2008_season:0.3629|2008:0.1881,28.8,0.6200,,8.3,0.6200,,Day_1_to_Advanced,0.6200,,1_Year_Manufacturer_Structural_Only,0.9628,,Freestyle,0.9499,,Eco_Sublimated_Poly_Top,0.9356,,Ryan_Davis_jonnywavis,0.8640,,,,,Handbuilt_USA_Sequim_WA,0.9521,,Average,0.9499,,Average,0.9499,,255.0,0.6200,,,,,,,,,,,,,,Freestyle,0.8139,Freestyle:0.8139|All_Mountain_Freestyle:0.1861,Lib_Tech,0.9506,,2x4_Inserts,0.6200,,Twin,0.9300,,150_152_154_156_159cm,0.6200,,2024_2023_2024_season,0.9506,,Mens,0.7084,,Tri_Ax_Bi_Ax_Fiber,0.9691,,Snowboard,0.6200,,All_Mountain_Freestyle,0.5404,All_Mountain_Freestyle:0.5404|Park_Resort_Backcountry:0.4596,0.0,0.9500,,Very_loose_and_Auto_Spinny,0.9499,,Zero_hazardous_waste_production,0.9916,,60.96,0.6200,,Very_solid_icy_snow_capable,0.9929,,,,,Birch_internal_sidewalls,0.9309,,Magne_Traction_better_edge_hold_than_competitors,0.9209,,Magne_Traction_7_serrations,0.9506,,Fast,0.9499,,,,,,,,Standard_2x4_mounting,0.6200,,,,,,,,117.0,0.6200,,,,,Great,0.9499,,,,,Average,0.9499,,Average,0.9499,,Loose,0.9499,,Good,0.9499,
rnwZw4kRkN,Salomon_SAS_Annecy_France,Pulse,Flat_Out_Camber,0.9986,,Full_length_Aspen_with_birch_stripes,0.9976,,549.99,0.9948,,Salomon.com_direct_$399.95_sale_$319.96,0.9948,,K2_Raygun_Yes_Basic_Rossignol_One_LF_Salomon_Sight_Ride_Agenda,0.5031,,Extruded,0.9963,,55-75kg,0.8802,,2.0,0.7464,2.0:0.7464|3.0:0.2536,2008/2009,0.9965,,296.0,0.8802,,6.5,0.9963,,Beginner_Intermediate,0.9983,,Valid_from_authorized_retailer_repair_or_replace,0.9931,,Perfect_board_for_beginners_forgiving_playful_low_price,0.9022,,UV_Protected_Gloss,0.5800,,,,,2350.0,0.9931,,,,,,,,,,,251.0,0.8802,,60-90kg,0.8802,,117.5,0.8802,,,,,300.0,0.8802,,All-Mountain,0.9983,,Salomon,0.9981,,4x2_Inserts,0.9981,,Directional_Twin,0.9986,,142_145_149_152_156_160_163_158W_162W,0.9981,,2024/2025,0.9948,,Mens,0.9963,,BIAX_LD_fiberglass_BA_LD_Glass,0.9977,,Snowboard,0.9986,,All-Mountain_Freestyle,0.9865,,Binding_stance_set_back_slightly_nose_float,0.9515,,Defect_warranty_service_went_silent,0.7229,,FSC_Certified_Aspen_wood_core,0.6738,,,,,Camber_underfoot_superior_edge_hold_vs_rocker,0.7251,,,,,ABS_Acrylonitrile_Butadiene_Styrene,0.6738,,Soft_flex_Bite_Free_Edges_catch_free_low_consequence,0.9970,,Bite_Free_Edges,0.9948,,Easy_turn_initiation_Flat_Out_Camber_detuned_edges,0.9022,,Radial,0.9976,,,,,,,,,,,Previous_Salomon_Pulse_models_since_2008_2009,0.8556,,,,,,,,,,,,,,,,,,,,,,,,,
s2T2yRY9iM,CAPiTA_Snowboards_C3_Worldwide,Defenders_of_Awesome_DOA,Resort_V1_Flat_Kick_Tech,0.9991,,P2_Superlight_Paulownia_Poplar,0.9994,,999.99,0.9000,,Popular_sells_out_quickly,0.9375,,YES_Greats_UnInc_asym_sidecut_midbite_stiffer,0.9953,,Quantum_Drive_sintered_UHMWPE,0.9992,,54to82kg,0.9554,54to82kg:0.9554|54to81kg:0.0446,5.5,0.9994,,2012_2013_season,0.9892,,30.1,0.9554,30.1:0.9554|30.2:0.0446,8.2,0.9554,8.2:0.9554|8.1:0.0446,Intermediate_to_advanced,0.9970,,Excludes_impact_rock_rail_abuse_wear,0.8912,,,,,PLT_Digital_Screen_Print_Metallic_Underlay,0.9991,,,,,,,,The_Mothership_Feistritz_Austria,0.9997,,Good_but_not_elite_carver,0.9969,,Weak_doesnt_float_nose_dives,1.0000,,,,,63to91kg,0.9554,63to91kg:0.9554|63to90kg:0.0446,1234.0,0.9677,1234.0:0.9677|1233.0:0.0323,,,,,,,All_Mountain_Freestyle,0.9937,,CAPiTA,0.9980,,2x4_inserts,0.9500,,True_Twin,0.9994,,16_sizes_manufacturer,0.9804,16_sizes_manufacturer:0.9804|13_sizes_merchant:0.0196,2027,0.9265,,Mens,0.9552,,Hybrid_Carbon_HolySheet_BiAx,0.9991,,Snowboard,0.9500,,All_Mountain_Freestyle_Park_Carving,0.9983,,Centered,0.9986,,,,,100pct_clean_energy_hydro_solar,0.9998,,55.9,0.9554,55.9:0.9554|58.4:0.0446,Good_solid_hardpack_impressive_for_freestyle,0.9994,,Carbon_Fiber_Boosters,0.9982,,Fortress_Aramid_Kevlar_Sidewalls,0.8948,,,,,,,,,,,Blended_Radial,0.9991,,0.0,0.9974,,All_standard_2x4_insert_bindings,0.9300,,Moderate_some_dampness_chatter_afternoon_chop,0.9943,,,,,,,,,,,Doable_but_advanced_expert_jibbers_only,0.9996,,Ranked_1st_of_16_aggressive_am_freestyle,0.9620,,Good_really_stable_at_speeds,0.9952,,,,,,,,,,
sNXo66BiQz,,Warden,Fusion_Camber,0.9974,,Stomp_Core_100pct_Poplar,0.9971,,829.99,0.9245,,In_stock,0.9571,,CAPiTA_Mercury_NS_Trooper_LT_Terrain_Wrecker,0.9548,,High_end_durable_extruded_base,0.8367,,62.5-81.0,0.7100,,5.0,0.9974,,2019_2020_season,0.9278,,,,,,,,Intermediate_to_advanced_quiver_killer,0.9548,,2yr_limited_extendable_to_3yr,0.9999,,Fun_board_rides_better_than_price_suggests,0.9140,,,,,,,,3240.0,0.9554,,,,,,,,Low_angle_powder_nightmare,0.8899,,25.2,0.7100,,,,,120.4,0.7100,,,,,,,,All-Mountain,0.9974,,Rome,0.9998,,2x4_Inserts,0.7100,,Directional_Twin,0.9974,,151_154_157_158W_160_161W,0.9727,151_154_157_158W_160_161W:0.9727|154_157_158W_161W:0.0273,2027,0.9245,,Mens,0.9926,,Triax_Upper_Biax_Lower,0.9684,Triax_Upper_Biax_Lower:0.9684|Biax_Upper_Biax_Lower:0.0316,Snowboard,0.9926,,Groomed_runs_off_piste_all_mountain,0.7100,,Centered_reference_stance,0.9449,,Delamination_on_2024_model_warranty_replaced,0.6985,,,,,49.3-61.3,0.7100,,Really_competent_good_edge_hold,0.9986,,Twin_Single_Bamboo_HotRod,0.9963,,,,,Versatile_responsive_playful_great_pop,0.6714,,,,,Quick_turn_initiation_comes_alive_on_edge,0.9984,,Radial_Sidecut,0.9971,,0.0,0.7100,,,,,,,,,,,,,,45_day_return_period,0.9934,,,,,87.3,0.9519,,Stable_at_speed_no_chatter_base_lacks_glide,0.9062,,,,,,,,,,
sdDOE7560R,CAPiTA_Snowboards_Capita_MFG_GmbH,Pathfinder,Park_V2_Flat_Kick_dual_reverse_camber,0.9581,,Dual_Core_Poplar_and_Beech,0.9579,,799.99,0.9000,,In_stock,0.9742,,Rome_Mechanic_more_planted_pathfinder_snappier,0.9569,,Sintruded_sintered_extruded_hybrid,0.7726,,54-82kg,0.5000,54-82kg:0.5000|54-81kg:0.5000,4.0,0.9000,,,,,30.3,0.9500,,7.9,0.9500,,Beginner,0.9000,,Covers_delamination_cracking_inserts_defects,0.9974,,Forgiving_easy_to_ride_reduces_edge_catching,0.7726,,Metallic_Screen_and_Gloss_Matte_Print,0.9000,,,,,6.0,0.8500,,Handcrafted_in_Austria_at_The_MotherShip,0.9974,,Not_tool_for_deep_carves_washes_out,0.9681,,OK_shallow_powder_not_ideal_deep,0.9681,,25.6,0.9500,,63-91kg,0.5000,63-91kg:0.5000|63-90kg:0.5000,1235.0,0.5000,1235.0:0.5000|1234.0:0.5000,8.0,0.9500,,30.5,0.9500,,Freestyle_All_Mountain,0.9000,,CAPiTA,0.9974,,2x4_Inserts,0.9000,,True_Twin_symmetrical,0.9500,,151_153_155_157cm,0.9000,,2026,0.5000,2026:0.5000|2027:0.5000,Mens,0.5500,Mens:0.5500|Unisex:0.4500,Special_Blend_Fiberglass_biaxial,0.9592,,Snowboard,0.9500,,Park_All_Mountain,0.9000,,0.0,0.9000,,Chattery_not_damp_uncomfortable_higher_speeds,0.9517,,Certified_B_Corporation,0.9940,,55.9,0.9948,,,,,,,,,,,Super_easy_to_butter_press_forgiving,0.9569,,Bitter_End_Deflection_Tuning,0.8012,,Really_easy_to_initiate_turns,0.9681,,Radial_single_radius,0.9579,,0.0,0.8500,,2x4_insert_compatible_most_modern_bindings,0.9000,,Wobbly_above_moderate_speed_quite_chattery,0.9986,,Horrorscope_series,0.9986,,,,,,,,Great_for_jibbing_forgiving_playful,0.9681,,,,,,,,3.5,0.9681,,,,,,,
spP1v7GA81,Nitro_AG_Hunenberg_Switzerland,Nitro_x_Inter_Snowboard,True_Camber,0.9940,,Powerlite_ultra_lightweight_poplar,0.9963,,899.99,0.8111,,Widely_available_multiple_retailers,0.9993,,Burton_Custom_Camber_679_95,0.9699,,Sintered_EcoSpeed_HD,0.9940,,60_to_80kg,0.9940,,7.0,0.9963,,,,,295.0,0.9940,,11.3_7.3_11.3,0.9940,,Intermediate,0.9868,,Defects_in_material_and_workmanship,0.9882,,Good_for_technical_old_school_riders_great_carving,0.8947,,Water_based_inks,0.9996,,Ludvig_Billtoft_Yuto_Yamada_Nils_Arvidsson,0.7116,,,,,,,,,,,Not_ideal_full_camber_back_leg_burning,0.8947,,250.0,0.9940,,60_to_80kg,0.9554,60_to_80kg:0.9554|65_to_85kg:0.0446,,,,11.3_7.3_11.3,0.9554,11.3_7.3_11.3:0.9554|11.7_7.3_11.7:0.0446,295.0,0.9554,295.0:0.9554|297.0:0.0446,All_Mountain,0.9940,,Nitro_Snowboards,0.9994,,2x4_inserts,0.9868,,Directional_Twin,0.9940,,152_155_157_159cm,0.9999,,2026,0.8676,,Mens,0.9868,,Bi_Lite_Laminates_two_direction_fibres,0.9963,,Snowboard,0.9940,,10.0,0.9940,,_15.0,0.9963,,,,,100pct_solar_powered_700KW,0.9996,,48_to_60cm,0.9940,,,,,,,,ABS_35pct_recycled_polymers,0.9940,,,,,50pct_recycled_steel_durable,0.9940,,,,,Dual_Degressive,0.9940,,,,,,,,,,,,,,1170.0,0.9940,,,,,,,,,,,Good_glide_and_dampness_at_speed,0.8947,,,,,,,,,,
t3UScMTGDP,Burton_Snowboards_Burlington_VT,Custom_Flying_V,Flying_V_hybrid_rocker_camber,0.9583,,Super_Fly_II_700G_FSC_dual_species,0.9358,,699.99,0.9300,,Widely_available_multiple_retailers,0.9925,,Jones_MT_LibTech_TRP_NS_PT2_Capita_Mercury_Yes_Std_Burton_FA_Sal_Assassin,0.9848,,Sintered_WFO,0.9508,,68-91kg,0.9000,,4.5,0.9000,,,,,29.4,0.9000,,7.8,0.9000,,Beginner_Expert,0.7403,Beginner_Expert:0.7403|Intermediate_Expert:0.1333|Novice_Expert:0.1264,3_year_warranty_from_purchase,0.9016,,Semi_Easy,0.9620,,,,,,,,Feels_Normal,0.9524,,China,0.8854,,Average,0.9681,,Average,0.9681,,25.2,0.9000,,68-91kg,0.9000,,119.5,0.9000,,7.9,0.9000,,29.7,0.9000,,All_Mountain,0.9965,,Burton,0.9974,,The_Channel,0.9508,,Twinish,0.7552,Twinish:0.7552|Directional:0.2448,150_154_156_158_162_154W_158W_162W_166W,0.9300,,2025,0.9960,,Mens,0.9923,,,,,Snowboard_deck_only,0.9016,,All_Mountain_Park_Powder,0.9000,,−1.25,0.9000,,Edge_hold_rated_Medium_Soft_Snow,0.9620,,Certified_B_Corporation,0.9756,,53.0,0.9000,,Medium_Soft_Snow,0.9681,,Pro_Tip_tapered_tips,0.9311,,,,,Pops_well_especially_with_hinge_tech_bindings,0.9620,,Frostbite_Edges,0.9357,,Medium_Fast,0.9681,,,,,,,,The_Channel_all_major_bindings,0.5561,The_Channel_all_major_bindings:0.5561|Burton_EST_specific:0.4439,,,,,,,,,,90_days_unused,0.8500,,Good,0.9681,,,,,Good,0.9681,,Good,0.9681,,Semi_Stable,0.9681,,Average,0.9681,
tBtg11GZkI,Mervin_Manufacturing,Riders_Choice,C2x_rocker_between_feet_camber_to_tips,0.9985,,G_Lite_3_FSC_Aspen_Paulownia_Carbon_Power_Bands,0.9986,,879.99,0.9931,,Widely_available_multiple_retailers,0.9994,,Never_Summer_Proto_Synthesis_Burton_Custom_Flying_V,0.9231,,Sintered_Knife_Cut_Base,0.9278,,130_plus_lbs_65_plus_kg,0.9978,,5.5_to_7.0,0.9637,5.5_to_7.0:0.9637|5.0:0.0363,At_least_2005,0.6667,,299.0,0.9978,,7.8_8.2m_asym,0.9978,,Intermediate_to_Advanced,0.9306,,,,,Well_rounded_park_ride_covers_more_than_expected,0.9524,,Eco_Sublimated_Bio_Beans_Topsheet,0.8500,,Mathieu_Crepel_Blake_Paul_Max_Gus_Warbington,0.9830,,3080.0,0.9890,,Sequim_Washington_USA,0.9930,,,,,One_of_better_twins_for_floating,0.9524,,,,,,,,,,,,,,,,,Freestyle_All_Mountain,0.7237,Freestyle_All_Mountain:0.7237|All_Mountain_Freestyle:0.2763,GNU,0.9986,,2x4_Inserts,0.9985,,Asym_Twin,0.9985,,151.5_154.5_155W_157.5_158W_159.5_161.5_162W,0.9677,151.5_154.5_155W_157.5_158W_159.5_161.5_162W:0.9677|154.5_157.5_155W_158W:0.0323,2026,0.9974,,Mens,0.9783,,Tri_Ax_Bi_Ax_plus_Carbon_Power_Bands,0.8000,,Snowboard,0.9985,,Freestyle_All_Mountain,0.9458,Freestyle_All_Mountain:0.9458|Park_groomers_powder_all_mountain:0.0542,0.0,0.9985,,Not_ideal_for_dedicated_deep_powder_days,0.9018,,Zero_hazardous_waste_manufacturing,0.9988,,20.25_to_25.0_inches,0.9978,,Spot_on_Magne_Traction,0.9620,,Carbon_Power_Bands_pop_response_lifespan,0.8500,,UHMW_Ultra_High_Molecular_Weight_Polyethylene,0.8500,,,,,Magne_Traction_7_serrations,0.9986,,Excels_asym_sidecuts_minimal_effort,0.9231,,,,,,,,Union_Force_Burton_Cartel_medium_flex,0.9533,,6_of_10_chattery_damp,0.6000,6_of_10_chattery_damp:0.6000|Minimal_chatter_at_high_speed:0.4000,,,,1190.0,0.9978,,,,,3.0,0.9839,,88.3,0.9914,,3.5,0.9839,,4.5,0.9839,,Pretty_loose_feel_between_feet,0.9524,,,,
tGr1O7bwpu,Burton_Snowboards,Family_Tree_High_Fidelity,Directional_Camber_rocker_nose_camber_feet,0.8656,,Super_Fly_II_700G_dual_species,0.9633,,1099.99,0.9974,,Widely_available_multiple_retailers,0.9958,,Amplid_Souly_Grail_K2_Alchemist_YES_PYL_Uninc_Weston_Backwoods_United_Shapes_Cadet_Burton_Gril_Master_Jones_Flagship_Pro,0.9579,,Sintered_WFO,0.8983,,68-91kg,0.9963,,7.5,0.9642,,2025_season,0.9479,,29.35/28.65,0.9963,,7.8,0.9963,,Intermediate_Advanced,0.9836,,3_year_warranty,0.8381,,Freeride,0.9742,,Bird_themed_vulture_graphic,0.9948,,Ben_Ferguson_and_Kimmy_Fasani,0.7780,,Very_light_on_scales_normal_on_snow,0.9416,,Austria_Keil_factory,0.9974,,great_carv,0.9742,,Great,0.9742,,248.0,0.9963,,,,,112.0,0.9963,,,,,,,,Freeride_Powder,0.8656,,Burton,0.9985,,The_Channel,0.8344,,Tapered_Directional_Freeride,0.9609,,154_158_162cm,0.9974,,2026,0.9985,,Unisex,0.8621,,45_degree_Carbon_Highlights,0.8983,,Snowboard,0.9985,,Steep_deep_off_piste_freeride_powder_backcountry,0.9948,,neg25.0,0.9963,,Narrow_waist_causes_drag_above_US_8_5,0.9839,,B_Corporation,0.9579,,v56s,0.9963,,Medium_Snow,0.9742,,,,,,,,Stiff_and_aggressive_for_high_speed_charging,0.9742,,,,,Fast,0.9742,,,,,7.0,0.9985,,All_major_brands_EST_optimized,0.8344,,,,,,,,,,,,,,Poor,0.9742,,,,,great_spd,0.9742,,great_jmp,0.9742,,Semi_Locked_In,0.9742,,good_pipe,0.9742,
tyCoQ9A7Bi,Salomon_SAS_Amer_Sports,HPS_Sickstick_Hillside_Project_Series,Rock_Out_Camber,0.9614,Rock_Out_Camber:0.9614|Rocker_Camber_Rocker_hybrid:0.0386,Ghost_Green_Core_Paulownia,0.6953,Ghost_Green_Core_Paulownia:0.6953|Aspen_Paulownia:0.3047,664.99,0.9974,,Available,0.9970,,Ride_Warpig_excellent_value_alternative,0.9800,,Sintered_EG_Gallium_Electra_Fine_Stone,0.9836,,60_75kg,0.9931,,Medium,0.8420,Medium:0.8420|Progressive_stiffens_deeper:0.0964|Responsive_stiff:0.0616,2007.0,0.9974,,299_289mm,0.9950,,,,,Intermediate_to_Advanced_Expert,0.9908,,,,,Great_time_unsure_200_premium_justified,0.8861,,Clean_natural_wood_bamboo_visible_good_looking,0.9917,,Wolle_Nyvelt,0.9868,,,,,Amer_Sports_factories_Taiwan_China,0.7097,,,,,,,,258.0,0.9950,,70_85kg,0.9931,,1142.0,0.9950,,,,,305_295mm,0.9950,,All_Mountain_Freeride_Powder,0.9703,All_Mountain_Freeride_Powder:0.9703|Freestyle_powder_hybrid:0.0297,Salomon,0.9975,,2x4_inserts,0.9742,,Tapered_Twin,0.9975,,145_149_153_156_159_163cm,0.9931,,2025_Season_2024_2025,0.9890,,Unisex,0.9766,Unisex:0.9766|Mens:0.0234,BA_MD_Glass_biaxial_medium_density,0.9836,,Snowboard,0.9974,,Powder_all_mountain_backcountry_freeride,0.9981,,0.0,0.9958,,,,,30pct_bio_based_resin,0.9620,,,,,Impressive_edge_grip_on_groomers,0.9620,,Reduces_fiberglass_resin_40pct,0.9539,,ABC_Wrapper_bamboo_cork,0.9987,,,,,All_Mountain_Edge_Bevel,0.9620,,Quick_tight_turns_easy_switch,0.9524,,Quadralizer_Sidecut,0.9991,,2_to_20mm,0.7404,2_to_20mm:0.7404|10_to_12mm:0.2596,,,,Cork_sidewalls_damp_powerful_turning,0.9800,,,,,,,,Up_to_one_full_year_to_return,0.9620,,,,,,,,,,,,,,,,,,,
u89bIG1J6F,,Flagship,Directional_Camber_Rocker,0.9958,,Power_Core_triple_density_bamboo_paulownia_poplar,0.8600,Power_Core_triple_density_bamboo_paulownia_poplar:0.8600|Control_Core_dual_density_paulownia_poplar:0.1400,1299.99,0.9958,,Preorder_merchant_verified,0.9958,,Amplid_Souly_Grail_K2_Alchemist_YES_PYL_Weston_Cardiff_United,0.9571,,Sintered_9900,0.7838,Sintered_9900:0.7838|Sintered_8000:0.2162,54_77kg,0.9958,,8.0,0.9555,,2010_11_season,0.7812,,292_278mm,0.9958,,7.9,0.9958,,Intermediate_Advanced,0.9958,,2_plus_1_warranty_with_registration,0.9896,,Semi_Easy,0.9571,,Ash_Wood_Veneer_lightweight_damp,0.9948,,,,,2900.0,0.9781,,SWS_factory_Dubai_UAE,0.7382,,,,,Great,0.9571,,246.0,0.9958,,64_86kg,0.9958,,1142.0,0.9958,,9.1,0.9958,,,,,Freeride_Powder,0.9958,,Jones_Snowboards,0.9974,,2x4_Inserts,0.9958,,Tapered_Directional,0.9963,,151_154_156W_158_159W_161_162W_164_165W_167_169W_172,0.9968,,2027,0.9245,,Mens,0.9887,,Triax_Fiberglass_triple_layer_multi_axis,0.9958,,Freeride_snowboard,0.8571,,Steep_deep_hardpacked_backcountry_powder,0.9958,,20.0,0.9958,,Not_suitable_for_park_or_jibbing,0.9044,,Fair_Trade_Certified_industry_first,0.9449,,560.0,0.9958,,Hard_snow_capable,0.9571,,BComp_Carbon_Flax_Stringer_Bio_Resin,0.9937,,Recycled_ABS_round_finish,0.9937,,Excellent_stability_at_speed,0.9044,,Traction_Tech_3_0_three_contact_points,0.9511,,Medium_Fast,0.9571,,,,,12.0,0.9937,,,,,,,,,,,,,,,,,Poor,0.9571,,,,,Great_no_speed_limit,0.7141,,Good,0.9571,,Stable,0.9571,,Good,0.9571,
uQdTbVcuYt,,Indoor_Survival,Park_V1_Flat_Kick_Tech,0.9974,,Meta_Core_Poplar_Paulownia_Beech_stringers,0.7923,,1099.99,0.9684,,Preorder,0.9533,,Bataleon_ET_CAPiTA_DOA_Mercury_Jones_MT_YES_NSB_etc,0.9587,,Quantum_Drive_sintered_UHMW,0.9219,,59-86kg,0.7100,,4.5,0.9712,4.5:0.9712|5.0:0.0288,circa_2009,0.9062,,29.2,0.7100,,7.7/-1.5/7.7,0.7100,,Intermediate_to_Advanced,0.8674,,2yr_structural_defects_only,0.9315,,Not_ideal_hard_icy_performs_well_soft,0.8856,,PLT_Technology_lacquer_free,0.8856,,Chris_Grenier,0.9571,,Lighter_than_average,0.8721,,Austria_MotherShip_Feistritz,0.9964,,Great,0.9219,,Average_biggest_weakness,0.9219,,25.8,0.7100,,63-90kg,0.7100,,1211.0,0.7100,,,,,,,,Freestyle-All_Mountain,0.9315,,CAPiTA,0.9963,,2x4_Stainless_Steel_Inserts,0.9534,,True_Twin,0.9974,,150_152_154_156_158_155W_158W_161W,0.7100,,2027,0.9315,,Mens,0.9315,,HolySheet_Triax_top_Biax_bottom,0.7381,,Snowboard,0.9963,,Park_pipe_groomers_resort,0.9969,,0.0,0.9896,,Bucky_in_soft_uneven_snow,0.9219,,100pct_clean_energy_hydro_solar,0.9840,,55.9,0.7100,,Rated_for_hard_snow,0.9219,,Full_length_Titanal_Centerline_Booster,0.7868,Full_length_Titanal_Centerline_Booster:0.7868|2x_30mm_Carbon_Beams:0.2132,Full_ABS1000_sidewalls,0.8302,,Excellent_Turner,0.9219,,Reverse_sidecut_arc_midsection_pressure_edge_control,0.7923,,Excellent,0.9219,,New_Age_Radial_Death_Grip,0.9974,,,,,Standard_2x4_all_major_brands,0.7100,,Good,0.9219,,,,,,,,,,,Good,0.9219,,79.7,0.8856,,Good,0.9219,,Excellent,0.9219,,Semi_Locked_In,0.9981,,Great,0.9219,
uZ3Xf52G0y,Core_SrL_C3_Worldwide,Spring_Break_Slush_Slashers_2.0,Surf_Camber_arcing_tip_tail_camber_inserts,0.9969,,Dual_Core_Poplar_Beech,0.9969,,799.99,0.9575,,In_stock,0.9992,,Gentemstick_Mantaray_Yes_Hybrid_Jones_Hovercraft_Lib_Tech_Orca_etc,0.9594,,SuperDrive_sintruded,0.9969,,82-104kg,0.8176,82-104kg:0.8176|77-99kg:0.1824,4.0,0.9969,,2017,0.9466,,33.5/30.0,0.9969,,7.6,0.9969,,,,,2yr_structural_defects_only,0.9517,,5.0,0.9278,,PLT_Topsheet_Technology,0.9517,,Corey_Smith,0.9569,,Pretty_light_for_surface_area,0.9434,,MotherShip_Feistritz_Austria,0.9974,,Much_better_than_original_comes_alive_carving,0.9594,,Good_float_directional_shape_less_effortless_than_pre2023,0.9594,,26.6,0.9969,,,,,1290,0.9969,,,,,,,,Powder_Resort,0.9969,,CAPiTA,0.9974,,Stainless_Steel_4x2_Inserts,0.9219,,Directional,0.9969,,143_147_151_155cm,0.8182,143_147_151_155cm:0.8182|147_151_155cm:0.1818,2027,0.9777,,Mens,0.9376,,Special_Blend_Fiberglass_Magic_Bean_Resin,0.9969,,Snowboard,0.9974,,Powder_groomers_park,0.9376,,,,,Put_away_when_snow_gets_hard_not_much_edge_hold,0.9278,,Certified_B_Corp_score_98.9,0.9865,,58.4cm_23in,0.9969,,Competent_grip_not_death_grip_not_amazing_hard_snow,0.9594,,Ultralight_alloy_cruiser_style_skid_plate,0.9517,,,,,Universally_praised_puts_smile_on_face,0.9278,,Inlaid_Alloy_Skid_Plate,0.9969,,Pretty_quick_edge_to_edge_very_turny,0.9594,,Radial_single_radius,0.9969,,35,0.9969,,,,,Held_up_surprisingly_well_hard_microbumpy_snow,0.9594,,,,,,,,,,,,,,,,,Not_a_bomber_not_good_at_speed,0.9405,,,,,,,,,,
uatICKHOOX,,Sleepwalker,Rock_Out_Camber,0.9993,,Aspen_Strong_Core_CNC_selected,0.9993,,559.99,0.9963,,Available_at_449.95_many_sizes_sold_out,0.9982,,CAPiTA_DOA_poppy_predictable_safest_park_rec,0.7743,,sintered_bm,0.9982,,55_85kg,0.9948,,3.0,0.9948,,2017_18_season,0.9406,,29.7,0.9948,,8.0,0.9948,,Beginner_Intermediate,0.4878,Beginner_Intermediate:0.4878|Intermediate_Advanced:0.4310|Beginner_Intermediate_Advanced:0.0812,,,,Top_100_product_great_value_for_park_jib,0.9219,,Mad_scientists_electrifying_mishap,0.6562,,Tommy_Gesme,0.9993,,,,,Austria_Bulgaria_France_Finland_Canada_US,0.9660,,,,,,,,25.2,0.9948,,65_90kg,0.9948,,120.5,0.9948,,8.2,0.9948,,29.9,0.9948,,Freestyle,0.9993,,Salomon,0.9993,,2x4_inserts,0.9968,,True_Twin,0.9993,,151_153_155_158_155W_158W,0.5185,151_153_155_158_155W_158W:0.5185|148_151_153_155_158_155W_158W:0.4815,2026,0.9993,,Mens,0.7036,,BA_MD_Biaxial_Medium_Density_fiberglass,0.9608,,Snowboard,0.9685,,Park_rails_side_hits_streets,0.9972,,Zero_centered,0.9548,,Not_suitable_for_aggressive_all_mountain_or_high_speed,0.5338,,FSC_certified_wood_plus_30pct_bio_resin,0.9970,,56.0,0.9948,,EQ_Rad_sidecut_enhances_control,0.7456,,Popster_milled_core_for_natural_flex_and_pop,0.9803,,ABS_Sidewalls_with_Royal_Rubber_Pads,0.9589,,Excellent_value_for_money_in_park_category,0.9970,,Freestyle_Edge_Bevel,0.9968,,,,,EQ_Rad_Sidecut,0.9993,,,,,,,,Royal_Rubber_Pads_absorb_shocks,0.9575,,,,,,,,Up_to_full_year_return,0.9793,,,,,,,,,,,,,,,,,,,
ucB8HlcFGp,Salomon_SAS_Annecy_France,Pulse,Flat_Out_Camber,0.9957,,Full_length_Aspen_wood,0.9940,,599.99,0.9278,,Available,0.9940,,K2_Raygun_Burton_Instigator_Nitro_Prime_Yes_Basic_Rossignol_OneLF,0.9870,,Extruded,0.9940,,55-75kg,0.7206,,2.0,0.7207,,Since_at_least_2009_2010_season,0.4620,,296/296,0.7805,,6.5,0.9940,,Beginner_Intermediate,0.9940,,,,,Perfect_board_beginners_forgiving_playful_low_price,0.9211,,UV_Protected_Gloss,0.5886,,,,,2.35,0.9957,,,,,,,,,,,251.0,0.9503,,60-90kg,0.7206,,117.5,0.9503,,,,,300/300,0.7805,,All_Mountain,0.9940,,Salomon,0.9940,,4x2_Inserts,0.9940,,Directional_Twin,0.9957,,142_145_149_152_156_160_163_158W_162W,0.9940,,2026,0.9940,,Mens,0.7806,,BA_LD_Biaxial_Low_Density_fiberglass,0.9967,,Snowboard,0.9940,,All_Mountain_Freestyle,0.8125,All_Mountain_Freestyle:0.8125|Groomed_runs_all_mountain_resort:0.1875,10.0,0.7806,,Topsheet_chipping_shearing_after_15_days,0.4836,,FSC_Certified_Wood_Core,0.9550,,494/606,0.7806,,Detuned_reduces_catches_compromises_grip,0.5112,,High_density_birch_binding_area_insert_retention,0.9940,,ABS,0.9993,,,,,BiteFree,0.9940,,Easy_smooth_predictable_turning,0.8482,,Radial,0.9940,,,,,S_M,0.9940,,Squirrelly_at_high_speed,0.9405,,,,,,,,,,,,,,,,,,,,,,,,,,,,
uovZzGxoNC,Amsterdam_Netherlands_Low_Pressure_Studio,Turbo,Medium_Camber_with_3BT_and_SideKick,0.8833,Medium_Camber_with_3BT_and_SideKick:0.8833|High_Camber:0.1167,Ultra_Light_Core_lightest_in_range,0.9970,,919.99,0.9974,,Most_sizes_sold_out_some_in_stock,0.9940,,Burton_Custom_X_1_Capita_Mega_Merc_2_YES_Standard_3_Turbo_4,0.9252,,Ultra_Glide_S_7000_grade_sintered,0.9888,Ultra_Glide_S_7000_grade_sintered:0.9888|Hyper_Glide_S:0.0112,67_to_87kg,0.9974,,9.0,0.9974,,2025_season,0.9186,,297.0,0.9974,,7.85,0.9974,,Advanced_Expert,0.9975,,2_plus_1_year_warranty,0.9948,,,,,,,,,,,,,,Titan_Factory_China,0.6420,Titan_Factory_China:0.6420|Unresolved_multiple_moves:0.2737,Excellent_solid_drive_at_end_of_turns,0.7511,,,,,254.0,0.9974,,73_to_93kg,0.9974,,1202.0,0.9974,,7.97,0.9974,,301.0,0.9974,,All_Mountain_Freestyle,0.9969,,Bataleon,0.9940,,2x4_Inserts,0.9958,,Directional_Twin,0.9993,,156cm,0.9957,,2025/2026,0.9978,,Mens,0.9996,,Tri_Ax_fiberglass_three_way_weave,0.9974,,Snowboard,0.9957,,Park_resort_natural_terrain_powder,0.9961,,,,,Requires_advanced_skill_and_strength,0.9924,,,,,510_to_630mm,0.9974,,Strong_camber_edge_hold_moderated_by_3BT,0.9568,,Carbon_stringers_strategically_placed,0.9974,,Flex_Walls_Urethane_Poured_Sidewalls,0.9974,,,,,,,,Ultra_responsive_edge_to_edge_transitions,0.9914,,,,,,,,,,,Flex_Walls_and_Impact_Plates_reduce_chatter,0.9964,,None_all_new,0.9186,,,,,45_day_returns,0.9948,,,,,,,,,,,,,,,,,,,
uyFsPjyvhd,Salomon_SAS,Fastlane,Backseat_Camber,0.9981,,Aspen_SLCT_FSC_certified,0.7000,Aspen_SLCT_FSC_certified:0.7000|Poplar_Aspen:0.3000,1049.99,0.9974,,Preorder,0.9974,,Jones_Flagship_no1_freeride_749_95,0.8712,,50pct_recycled_sintered,0.9978,,60_to_85kg,0.9948,,9.0,0.9948,,2025_2026_season,0.9745,,29.7,0.5491,29.7:0.5491|29.8:0.4509,7.1,0.5991,7.1:0.5991|8.0:0.4009,Advanced_to_Expert,0.9981,,2yr_limited_materials_craftsmanship,0.7299,,,,,Olive_wood_veneer,0.9738,,Nils_Mindnich_and_Wolle_Nyvelt,0.9951,,3.15,0.5546,,,,,,,,,,,25.8,0.5990,25.8:0.5990|25.3:0.4010,,,,114.0,0.5990,114.0:0.5990|119.0:0.4010,,,,,,,Freeride_Powder,0.9963,,Salomon,0.9967,,2x4_Inserts,0.9948,,Tapered_Directional,0.9981,,149_to_170cm_7sizes,0.9348,149_to_170cm_7sizes:0.9348|157_160_163cm:0.0587,2027,0.9974,,Unisex,0.9948,,Basalt_flax_BFX_Ultra,0.3768,Basalt_flax_BFX_Ultra:0.3768|BFX_Ultra_flax_carbon_BA_MD:0.3266|Aero_Core_Ghost_Carbon_Beams:0.1551|BA_LD_Fiberglass:0.1415,Snowboard,0.9967,,All_Mountain_Freeride,0.9346,All_Mountain_Freeride:0.9346|Steep_deep_backcountry_powder:0.0654,2.0,0.9948,,Narrow_waist_bindings_hang_off,0.9742,,FSC_certified_wood_core_comprehensive,0.9103,,55.0,0.5491,55.0:0.5491|54.0:0.4509,,,,Two_natural_fibers_weight_power_dampening,0.9836,,66pct_recycled_ABS,0.9190,66pct_recycled_ABS:0.9190|100pct_recycled_ABS:0.0810,Holds_edge_well_on_piste,0.9742,,20pct_recycled_edges,0.9786,,,,,Quadratic_Sidecut,0.9981,,Tail_tapered_2_to_20mm,0.7382,,,,,,,,,,,,,,,,,,,,,,,,,,,,,,,,,,
v345nLV3zz,,Good_Company,Traditional_Camber,0.8888,,FSC_Super_Fly_800G_dual_species,0.6735,,699.99,0.9300,,Burton_com_2026_model_page_exists,0.9694,,NS_Photosynthesis_Yes_Greats_Stone_Message_LT_Box_Knife_Yes_Basic_Ride_TwinPig,0.9554,,Sintered_durable_porous,0.8908,,54_82kg_120_180lb,0.9300,,4.0,0.5766,4.0:0.5766|5.5:0.3369|3.5:0.0865,2023_season,0.9838,,,,,7.8,0.9300,,Advanced_Expert,0.4870,Advanced_Expert:0.4870|Low_Intermediate_and_up:0.3896|Intermediate_Advanced:0.0504|Expert:0.0253|Novice_Expert:0.0243|Intermediate:0.0234,3_year_warranty_from_purchase,0.8377,,Normal_weight_for_size_and_width,0.9341,,Dog_themed_portrait_of_Posie,0.6885,,Nora_Beck_stiff_enough_soft_enough,0.8856,,3000.0,0.9533,,China_with_some_Austria,0.7057,China_with_some_Austria:0.7057|China_only:0.2911,Great,0.9635,,Poor,0.9635,,25.2,0.9300,,68_91kg_150_200lb,0.9300,,118.5,0.9300,,8.1,0.9300,,,,,Park_and_Freestyle,0.9034,Park_and_Freestyle:0.9034|Park_first_twin:0.0491|Freestyle_All_Mountain:0.0474,Burton,0.9728,,The_Channel_all_bindings_compatible,0.7628,,True_Twin_symmetrical,0.6900,,145_148_152_155_159_155W_159W,0.9300,,2027,0.9728,,Unisex,0.6522,,Triax_Fiberglass,0.7533,Triax_Fiberglass:0.7533|Biax_Fiberglass:0.2467,,,,Park_all_mountain_groomed_runs,0.9000,,0.0,0.9963,,Poor_twin_centered_sinks_not_for_powder,0.9554,,B_Corp_certified,0.9608,,,,,Surprisingly_strong_disrupted_sidecut,0.5000,Surprisingly_strong_disrupted_sidecut:0.5000|Hard_snow_not_ice:0.5000,Carbon_I_Beam_backbone_on_Triax,0.5900,,,,,Lot_of_snowboard_for_price_Triax_sintered_under_500,0.8671,,,,,Quick_edge_to_edge_balanced,0.5000,Quick_edge_to_edge_balanced:0.5000|Medium_Fast:0.5000,,,,,,,Burton_Cartel_bindings_paired_well,0.8255,,Great,0.5556,Great:0.5556|Chattery_in_crud_chunder:0.4444,,,,,,,,,,Good,0.9635,,85.9,0.9533,,Good,0.9635,,Excellent,0.9635,,Semi_Locked_In,0.9635,,Great,0.9635,
vVNaChfgSD,Rome_Snowboard_Design_Syndicate,Stale_Crewzer,Fusion_Camber_positive_camber_rocker_at_contact_points,0.9999,,Pop_Core_alternating_20mm_Poplar_Paulownia,0.9998,,1049.99,0.7104,,Preorder_estimated_May_2026_some_sizes_sold_out,0.7104,,Burton_Custom_slightly_more_snappy_Crewzer_better_ice,0.9691,,Versatile_durable_holds_wax_easy_repair,0.9956,,67_to_87_kg,0.7103,,6.0,0.9963,,2020_2021_season_all_new_winter_2021,0.9660,,,,,8.16,0.9945,,Intermediate_to_Advanced,0.9978,,,,,Unforgiving_no_pow_float_hard_to_butter_but_carves_and_pops,0.9346,,,,,Stale_Sandbech,0.9998,,3080.0,0.9771,,,,,,,,,,,25.5,0.9974,,73_to_93_kg,0.7103,,120.4,0.9974,,8.34,0.9945,,,,,Freestyle_All_Mountain,0.6764,,Rome_Snowboards_Rome_SDS,0.9976,,2x4_insert_pack,0.9974,,Directional_Twin,0.9974,,151_154_157_160_158W_161W_164W,0.9552,151_154_157_160_158W_161W_164W:0.9552|154_157_158W_160:0.0448,2027,0.9804,,Mens,0.9945,,Triaxial_Fiberglass_three_angles_torsional_rigidity_snap,0.9998,,Snowboard,0.9945,,Park_All_Mountain,0.6768,,0.0,0.9974,,Not_ideal_for_deep_carves_narrow_waist_toe_heel_drag,0.9462,,,,,53.3,0.9963,,Good_edge_hold_rated_for_hard_snow,0.9726,,Twin_Single_Carbon_HotRods_nose_and_tail_snap_rebound,0.9945,,,,,Comes_off_lip_with_pop_landings_easier_thanks_to_flax,0.9278,,,,,,,,Radial_single_radius,0.9977,,0.0,0.9974,,Standard_2x4_all_major_brands,0.7103,,Fairly_damp_about_7_out_of_10_stable,0.9726,,,,,,,,Official_manufacturer_free_shipping_2plus1_warranty_45_day_returns,0.9997,,,,,88.6,0.9771,,,,,,,,,,,,,
vsRCNCPdmn,Mervin_Manufacturing,Mayhem_Sweetfish,Directional_Camber_mild_early_rise_nose,0.9579,,OP_Original_Power_Construction_Core,0.8386,,1299.99,0.8200,,In_stock,0.9000,,Korua_Dart_Cafe_Racer_Weston_Japow_Moss_Jellyfish_Gentemstick_etc,0.9839,,Sintered_Knife_Cut_Base_UHMW,0.8780,,45_plus_kg,0.9607,45_plus_kg:0.9607|65_plus_kg:0.0393,7.0,0.6500,7.0:0.6500|8.0:0.3500,,,,308.0,0.9974,,7.3,0.9974,,experiMENTAL,0.9925,,1yr_structural_defects_only,0.8722,,Prefers_Lost_Rocket_overall_Sweetfish_not_bad,0.9793,,Eco_Sublimated_Poly_Topsheet,0.8386,,Lib_Tech_x_Lost_Matt_Biolos_x_Austen_Sweetin,0.8983,,Feels_Normal_weight_not_published,0.9742,,Sequim_WA_USA_handbuilt,0.9327,,Great,0.9865,,Great,0.9865,,262.0,0.9974,,50_plus_kg,0.9974,,,,,7.4,0.9974,,,,,experiMENTAL_Freeride_Directional,0.9399,experiMENTAL_Freeride_Directional:0.9399|Powder_Freeride:0.0541,Lib_Tech,0.9974,,2x4_binding_mount,0.8443,,Tapered_Directional,0.9516,,150_156_159_162cm,0.9738,150_156_159_162cm:0.9738|150_156_162cm:0.0262,2026,0.9974,,Mens,0.8449,,Tri_Ax_Bi_Ax_Fiberglass,0.8006,,Snowboard,0.9974,,Powder_Deep_snow_Off_piste,0.8200,,3.0,0.9998,,Base_needs_constant_waxing_dries_in_2_runs,0.9994,,Zero_hazardous_waste_manufacturing,0.8443,,18_5in_to_24in,0.9974,,Competent_hard_snow_not_best_on_ice,0.9992,,,,,Birch_Internal_plus_UHMW_Sintered_Sidewalls,0.9708,,Should_float_great_in_powder,0.9839,,Traditional_edges_No_Magne_Traction,0.9584,,Medium_Fast_quick_edge_to_edge,0.9994,,Radial_clean_simple_flowing,0.9974,,Yes_tapered_directional,0.8381,,Works_with_standard_or_mini_disc,0.8006,,Good,0.9839,,Lib_Tech_x_Lost_Rocket,0.9948,,930.0,0.9974,,,,,Poor,0.9839,,,,,Good,0.9839,,Good,0.9839,,Stable,0.9839,,Average,0.9839,
vv1siRNkIt,Burton_Snowboards_1977_Burlington_VT,Family_Tree_Smooth_Operator,Directional_Camber_rockered_nose,0.9647,,Dragonfly_600G_Core_Multizone_EGD_Squeezebox,0.9548,,1199.99,0.9140,,In_stock,0.9571,,Korua_Dart_Cafe_Racer_Weston_Japow_Moss_Gentemstick_etc,0.9726,,Sintered_WFO_high_density_wax_infused,0.9660,,68-91kg,0.9548,,6.5,0.5242,6.5:0.5242|5-8:0.4301,2025_2026_NH_season,0.9838,,29.06,0.9548,,8.8,0.9548,,Expert,0.7678,Expert:0.7678|Intermediate_Advanced:0.2322,3_year_warranty_from_purchase,0.9980,,Top_snowsurf_board_Burton_testing_quiver_worthy,0.9449,,Audubon_bird_themed_graphics,0.9945,,Masanori_Takeuchi,0.9979,,,,,China_and_Austria_Keil,0.6029,China_and_Austria_Keil:0.6029|Europe:0.3868,Great,0.9726,,Great,0.9726,,25.1,0.9573,,,,,117.5,0.9548,,9.1,0.9548,,,,,Powder_Freeride,0.9548,,Burton,0.9981,,The_Channel_Burton_single_channel_full_length,0.9704,,Directional,0.9245,,144_148_152_156_160_164cm,0.9548,,2026,0.9684,,Unisex,0.9704,,45_degree_Carbon_Highlights_tip_to_tail,0.9660,,Snowboard,0.9945,,10.0,0.9548,,-12.5,0.9939,,Channels_hard_to_wax_and_scrape,0.9726,,FSC_C124994_certified,0.9660,,54.0,0.9548,,Medium_adequate_not_amazing_on_ice,0.9966,,Multizone_EGD_perpendicular_grain_4_zones_channel,0.9462,,,,,Really_fun_to_turn,0.9726,,,,,Fast,0.9726,,Single_sidecut_radius_standard,0.9548,,10.0,0.9624,,Compatible_most_brands_EST_best,0.9462,,,,,,,,,,,,,,Poor,0.9726,,,,,Good,0.9726,,Good,0.9726,,Stable,0.9726,,Good,0.9726,
wC2nrpypI9,Burton_Snowboards_founded_1977_privately_owned,Family_Tree_High_Fidelity,Directional_Camber,0.9939,,Super_Fly_II_700G_Dualzone_EGD_Squeezebox,0.9993,,1099.99,0.9868,,Listed,1.0000,,Jones_Flagship_stiff_directional_freeride,0.6723,,Sintered_WFO,0.9944,,68-91kg,0.9868,,7.5,0.9868,,2025,0.9989,,29.35,0.9868,,7.8,0.9868,,Advanced_Expert,0.9423,Advanced_Expert:0.9423|Intermediate_Advanced:0.0577,3_year_warranty,0.9890,,Turns_super_quick_great_for_slalom,0.9681,,Audubon_inspired_vulture_graphics,0.9317,,Ben_Ferguson_and_Kimmy_Fasani,0.9466,,Very_light_on_scales_normal_on_snow,0.9466,,Keil_Austria_and_China_and_VT,0.9772,,Spring_out_of_harder_carve_is_special,0.9681,,,,,24.8,0.9868,,,,,112.0,0.9868,,,,,,,,Freeride_Powder,0.9868,,Burton_Snowboards,0.9991,,The_Channel_mounting_system,0.9947,,Tapered_Directional_Freeride,0.9939,,150_154_158_162_166MW_158W_162W,0.9868,,2027,0.9868,,Unisex,0.9168,,45_degree_Carbon_Highlights_with_5layer_stackup,0.9930,,Snowboard,0.9922,,7.0,0.9868,,neg2.5,0.9868,,Narrow_waist_causes_toe_heel_drag_above_US8_5,0.9890,,FSC_certified_FSC_C124994,0.8153,,56.0,0.9868,,Not_on_par_with_peers_no_disrupted_sidecut,0.9681,,Dualzone_EGD_wood_grain_alignment,0.9920,,,,,Exceptional_powder_float_despite_narrow_width,0.9890,,,,,,,,,,,7.0,0.9388,,Compatible_most_brands_best_with_EST,0.9925,,,,,Burton_Leader_Board,0.5063,,,,,,,,,,,,,,,,,,,,,,,,,
wGPlFlxQfj,K2_Sports_LLC_Seattle_WA,Geometric,Twin_Combination_Camber_RCR,0.9882,Twin_Combination_Camber_RCR:0.9882|Flat_to_Rocker_Profile:0.0118,Aspen_single_species_wood_core,0.9967,,455.99,0.9963,,Widely_available_multiple_retailers,0.9896,,YES_Basic_great_freestyle_beginner_forgiving,0.7609,,Extruded_2000_low_maintenance,0.9967,,r54_86_main,0.9948,,6.0,0.7160,6.0:0.7160|3.0:0.2840,2022_replacing_K2_WWW,0.8763,,294.0,0.9948,,7.8,0.9948,,Beginner_to_Intermediate,0.9963,,Covers_structural_cracks_delamination_manufacturing_defects,0.9963,,High_performance_freestyle_at_affordable_price,0.8836,,Standard_topsheet_with_Hybritech_capped_tip_tail,0.8414,,,,,,,,Weihai_northern_China,0.8395,,,,,,,,251.0,0.9948,,,,,118.0,0.9948,,,,,,,,Freestyle,0.9937,,K2,0.9963,,2x4_insert_pattern,0.9943,,True_Twin,0.9963,,148_152_154W_156_157W,0.7047,148_152_154W_156_157W:0.7047|144_148_151W_152_154W_156_157W:0.2953,2024,0.9963,,Mens,0.5980,,Biaxial_fiberglass_0_and_90_degrees,0.9658,,Mens_freestyle_snowboard,0.9963,,Park_Jib_Small_to_Medium_Freestyle_Features,0.9944,,0.0,0.9948,,,,,Dedicated_reducing_footprint_eco_friendly_materials,0.5582,,22.0,0.9948,,Camber_underfoot_increases_contact_improves_edge_hold,0.8836,,,,,Hybritech_sidewall_ptex_to_capped,0.9582,,,,,,,,,,,,,,0.0,0.9937,,Standard_2x4_all_non_Burton_EST,0.7594,,,,,K2_WWW_World_Wide_Weapon,0.8763,,,,,,,,,,,,,,,,,,,,,,,,,
wGgZ1RwSm9,K2_Sports_LLC,Passport,Directional_Combination_Camber,0.9963,,A1_Core_Bamboo_Aspen_Paulownia,0.9963,,949.99,0.9974,,Preorder,0.9974,,YES_PYL_Capita_Navigator_Ride_Algorhythm_Nidecker_Alpha_Jones_Stratos,0.9620,,Sintered_4000_Stone_Finish,0.9963,,130_210_plus_lb,0.9984,,7.0,0.9547,7.0:0.9547|6.0:0.0453,2022_2023_season,0.9991,,30.3_25.5_29.5,0.9984,,6.0_8.0_5.5,0.9984,,Intermediate_Advanced_Expert,0.9963,,,,,Very_versatile_damp_traditional_freeride,0.9742,,,,,,,,3300.0,0.9726,,China_Guangdong,0.9793,,,,,,,,,,,,,,118.0,0.9984,,,,,,,,Freeride_Powder,0.9963,,K2,0.9948,,2x4,0.9963,,Directional,0.9974,,13_sizes_including_166W,0.9600,13_sizes_including_166W:0.9600|12_sizes_no_166W:0.0400,2027,0.9948,,Unisex,0.9963,,ICG10_Triax_Carbon_Glass,0.9963,,Snowboard,0.9890,,,,,19.0,0.6769,19.0:0.6769|20.0:0.3231,Lacked_pop_snap_hard_to_extract,0.9681,,Factories_run_on_renewable_energy,0.9543,,,,,Good_on_firm_snow_not_ice_specialist,0.9966,,Hybritech_capped_edge_reduced_swing_weight,0.9963,,Hybritech_PTex_sidewall_to_capped_tip_tail,0.7696,,,,,,,,Quick_smooth_edge_to_edge,0.9969,,Triple_radius_sidecut,0.9996,,8.0,0.9963,,,,,,,,,,,,,,Up_to_full_year_return,0.9800,,,,,85.7,0.5000,85.7:0.5000|85.6:0.5000,,,,,,,,,,,,
whSTDVh5df,Nitro_AG_Hunenberg_Switzerland,Cheap_Thrills,Cam_Out_Camber,0.9820,Cam_Out_Camber:0.9820|Flat_Out_Rocker:0.0164,PowerCore_II_Poplar_Beech_stringers,0.9580,,559.99,0.9974,,In_stock,0.9931,,CAPiTA_DOA_579_95_hybrid_camber_twin,0.8609,,Premium_Extruded_FH_Base,0.6121,Premium_Extruded_FH_Base:0.6121|Sintered_Extruded_FH_Base:0.3395,60-80kg,0.9200,,5.0,0.9570,,2021,0.7895,,293.0,0.9200,,8.6,0.9200,,Intermediate_Advanced,0.7773,Intermediate_Advanced:0.7773|Beginner_Intermediate:0.1960,Defects_in_material_and_workmanship,0.9940,,,,,,,,Benny_Urban_Nils_Arvidsson_Dominik_Wagner,0.9974,,,,,,,,,,,,,,252.0,0.9200,,65+kg,0.9200,,,,,8.8,0.9200,,295.0,0.9200,,Freestyle,0.9400,,Nitro,0.9400,,2x4_Inserts,0.9200,,True_Twin,0.9974,,148_152_155_157_155W_157W,0.9200,,2026,0.9400,,Mens,0.7601,,Bi_Lite_Laminates,0.9516,,Snowboard,0.9400,,Park_All_Mountain_Freestyle,0.5799,Park_All_Mountain_Freestyle:0.5799|Park:0.3908,0.0,0.9200,,Heavy_can_feel_clunky_in_powder,0.8108,,Solar_FSC_Water_Inks_Recycled_Materials_Edges,0.8310,,,,,,,,,,,Ureshred_Sidewalls_Polyurethane,0.9516,,Forgiving_even_after_off_axis_landings,0.9963,,Rail_Killer_Edge_Recycled_Steel,0.9516,,Radial_sidecut_smooth_predictable_turns,0.7933,,Radial,0.9516,,,,,,,,Ureshred_polyurethane_excellent_dampening,0.8547,,Goodtimes,0.9114,,1080.0,0.9200,,,,,,,,,,,,,,,,,,,,,,
wudDREXmgj,Nitro_AG,Team_Pro_Marcus_Kleveland,True_Camber_traditional,0.9968,,PowerLite_Core_ultra_lightweight_poplar,0.9968,,1099.99,0.9816,,Preorder,0.9726,,Burton_Custom_Camber_directional_twin_679_95,0.9517,,Sintered_Speed_Formula_II,0.9607,Sintered_Speed_Formula_II:0.9607|Sintered_Speed_Formula_HD:0.0393,60-80,0.9771,,8.0,0.9954,,2023_24_season,0.9840,,29.5,0.9771,,11.3/7.3/11.3,0.9771,,Advanced,0.9726,,Covers_defects_material_workmanship_normal_use,0.9923,,,,,,,,Marcus_Kleveland,0.9963,,,,,Unverified_dev_Germany_historical_Austria_Taiwan,0.9937,,,,,,,,25.0,0.9771,,65-85,0.9771,,,,,11.7/7.3/11.7,0.9771,,29.7,0.9771,,Freestyle_All_Mountain,0.9726,,Nitro,0.9968,,2x4_Insert_pattern,0.9951,,Directional_Twin,0.9968,,152_155_157_159_159W_162W,0.9726,,2027,0.9944,,Mens,0.9872,,Bi_Lite_Laminates_with_Ballistic_Impact_Panels,0.9771,,Snowboard,0.9726,,,,,-1.5,0.9771,,Not_forgiving_or_mellow,0.7763,,ClimatePartner_carbon_neutral,0.9691,,,,,,,,Carbon_Tape_single_strip_supercharged_response,0.9989,,ABS_Sidewall_flexible_impact_resistant,0.9989,,,,,Recycled_Steel_Edge_50pct_recycled,0.9963,,,,,Dual_Degressive_Sidecut,0.9968,,,,,Requires_Burton_Channel_disc_for_EST_bindings,0.7621,,,,,,,,117.0,0.9771,,,,,,,,,,,,,,,,,,,,,,
wwVfbqBQj3,Salomon_SAS_Annecy_France_founded_1947,Dancehaul,Rock_Out_Camber_flat_between_camber_near_feet_rocker_tip_tail,0.9969,,Aspen_SLCT_Core_hand_selected_FSC_certified,0.9980,,939.99,0.9974,,2027_model_available_for_preorder,0.9954,,Ride_Warpig_most_popular_volume_shift_comparison,0.9981,,Sintered_Base,0.9969,,,,,6.0,0.5912,6.0:0.5912|5.0:0.4088,2020_21_season,0.9914,,,,,,,,Intermediate,0.9963,,2_year_limited_warranty_material_manufacturing_defects,0.6745,,Smoother_less_fatiguing_all_day_ride_vs_Pro,0.9710,,,,,,,,2900.0,0.9563,,China,0.6044,China:0.6044|France_Bulgaria_Asia_depending_on_model:0.3956,,,,,,,,,,,,,,,,,,,,,,All_Mountain,0.9963,,Salomon,0.9963,,2x4_Inserts,0.9969,,Tapered_Directional,0.9978,,143cm_147cm_152cm_154cm_157cm,0.9969,,2027,0.9979,,Unisex,0.9996,,BA_MD_Biaxial_Medium_Density_Fiberglass,0.9992,,Snowboard,0.9979,,Best_in_trees_powder_at_moderate_speeds,0.9991,,,,,Uncomfortable_chopped_snow_jarring_icy_patches,0.8812,,,,,,,,,,,Ghost_Basalt_Stringers_in_TriAx_fiberglass_tip_to_tail,0.9999,,ABS_Sidewall,0.9963,,,,,,,,Easy_to_initiate_nimble_tight_turns_balanced_turny,0.9991,,Radial_Sidecut,0.9969,,,,,,,,,,,,,,,,,,,,,,,86.1,0.9595,,,,,,,,,,,,,
xEwG2rGj6y,,Spring_Break_Powder_Twin,Surf_Camber_Twin,0.9981,,Meta_Core_Poplar_Paulownia_Beech_stringers,0.9998,,1049.99,0.9423,,Preorder,0.9423,,Jones_Mind_Expander_Twin_more_centered_float_vs_better_groomers,0.9211,,Powder_Drive_Base_hybrid_sintruded,0.9981,,54_82kg_120_180lbs,0.9984,,5.0,0.9981,,Approximately_2021,0.8333,,31.5,0.9423,,6.6,0.9423,,Intermediate_Advanced,0.9423,,Defects_in_material_or_workmanship_structural_defects,0.9923,,About_the_best_twin_ride_in_powder,0.9405,,PLT_Technology_featherlight_smooth_high_gloss_no_solvents,0.9896,,Corey_Smith_founder_Spring_Break,0.9462,,3140.0,0.9405,,Mothership_Feistritz_Austria,0.9614,Mothership_Feistritz_Austria:0.9614|China:0.0386,Not_epic_carver_but_not_bad_either,0.9343,,,,,268.0,0.9984,,63_90kg_140_200lbs,0.9423,,1138.0,0.9423,,6.7,0.9423,,32.1,0.9423,,Powder,0.9608,,CAPiTA,0.9987,,2x4_Inserts,0.9423,,True_Twin,0.9981,,153_156_159_162cm,0.9949,153_156_159_162cm:0.9949|153_156_159cm:0.0051,2027,0.9608,,Mens,0.8108,,Holysheet_Triax_above_Biax_below,0.9981,,Snowboard,0.9608,,Powder_plus_Resort,0.8333,,0.0,0.9423,,Very_wide_board_slower_edge_to_edge_needs_more_leverage,0.8588,,Certified_B_Corp_score_98_9,0.9840,,55.9,0.9981,,Good_edge_hold_firm_to_hard_snow,0.9971,,4x30mm_Carbon_V_Tech_Amplifiers,0.9423,,,,,Extra_width_weight_stomp_landings,0.9343,,,,,Not_easy_to_initiate_turn_due_to_width_deep_sidecut_compensates,0.9343,,Blended_Radial,0.9981,,,,,,,,,,,,,,,,,,,,,,,84.3,0.5000,84.3:0.5000|83.3:0.5000,,,,,,,Stable,0.9343,,,,
xG9ORvRq8S,,Almanac,Twin_Combination_Camber,0.9963,,BAP_Bamboo_Aspen_Paulownia,0.9965,,919.99,0.7500,,In_stock,0.8652,,,,,Sintered_4000,0.9965,,59_104kg,0.7500,,5.0,0.9520,,,,,319_268_307mm,0.7500,,7.0,0.7500,,Intermediate_Advanced,0.9965,,,,,Low_Cost_Short_Wide_Favorite,0.9980,,,,,,,,,,,China_Guangdong_Province,0.9939,,,,,Good,0.9743,,,,,64_104kg,0.7500,,1170.0,0.7500,,7.9,0.9637,7.9:0.9637|7.1:0.0363,324_272_312mm,0.7500,,All_Mountain_Freeride,0.9567,,K2,0.9978,,2x4,0.9963,,Directional,0.6930,Directional:0.6930|Tapered_Directional:0.3070,137_141_145_149_153_157_161cm,0.9554,137_141_145_149_153_157_161cm:0.9554|149_153_157_161cm:0.0446,2027,0.9111,,Unisex,0.9966,,Biax_Glass,0.9965,,Snowboard,0.9978,,Freeride_BigMountain_Powder_Piste_Freestyle,0.9963,,Centered,0.9963,,Not_as_poppy_as_some_peers,0.9743,,Sustainably_sourced_harvested_wood,0.9963,,559.0,0.7500,,Hard_snow_adequate,0.9743,,Carbon_Backbone_precambered_carbon_inlay,0.9967,,ABS_sidewalls_tapered_sandwich_tip_tail,0.9743,,,,,,,,Medium,0.9743,,,,,12.0,0.9785,,Any_binding_standard_or_mini_disc_2x4,0.7500,,,,,,,,,,,,,,,,,,,,,,,,,,Stable,0.9743,,,,
xJ8cOTo6pq,Mervin_Manufacturing,Mayhem_LibZilla,Early_Rise_Directional_Camber,0.9683,Early_Rise_Directional_Camber:0.9683|C2X_Hybrid_Camber:0.0317,Original_Power_Construction,0.9843,Original_Power_Construction:0.9843|Horsepower_Construction:0.0157,1399.99,0.9931,,Coming_Soon,0.9948,,Quicker_handling_shorter_effective_length,0.6682,,Sintered_Knife_Cut_Base_UHMW,0.8572,,70plus_kg_150plus_lbs,0.9738,70plus_kg_150plus_lbs:0.9738|50plus_kg:0.0262,7.0,0.9752,7.0:0.9752|6.5:0.0248,,,,32.7,0.9974,,9_8_7_progressive,0.9788,9_8_7_progressive:0.9788|8m_simplified:0.0212,Advanced_to_Expert,0.7506,,1_year_from_purchase,0.9702,,,,,Eco_Sublimated_Poly_Top,0.8572,,Matt_Mayhem_Biolos,0.9996,,,,,Handbuilt_in_USA_Sequim_WA,0.9995,,,,,,,,,,,,,,,,,,,,,,,All_Mountain_Directional,0.9554,All_Mountain_Directional:0.9554|Freeride_Powder:0.0446,Lib_Tech,0.9963,,2x4_binding_mount,0.8800,,Tapered_Directional,0.8800,,188cm_only,0.9974,,2027,0.9996,,Mens,0.9868,,Tri_Ax_Bi_Ax_Fiberglass,0.8800,,Snowboard,0.9963,,Freeride_Powder_Groomed,0.9954,,12.5,0.9974,,Sintered_base_requires_regular_waxing,0.7628,,Zero_hazardous_waste_factory,0.9620,,19_5in_to_24_25in,0.9974,,Traditional_camber_strong_edge_hold,0.7450,,,,,Birch_Internal_Sidewalls,0.9416,,Enormous_amount_of_float,0.7339,,UHMW_Tip_Tail_Impact_Deflection,0.8800,,,,,Progressive_elliptical_carving_sidecut,0.9933,,,,,All_new_bindings_except_3D_and_EST,0.6989,,,,,,,,,,,,,,,,,,,,,,,,,,,,,,,
xgtp6AKFVN,Jones_Snowboards_Nidecker_Group,Hovercraft_2.0,Directional_Camber_Rocker,0.9974,,Re-Up_Tech_Core_Paulownia_Poplar_reclaimed_stringers,0.9974,,1149.99,0.9974,,Preorder_estimated_June_2026,0.9974,,Korua_Transition_Finder_stiffer_more_tapered_under_500,0.9981,,Sintered_8000,0.9974,,59-82kg_130-180lbs,0.9985,,6.0,0.7484,6.0:0.7484|7.0:0.2516,2010/2011,0.9742,,311.0,0.9985,,9.0,0.9985,,Intermediate_to_Expert,0.8283,,Extended_warranty_via_product_registration,0.9974,,4.6,0.9742,,Sustainable_Flax_Topsheet,0.9974,,Forrest_Shearer_Antti_Autti_Garrett_Warnick_Jimmy_Goodman_Nathaniel_Murphy,0.9974,,3.1,0.9974,,Solico_Winter_Sport_Factory_Dubai_UAE,0.8820,,,,,,,,263.0,0.9985,,73-95kg_160-210lbs,0.9985,,1230.0,0.9457,1230.0:0.9457|1225.0:0.0543,9.3,0.9985,,,,,Freeride-Powder,0.8849,,Jones_Snowboards,0.9313,,2x4_Inserts,0.9985,,Tapered_Directional,0.9974,,144_148_152_156_160_164cm,0.9974,,2027,0.9313,,Unisex,0.9974,,Biax_Fiberglass,0.9697,Biax_Fiberglass:0.9697|Biax_Fiberglass_and_Carbon:0.0303,Snowboard,0.9313,,Ideal_for_pow_slashing_crud_busting_slaloming_trees,0.9974,,0.0,0.9974,,Slow_edge_to_edge,0.9742,,100pct_solar_power_89pct_CO2_reduction,0.9931,,540.0,0.9985,,Good_traction_tech_helps,0.9839,,Embedded_stringers_from_reclaimed_snowboards,0.9974,,Recycled_ABS,0.9974,,Best_in_class_powder_performance,0.9839,,Traction_Tech_multiple_contact_points,0.9000,,Better_for_slashes_easier_quicker_to_turn,0.9742,,,,,17.0,0.9985,,,,,,,,Original_Hovercraft_2011-2023,0.9923,,100.5,0.9974,,30_day_returns_unused_buyer_pays_shipping_sale_final,0.9974,,,,,,,,,,,,,,,,,,,
xkr3gZUZ3P,Burton_Snowboards_founded_1977,Custom_Glow_Camber,Traditional_Camber,0.9706,,FSC_Certified_Super_Fly_II_700G_Core,0.9563,,799.99,0.9963,,Available_Burton_com,0.9948,,Jones_Mountain_Twin_more_forgiving_hybrid_better_powder_ice,0.9679,,Sintered_WFO,0.9727,,68_91kg,0.9963,,5.0,0.6672,5.0:0.6672|6.0:0.1907|5.5:0.1421,,,,288.0,0.9963,,7.8,0.9963,,Intermediate_to_Expert,0.9727,,3_year_warranty_2014_and_newer_Channel,0.9269,,Not_one_board_quiver_missing_float_edge_hold_but_fun_springy,0.9403,,Neon_inspired_glow_in_the_dark_ink,0.9930,,Casey_Callahan_Burton_Design_Lead,0.9836,,3550.0,0.7407,,Kiel_Nindl_GMBH_Austria,0.9244,,,,,,,,252.0,0.9963,,68_91kg,0.9963,,1195.0,0.9963,,7.9,0.9963,,,,,All_Mountain,0.9727,,Burton_Snowboards,0.9955,,The_Channel_all_brands_best_with_EST,0.9746,,Directional_Twin,0.9744,,150_154_156_158_162_158W_162W_166W_170W,0.9963,,2026,0.9974,,Mens,0.5077,Mens:0.5077|Unisex:0.4487,45_degree_Carbon_Highlights,0.9727,,Snowboard,0.9727,,10.0,0.9543,,-12.5,0.9898,,Limited_in_deep_powder_setback_helps_shallow_only,0.9341,,Certified_B_Corp,0.8316,,505.0,0.9963,,Good_with_Frostbite_but_loses_grip_hard_ice_vs_disrupted,0.9567,,Dualzone_EGD_wood_grain_aligned_toe_heel,0.9746,,,,,Strong_particularly_on_firm_snow,0.9509,,Frostbite_Edges_extend_under_bindings,0.9744,,High_carbon_highlights_EGD_snappy_energy,0.9760,,,,,,,,EST_only_Channel_but_Channel_accepts_all_brands,0.9677,,Medium_some_chatter_very_high_speeds_heavier_riders,0.9752,,,,,,,,,,,,,,Number_4_Top_All_Mountain_2026,0.9520,,,,,,,,,,,,,
xrYaA4xzJm,Mervin_Manufacturing,TRS_Total_Ripper_Series,C3,0.9974,,HPP_Horsepower_Pop_60pct_Aspen_40pct_Paulownia,0.9957,,818.99,0.9974,,Widely_available_multiple_authorized_retailers,0.9965,,NS_Photosynthesis_Yes_Greats_Stone_Message_Box_Knife_Yes_Basic_Ride_TwinPig,0.9346,,Double_layer_UHMW_polyethylene,0.6449,,,,,6.0,0.9589,6.0:0.9589|7.0:0.0411,2006-2007_season,0.9406,,,,,,,,Intermediate_to_Advanced,0.9937,,One_year_against_manufacturer_defects,0.9974,,Great_mtn_freestyle_twin_hard_icy_snow_not_powder,0.9436,,Eco_Sublimated_Poly_Top_high_strength,0.6971,,EJack_Jamie_Lynn_Fredi_K_Blair_Habenicht_Sammy_Luebke,0.9453,,Feels_pretty_normal_not_specified_precisely,0.9212,,Hand_built_Sequim_Washington_USA,0.9822,,Carves_well_for_a_twin_quick_turn_initiation,0.9436,,Poor_float_in_powder_even_for_twin,0.9436,,,,,,,,,,,,,,,,,Freestyle_All_Mountain_Twin,0.9974,,Lib_Tech,0.9974,,2x4_inserts,0.9538,,Twin,0.9935,Twin:0.9935|Directional_Twin:0.0065,154_157_157W_159_159W_162cm,0.9957,,2025,0.9974,,Mens,0.9112,,Triaxial_Biaxial_Fiberglass_with_Basalt_Alloy,0.9080,,Snowboard,0.9991,,Park_groomers_all_mountain_pipe_jumps_poor_deep_powder,0.9963,,0.5,0.9957,,Beginners_and_deep_light_powder,0.9990,,FSC_certified_sustainable_forestry,0.9940,,,,,Amazing_Grip_outstanding_edge_hold,0.9836,,Extended_core_Triax_Magnesium_Techno_Fiber_Carbon,0.9963,,Birch_Internal_Sidewalls_6_ply,0.6971,,Excellent_edge_hold_on_ice_and_hardpack,0.9990,,Magne_Traction_7_serrations,0.9967,,Quick_edge_to_edge,0.9436,,,,,,,,Standard_2x4_four_screws_per_binding,0.6449,,Middle_of_scale_more_snappy_than_smooth,0.8475,,,,,,,,,,,Not_terrible_but_not_strongest_feature,0.8475,,,,,,,,Great_for_natural_terrain_and_park_jumps_all_sizes,0.8475,,,,,,,
xtCrmHIit1,Salomon_SAS_Annecy_France,Huck_Knife,Quad_Camber_camber_dominant,0.9986,,Aspen_SLCT_hand_selected_wood,0.9948,,929.99,0.9974,,In_stock_2026_model_evo,0.9490,,Capita_DOA_very_similar_HK_softer_more_playful,0.9219,,Sintered,0.9981,,55_75kg,0.9948,,5.0,0.9222,,2017,0.9981,,28.6,0.9948,,7.5,0.9948,,Intermediate_to_Advanced,0.9933,,Repair_or_replace_at_no_charge,0.9840,,Included_in_Best_Freestyle_Snowboards_list,0.8571,,,,,Dusty_Henricksen_and_Sven_Thorgren,0.6689,,,,,China,0.9971,,,,,,,,25.5,0.9948,,65_90kg,0.9948,,121.6,0.9948,,7.7,0.9948,,,,,Freestyle_All_Mountain,0.9952,,Salomon,0.9976,,2x4_inserts,0.9966,,True_Twin,0.9566,,149_153_156_159_156W_159W,0.9948,,2027_AU_equivalent_2025_2026_NH,0.9120,,Mens_Unisex,0.9346,,Tri_Ax_Glass,0.9951,,Freestyle_snowboard,0.9219,,Park_Freestyle_All_Mountain,0.9890,,0.0,0.6216,,Average_carving_outside_park,0.9981,,BioBased_30_resin_30pct_plant_derived,0.7352,,53.0,0.9948,,Good_edge_hold_hardpack_icy_camber_aided,0.9977,,Popster_Booster_carbon_stringers_nose_tail_max_pop,0.9957,,ABS_sidewalls,0.7366,,Exceptional_in_park_jibbing_jumping,0.9986,,,,,,,,EQ_Rad_Equaliser_Radial_blended,0.9981,,,,,2x4_insert_compatible_most_bindings,0.6322,,Not_super_damp_not_super_chattery_decent_crud,0.9081,,,,,,,,,,,,,,86.475,0.3598,86.475:0.3598|85.175:0.3598|83.7:0.2804,,,,,,,,,,,,
xtdkXGh0Rr,Low_Pressure_Studio_Nidecker_Group,Party_Wave,Medium_Camber_3BT_SideKick,0.9923,,Full_poplar_hardwood_beech_stringers,0.9923,,869.99,0.9310,,Low_stock_4_left,0.9923,,Gentemstick_Korua_United_Shapes_Yes_Rome,0.9466,,Hyper_Glide_S_sintered,0.9963,,68_88kg,0.9948,,4.0,0.9865,4.0:0.9865|6.0:0.0135,2018_season,0.9620,,32.4/30.3,0.9948,,8.9,0.9948,,Intermediate,0.5446,Intermediate:0.5446|Intermediate_Advanced:0.4554,2yr_limited_3yr_with_registration,0.9999,,Not_easy_to_know_day1_improves_day2_3,0.9466,,,,,,,,,,,Austria_CAPiTA_Mothership,0.9554,Austria_CAPiTA_Mothership:0.9554|Asia_or_Saudi_Arabia:0.0446,Washy_mess_on_groomers,0.9466,,,,,28.0,0.9948,,74_94kg,0.9948,,123.3,0.9948,,9.0,0.9948,,33.0/31.0,0.9948,,Freeride_Powder,0.9000,,Bataleon,0.9974,,2x4_Inserts_24_per_board,0.9963,,Tapered_Directional,0.9963,,145_148_151_154_157cm,0.9723,145_148_151_154_157cm:0.9723|148_151_154cm:0.0277,2027_Southern_Hemisphere,0.7100,,Mens,0.9974,,Bi_Ax_fiberglass,0.9802,Bi_Ax_fiberglass:0.9802|Tri_Ax_fiberglass:0.0198,Snowboard,0.9974,,Resort_Pow_trees_groomers_freeride,0.8609,,40.0,0.9284,40.0:0.9284|10.0:0.0716,Not_ideal_for_carving_washy_at_speed,0.9620,,Flip_Flop_Base_minimizes_ptex_waste,0.7119,,49.0_61.0cm,0.9494,49.0_61.0cm:0.9494|55.0_59.0cm:0.0506,Really_uncatchy,0.9620,,3BT_camber_3D_sidebases_ollie_carving,0.9912,,Urethane_Flex_Walls_shock_absorbing,0.9923,,Very_easy_flex_butters_well,0.9466,,,,,Easy_turn_initiation_quick_edge_to_edge,0.9620,,,,,20.0,0.9922,,2x4_insert_compatible_most_brands,0.9000,,Harder_in_chop_bucks_around,0.9466,,,,,,,,45_day_returns,0.9945,,,,,,,,Not_fast_enough_dampness_short_bursts,0.9466,,,,,,,,,,
yK7Rkc5jVr,Nitro_AG_Hunenberg_Switzerland,Dinghy,True_Camber_full_traditional,0.9996,,PowerCore_II_Poplar_Beech_stringers,0.9945,,999.99,0.9245,,Preorder,0.7302,,Gnu_Gremlin_similar_specs_stiffer_better_carve_worse_powder,0.9686,,Sintered_EcoSpeed_HD_Base,0.9945,,70+kg,0.9945,,7.0,0.9923,,2023,0.6270,,314/308,0.9945,,7.6/6.3,0.9945,,Advanced_Expert,0.9726,,,,,Best_for_freeriding_big_mountain_bit_of_park,0.8856,,EcoGuard_Topsheet_90pct_recycled,0.9945,,Bryan_Fox_and_Austin_Smith_Quiver_lineup,0.7545,,Feels_normal_for_surface_area_not_precisely_measured,0.9346,,Playmaker_factory_Taiwan,0.6677,,Great,0.9726,,Great,0.9726,,267.0,0.9945,,75+kg,0.9945,,,,,8.0/6.6,0.9945,,318/312,0.9945,,Freeride-Powder,0.7176,,Nitro,0.9945,,2x4_Inserts,0.7176,,Tapered_Directional,0.9945,,150W_155W_160W,0.9945,,2027,0.7302,,Unisex,0.7547,,Bi_Lite_Laminates_two_direction_fibers,0.9887,,Snowboard,0.9945,,Tree_runs_powder_wide_open_faces_groomers,0.7176,,neg15.0,0.9945,,Hard_to_turn_uneven_snow_size_10_and_under,0.9726,,Made_with_100pct_solar_power,0.9923,,48-60cm,0.9945,,Hard_Snow_capable_great_edge_from_camber,0.9971,,,,,ABS_Sidewalls_35pct_recycled_polymers,0.9647,ABS_Sidewalls_35pct_recycled_polymers:0.9647|Ureshred_Sidewalls:0.0353,Fun_centered_feel_when_turning,0.9726,,Recycled_Steel_Edge_50pct,0.9945,,Medium,0.9726,,Progressive_Sidecut,0.9923,,,,,,,,,,,,,,1130.0,0.9945,,,,,Average,0.9726,,,,,Good,0.9726,,Good,0.9726,,Semi_Locked_In,0.9726,,Average,0.9726,
yhfj6dMPok,The_Burton_Corporation,Blossom_Camber_Snowboard,Traditional_Camber_full_length,0.9915,,Super_Fly_II_700G,0.9576,,615.99,0.9307,,2025_model_listed,0.9931,,Comparable_pop_to_Capita_DOA,0.9317,,Recycled_Sintered_WFO,0.9587,,54-82kg,0.9307,,3-6_range_varies_by_size,0.5364,3-6_range_varies_by_size:0.5364|4.5:0.4180,2022-2023_season,0.9923,,29.3,0.9307,,7.7,0.9307,,Intermediate,0.8906,,3_year_warranty_from_purchase,0.9435,,Fast_stable_flexible_smooth_ride,0.9416,,Eroded_rock_crystal_graphic_color_shifts_in_cold,0.8167,,Zeb_Powell_Winkelmann_Crouch_Ciccarelli_Warner,0.9947,,2900.0,0.9785,,Keil_factory_Austria,0.9569,,,,,Not_suited_full_camber_twin_not_great_for_powder,0.9620,,25.1,0.9307,,68-91kg,0.9307,,118.5,0.9307,,7.9,0.9307,,29.7,0.9307,,Freestyle_All_Mountain_Freestyle,0.8339,Freestyle_All_Mountain_Freestyle:0.8339|All_Mountain_Park:0.1500,Burton,0.9985,,The_Channel_compatible_all_major_bindings,0.9520,,True_Twin,0.9558,,144_149_152_155_158_162cm,0.9307,,2025,0.9207,,Unisex,0.9870,,Triax_Fiberglass,0.8786,,Snowboard,0.9985,,Park_freestyle_also_all_mountain_groomed_hardpack,0.9999,,0.0,0.9307,,Not_great_powder_floater_centered_twin_camber,0.9524,,First_snowboard_company_certified_B_Corporation,0.9998,,56.0,0.9307,,Hard_Snow_quality_edge_hold,0.9681,,Carbon_I_Beam_ultra_light_carbon_backbone,0.8786,,,,,Carves_as_good_as_any_twin,0.9681,,Frostbite_Edges_enhanced_edge_hold_hardpack_ice,0.8810,,,,,,,,,,,,,,,,,Burton_Killroy_Twin_discontinued,0.9212,,,,,,,,3.0,0.9785,,87.2,0.9743,,,,,4.5,0.9785,,,,,,,
yuGjSr8tzf,Salomon_SAS_Annecy_France,Jetstream,Rock_Out_Camber,0.9999,,Aspen_SLCT_Core_FSC,0.9944,Aspen_SLCT_Core_FSC:0.9944|Aero_Core_Balsa_Poplar:0.0056,1049.99,0.6300,,In_stock_available,0.9990,,Ride_Psychocandy_tapered_directional_unisex_freeride,0.9915,,50pct_Recycled_Sintered_Base,0.9999,,,,,7.0,0.9549,,All_new_2025_26_NH_season,0.9764,,,,,,,,Advanced_Expert,0.6282,Advanced_Expert:0.6282|Intermediate_to_Advanced:0.3718,2_year_limited_warranty_manufacturing_defects,0.9998,,,,,Olive_wood_veneer,0.9938,,Nils_Mindnich_and_Wolle_Nyvelt,0.8989,,3.4,0.4826,,Primarily_China,0.6918,,,,,,,,,,,,,,,,,,,,,,,All_Mountain_Freeride,0.9836,,Salomon,0.9991,,2x4_Inserts,0.6300,,Tapered_Directional,0.9999,,146_149_153_157_160_163_166cm,0.9929,146_149_153_157_160_163_166cm:0.9929|153_157_160_163cm:0.0049|153_157cm:0.0022,2026,0.9816,2026:0.9816|2027:0.0184,Unisex,0.9945,,BA_MD_BIAX_MD_European_fiberglass,0.9991,,Snowboard,0.9984,,Groomers_all_mountain_freeride_deep_snow_sketchy,0.6300,,2.0,0.9501,,,,,FSC_certified_wood,0.9974,,,,,,,,Ghost_Carbon_Beams_Plus,0.9991,,66pct_Recycled_ABS,0.9914,66pct_Recycled_ABS:0.9914|100pct_Recycled_ABS:0.0086,Edge_hold_responsive_play_in_nose,0.9103,,20pct_Recycled_edges,0.9938,,,,,Radial_Sidecut,0.9999,,Nose_wider_than_tail,0.9974,,,,,,,,,,,,,,,,,,,,,,,,,,,,,,,,,,
yuK3bW43g2,Burton_Snowboards_founded_1977_Burlington_VT,Family_Tree_Alekesam,Directional_Camber_rocker_nose_camber_back,0.9960,,Super_Fly_II_700G_dual_species_wood_FSC,0.9986,,899.99,0.9974,,In_stock_available_2026,0.9989,,Lib_Tech_Orca_more_nose_rocker_better_powder_float,0.9343,,Sintered_WFO_high_density_wax_infused,0.9954,,68_to_91kg_150_to_200lbs,0.9948,,6.5,0.8040,6.5:0.8040|8.0:0.1960,2023,0.9974,,,,,7.2,0.9948,,Intermediate_to_Advanced,0.9950,,3_year_manufacturer_warranty_Channel_boards,0.8908,,Fit_boot_first_weight_second_Burton_sizing_very_liberal,0.9681,,Bird_themed_Audubon_macaw_parrot,0.9945,,Selema_Masekela,0.9539,,2660.0,0.9871,,Keil_Nindl_GmbH_Uttendorf_Austria,0.9993,,Just_as_good_as_2025_slower_moderate_carves,0.9760,,,,,256.0,0.9948,,82_to_118plus_kg_180_to_260plus_lbs,0.9948,,1191.0,0.9948,,7.5,0.9948,,,,,Freeride_Powder,0.9931,,Burton,0.9985,,The_Channel_Burton_adjustable_stance_all_bindings,0.9960,,Tapered_Directional,0.9958,,140_144_148_152_156_160cm,0.9931,,2026,0.9985,,Unisex_gender_neutral_female_friendly_sizing,0.9944,,Triax_fiberglass_above_below_core,0.9949,,Snowboard,0.9974,,Groomers_fresh_powder_all_mountain_freeride,0.9925,,25.0,0.6044,25.0:0.6044|neg50:0.3956,Not_as_damp_lightweight_trouble_downforce_high_speed,0.9975,,Certified_B_Corporation,0.9839,,,,,Tail_washes_at_speed_edge_lets_go_hard_snow,0.9999,,Carbon_I_Beam_ultralight_backbone_bottom_triax,0.9949,,,,,,,,,,,Really_easy_to_turn_slash_improved_over_2025_quick_edge_to_edge,0.9760,,,,,15.0,0.9960,,,,,Not_as_good_as_predecessor_more_chatter,0.9760,,,,,,,,,,,,,,88.3,0.9840,,,,,,,,,,,,,
z3zMzKG4EW,Bataleon_Low_Pressure_Studio_Nidecker_Group,Chaser,Medium_Camber_with_3BT_Medium_Nose_Tail_Uplift,0.9346,,Core_Core_full_poplar_wood,0.9985,,615.99,0.9974,,In_stock_low_stock_2_left_sale_321_95,0.9963,,YES_Basic,0.6070,,Hyper_Glide_S,0.9985,,65-85kg,0.9963,,3.0,0.9986,,circa_2019_reviewed_2021_forum_2018,0.9700,,29.3/29.3,0.9963,,7.75,0.9963,,Beginner_to_Intermediate,0.9949,,2_plus_1_year_warranty_via_registration,0.9963,,Considered_every_stumbling_block_for_learners_legit_solution,0.9062,,Not_described_in_technical_specs,0.3226,,,,,,,,Austria_CAPiTA_Mothership,0.9976,,,,,,,,25.1,0.9963,,75-95kg,0.9963,,118.7,0.9963,,8.0,0.9963,,29.9/29.9,0.9963,,All_Mountain,0.9998,,Bataleon,0.9998,,2x4_inserts,0.9563,,Directional_Twin,0.9535,,149_152_155_157_159_159W,0.9985,,2025/2026,0.9963,,Mens,0.9963,,Bi_Axial_fiberglass_two_way_weave,0.9986,,Snowboard,0.9998,,All_mountain_groomed_offpiste_park_powder,0.9680,,,,,Soft_boards_break_often_cosmetically_wear,0.4396,,,,,49.0-57.0,0.9963,,Significantly_reduced_due_to_3BT,0.9948,,Two_hardwood_beech_stringers_tip_to_tail,0.9993,,FlexWalls_urethane_poured,0.9985,,,,,3D_base_shaping_reduces_edge_catch_maintains_ollie_carving,0.9948,,Smooth_and_easy_3BT_breeze,0.9804,,,,,Not_specified_directional_twin_implies_slight_nose_bias,0.8767,,Standard_2x4_wide_variety_stance_options,0.6623,,FlexWalls_shock_absorption_reduce_chatter,0.9948,,Entry_level_all_mountain_since_2019,0.4375,,,,,45_day_returns,0.9963,,,,,,,,,,,,,,,,,,,
zWJWle90lc,,Magnum,Cam_Out_Camber,0.9695,Cam_Out_Camber:0.9695|True_Camber:0.0305,Powerlite_Core_ultra_lightweight_poplar,0.9923,,1049.99,0.9406,,Pre_order_delivery_April_May_2026,0.8691,,Amplid_Big_Kahuna,0.5980,,Sintered_EcoSpeed_HD_Base_recycled,0.9923,,65_to_85_kg,0.9923,,7.0,0.9923,,Since_1997,0.8215,,31.7/31.6,0.9620,31.7/31.6:0.9620|31.0/31.6:0.0380,7.0/4.1/7.0,0.9923,,Intermediate,0.9295,,Original_purchaser_only_not_transferable,0.9890,,,,,,,,Tommy_Delago,0.8215,,Lighter_than_most_wide_snowboards,0.7895,,,,,,,,,,,,,,,,,,,,,,,,,,All_Mountain_Freeride,0.9295,,Nitro,0.9923,,2x4_inserts,0.9295,,Directional,0.9923,,159W_163W_167W_171W,0.9923,,2027,0.8215,,Mens,0.9295,,Bi_Lite_Laminates_fibres_two_directions,0.9966,,Snowboard,0.9923,,10.0,0.9923,,neg15.0,0.9923,,Not_ideal_for_switch_park_due_to_directional,0.4384,,100pct_solar_power,0.9923,,50_to_62_cm,0.9923,,,,,Overlaying_sidecut_extended_width_edge_control,0.9923,,ABS_Sidewalls_35pct_recycled_polymers,0.9923,,Praised_for_carving_especially_eurocarves,0.4673,,Recycled_Steel_Edge_50pct_recycled,0.9923,,Power_Pods_reactive_fast_turning_on_edge,0.9923,,Dual_Degressive_smaller_radius_centre,0.9923,,,,,,,,,,,,,,109.0,0.9923,,Store_credit_exchange_30_days_no_mounted,0.9295,,,,,,,,,,,,,,,,,,,
zZWVCKWytq,Salomon_SAS_Annecy_France,Sleepwalker,Rock_Out_Camber,0.9584,,Aspen_Strong_Core,0.9584,,769.99,0.9462,,Available_salomon_com,0.9840,,Capita_Ultrafear_549_95_true_twin_cork_dampening,0.9931,,Sintered_base,0.9584,,55_85kg,0.9548,,3.0,0.5716,3.0:0.5716|4.0:0.4284,2017_18_season,0.9997,,29.7,0.9548,,8.0,0.9548,,Intermediate_Advanced,0.9336,Intermediate_Advanced:0.9336|Beginner_Intermediate:0.0664,Two_year_limited_warranty,0.9966,,Great_value_for_money_park_jib,0.9219,,Mad_scientists_electrifying_mishap_theme,0.7720,,Tommy_Gesme,0.9972,,,,,,,,,,,,,,25.2,0.9548,,65_90kg,0.9548,,120.5,0.9548,,8.2,0.9548,,29.9,0.9548,,Freestyle_Park_and_Jib,0.9516,Freestyle_Park_and_Jib:0.9516|Freestyle:0.0484,Salomon,0.9982,,2x4_inserts,0.9576,,True_Twin,0.9584,,148_151_153_155_158_155W_158W,0.9906,,2027,0.9924,,Mens,0.9983,,BA_MD_Biaxial_Medium_Density_Fiberglass,0.9569,,Snowboard,0.9987,,Terrain_park_rails_boxes_side_hits_urban,0.9706,,Centered_binding_stance,0.8664,,Not_a_high_speed_board_park_noodle,0.5755,,FSC_certified_wood_core_and_ABS_sidewalls,0.6875,,56.0,0.9548,,Adequate_for_park_blend_hold_forgiveness,0.9944,,Popster_milled_core_for_pop,0.9971,,ABS_Sidewalls,0.6045,,Excellent_soft_flex_makes_presses_fun_easy,0.9908,,,,,,,,EQ_Rad_Sidecut,0.7809,EQ_Rad_Sidecut:0.7809|Quadratic_Sidecut:0.2191,None_true_twin_zero_setback,0.8664,,SM_148_153_ML_155_158W,0.9462,,Royal_Rubber_provides_dampening_reduces_chatter,0.9201,,,,,,,,,,,,,,,,,,,,,,,,,,,,
zbnBF7cZrf,Mervin_Manufacturing,Something_Gnu,C2_Directional,0.9965,,G3_Lite_Carbon_Construction,0.9540,,1099.99,0.8531,,Listed_by_ASOGEAR_on_eBay,0.6760,,Lib_Tech_Orca_directional_freeride_powder,0.8414,,Sintered_Knife_Cut,0.9540,,115_plus_lbs_50_plus_kg,0.9957,,6.0,0.6949,6.0:0.6949|6.5_to_8.0:0.3051,2025,0.9675,,31.0_29.8cm,0.9974,,6.66_6.0m,0.9974,,Not_explicitly_stated,0.9914,,Defects_in_materials_and_workmanship_only,0.9957,,,,,Eco_Sublimated_Poly_Top,0.9614,,Pete_Saari,0.9957,,,,,Sequim_Washington_USA,0.9997,,,,,,,,25.3,0.9974,,145_plus_lbs_65_plus_kg,0.9957,,,,,6.66_6.0m,0.9974,,31.8_30.5cm,0.9974,,All_Mountain_Freeride,0.9964,,GNU,0.9998,,2x4_inserts,0.8531,,Directional,0.9964,,151_156_161_169cm,0.9974,,2026,0.9940,,,,,Triaxial_Biaxial_alloy_glass,0.9540,,Snowboard,0.9940,,Resort_hardpack_powder_carving,0.9996,,4.0,0.9974,,Not_stiff_enough_high_speed_carves,0.9839,,Zero_hazardous_waste_production,0.9997,,17.75_to_22.5_inches,0.9974,,,,,Carbon_power_bands,0.8842,,UHMW_Sidewalls,0.9540,,Easy_mellow_ride_ideal_casual_riders,0.9839,,Magne_Traction,0.9540,,,,,Progressive_sidecuts,0.9964,,,,,,,,Did_not_chatter_tip_tail_at_higher_speeds,0.9742,,,,,108.0,0.9974,,,,,,,,,,,,,,,,,,,,,,
zeJXkvuhnS,Never_Summer_Industries,Easy_Rider,Triple_Camber_Hybrid,0.9926,,NS_SuperLight_Wood_Core,0.9896,,999.99,0.9974,,In_stock_all_except_158X_sold_out,0.9853,,Burton_Custom_CAPiTA_DOA_K2_Alchemist_Lib_RC_Jones_MT_YES_Standard_GNU_Money,0.8526,,Durasurf_XT_Sintered_5501,0.9896,,,,,4.5,0.8721,4.5:0.8721|5.5:0.1047,2024_23_24_season,0.9904,,301.0,0.9896,,Vario_764,0.9896,,All,0.9896,,,,,Near_excellent_edge_hold,0.9499,,,,,,,,3357.0,0.9853,,Denver_Colorado_USA_handcrafted,0.9995,,,,,,,,253.0,0.9896,,,,,1220.0,0.9896,,,,,,,,Freestyle_All_Mountain,0.9465,,Never_Summer,0.9926,,2x4_inserts,0.9964,,True_Twin_symmetrical,0.9977,,148_152_154_157_160,0.9896,,2027,0.9551,,Mens,0.9637,,Carbon_Max_BiLite_Fiberglass_STS_PreTensioned,0.9896,,Snowboard,0.9926,,7.0,0.9896,,Centered,0.9896,,Three_cambers_fight_hooky_twitchy_in_harder_snow,0.9405,,,,,,,,Exceptional_outstanding_icy_conditions,0.9999,,Advanced_top_bottom_carbon_matrix,0.9917,,UHMW_Ultra_High_Molecular_Weight_PE,0.9896,,Quiver_killer_jumps_jibs_turns,0.9252,,Full_Wrap_Metal_Edge,0.9963,,Easy_turn_initiation_power_response,0.9341,,Multiple_radii_additional_contact_flat_middle_deeper_tips,0.9341,,0.0,0.9968,,Standard_or_mini_disk_on_2x4_inserts,0.9465,,,,,Proto_Type_2_shape_carbon_flex,0.9853,,,,,30_days_new_unused_direct,0.9923,,,,,,,,,,,,,,,,,,,
zgd1w5U433,Burton_Snowboards_founded_1977_Vermont_USA,Custom_X,Traditional_Camber_full_tip_to_tail,0.9962,,Dragonfly_600G_Multizone_EGD_Squeezebox,0.9953,,1199.99,0.9984,,2027_model_listed,0.9738,,Jones_Flagship_rocker_contacts_mellows_camber,0.9146,,Sintered_WFO_high_density,0.9953,,68_to_91kg,0.9958,,8.0,0.9852,8.0:0.9852|7.0:0.0148,2004,0.9984,,29.43,0.9958,,7.8,0.9958,,Advanced,0.9948,,3_year_warranty_Channel_system,0.9824,,Chattery_but_exceptional_pop,0.9606,,,,,Burton_riders_Olympic_competition_backcountry,0.8412,,2720.0,0.9905,,Kiel_Nindl_GMBH_Austria,0.6693,,,,,,,,25.2,0.9998,,68_to_91kg,0.9958,,119.5,0.9958,,7.9,0.9958,,,,,All_Mountain,0.9738,,Burton,0.9974,,The_Channel_all_major_bindings,0.9953,,Directional_Twin,0.9962,,150_154_156_158_162_158W_162W_166W,0.9963,,2027,0.9986,,Mens,0.9963,,Triax_fiberglass_with_Carbon_I_Beam,0.9991,,Snowboard,0.9974,,9.0,0.9922,,-1.25,0.9958,,Average_powder_due_to_camber_back_leg_burner,0.9868,,B_Corp_certified,0.9925,,53.0,0.9958,,Frostbite_Edges_exceptional_grip_hardpack_ice,0.9793,,Multizone_EGD_perpendicular_wood_grain_4_zones,0.9933,,,,,Board_100g_lighter_core_than_standard_Burton,0.9976,,Frostbite_Edges_extend_under_bindings,0.9955,,,,,,,,,,,Channel_requires_Burton_inserts_works_all_brands,0.9370,,Chattery_in_variable_conditions_lightness_less_invincible,0.9692,,Continuous_since_2004_incremental_updates,0.9659,,,,,14_day_refund_or_365_day_exchange_ships_Australia,0.8958,,,,,91.5,0.9912,,,,,,,,,,,,,
