product_guid,title,price_mean,price_std,price_confidence,core_material_score,core_material_conf,availability_score,availability_conf,warranty_mean,warranty_std,warranty_conf,reviewer_opinion_score,reviewer_opinion_conf,board_weight_mean,board_weight_std,board_weight_conf,carving_score,carving_conf,powder_mean,powder_std,powder_conf,edge_hold_score,edge_hold_conf,chatter_score,chatter_conf,positive_aspect_score,positive_aspect_conf,negative_aspect_score,negative_aspect_conf,return_policy_score,return_policy_conf,jibbing_score,jibbing_conf,overall_rating_mean,overall_rating_std,overall_rating_conf,speed_score,speed_conf,jumps_score,jumps_conf,pipe_score,pipe_conf,flex_rating_mean,flex_rating_std,flex_rating_conf,sidecut_radius_mean,sidecut_radius_std,sidecut_radius_conf,sidecut_radius_159_mean,sidecut_radius_159_std,sidecut_radius_159_conf,effective_edge_mean,effective_edge_std,effective_edge_conf,waist_width_mean,waist_width_std,waist_width_conf,setback_mean,setback_std,setback_conf,taper_mean,taper_std,taper_conf,stance_width_mean,stance_width_std,stance_width_conf,contact_length_mean,contact_length_std,contact_length_conf,tip_tail_width_mean,tip_tail_width_std,tip_tail_width_conf,tip_tail_width_159_mean,tip_tail_width_159_std,tip_tail_width_159_conf,recommended_weight_mean,recommended_weight_std,recommended_weight_conf,recommended_weight_159_mean,recommended_weight_159_std,recommended_weight_159_conf,turn_initiation_mean,turn_initiation_std,turn_initiation_conf,camber_profile_score,camber_profile_conf,terrain_suitability_mean,terrain_suitability_std,terrain_suitability_conf,on_snow_feel_score,on_snow_feel_conf,board_category_score,board_category_conf,comparable_board,camber_profile,base_material,terrain_suitability,topsheet,board_designer,manufacturing_location,board_category,shape,laminate,model_year,sustainability_certification,construction_material_innovation,sidewall_material,edge_technology,sidecut_type,binding_compatibility,predecessor_model_name,rider_level,brand,gender,mounting_pattern,product_type
0AYEov1dlY,Salomon_SAS HPS_Louif_Paradis,569.99,115,0.99,0.8,0.8,0.7,0.7,2.13,0.85,0.2,0.75,0.7,2882,1153,0.2,0.5,0.01,6,2.42,0.2,0.75,0.6,0.5,0.01,0.5,0.01,0.5,0.01,0.5,0.01,0.5,0.01,84,34,0.2,0.5,0.01,0.5,0.01,0.5,0.01,6,0.69,0.88,8,3.03,0.2,8,3.11,0.2,118,3,0.88,26,1,0.88,20,7,0.95,0,3,0.9,55,22,0.2,113,45,0.2,30,1,0.88,30,1,0.8,78,5,0.88,85,5,0.8,3,1.26,0.2,0.5,0.01,9,3.59,0.2,0.5,0.01,0.5,0.01,YES_PYL_Jones_Hovercraft_Rome_Ravine_Arbor_Clovis_Lago_Open_Road,,Sintered_EG,,ABC_Wrapper_bamboo_veneers_40pct_less_fiberglass_resin,Louif_Paradis,,,Tapered_Directional,BA_MD_Glass_biaxial_medium_density_fiberglass,2024.0,FSC_certified_woodcore,Bamboo_veneers_add_liveliness_explosive_pop,Recycled_ABS_Sidewalls,All_Mountain_Edge_Bevel,Quadralizer,Standard_4x4_and_2x4_compatible,Annie_Boulanger_HPS_and_Takaharu_Nakai_HPS,Expert,Salomon,Unisex,2x4_Inserts,Snowboard
0WO90RPV8Y,Burton_Snowboards_Burlington_VT Cartographer,947.4939768339766,379,0.2,0.9,0.9,0.6,0.7,3.0,0.49,0.8,0.6,0.98,2882,1153,0.2,0.85,0.98,7,0.98,0.8,0.5,0.7,0.5,0.01,0.8,0.7,0.7,0.8,0.5,0.01,0.5,0.8,84,34,0.2,0.7,0.8,0.8,0.8,0.7,0.8,6,0.48,0.94,7,0.38,0.99,7,0.35,0.99,114,2,1.0,26,0,0.99,2,7,0.99,5,3,0.85,53,2,0.99,113,45,0.2,30,1,0.99,30,1,0.8,68,3,0.99,80,5,0.8,3,0.69,0.8,0.5,0.01,9,3.59,0.2,0.8,0.8,0.5,0.01,Jones_Frontier_quiver_of_one_6_10_flex_directional,,Sintered_WFO,,Picasso_to_OKeeffe_deep_lines_abstract_imagery,Vermont_artist_Julio_Desmont,China,,Directional,Triax_Fiberglass,2026,Certified_B_Corporation,None_standard_Triax_only_no_carbon,,,,Compatible_all_major_brands_best_with_Burton_EST,,Advanced_to_Expert,Burton,Unisex,The_Channel,Snowboard
0bszvf1jUz,Rome_Snowboards_SDS Rene,949.99,272,0.71,0.65,0.71,0.5,0.7,2.13,0.85,0.2,0.5,0.01,2882,1153,0.2,0.5,0.01,6,2.42,0.2,0.75,0.7,0.5,0.01,0.5,0.01,0.6,0.7,0.75,0.8,0.5,0.01,84,34,0.2,0.5,0.01,0.5,0.01,0.5,0.01,7,1.07,0.71,8,0.89,0.71,8,0.83,0.71,122,4,0.71,26,1,0.71,0,17,0.71,0,5,0.71,53,6,0.71,113,45,0.2,30,12,0.2,30,12,0.2,75,8,0.71,81,7,0.71,3,1.26,0.2,0.5,0.01,9,3.59,0.2,0.5,0.01,0.5,0.01,Indoor_Survival_Shadowban_Nitro_Team_Yes_Typo_Frontier,,SinterStrong_Base,,,Rene_Rinnekangas,,,Directional_Twin,Triax_Glass,2027,,Directional_Triple_Bamboo_Omega_HotRods,Twin_Flax_Walls_predecessor,,Radial_Sidecut,Not_suitable_Burton_EST_3D,Rome_Rene_Gade,Intermediate_Advanced,Rome,Mens,2x4_Inserts,Snowboard
0veqI4FzRH,Burton_Snowboards_founded_1977_Vermont Process_Flying_V,615.99,115,1.0,0.9,0.9,0.8,0.7,3.0,0.49,0.8,0.5,0.01,2600,724,0.6,0.5,0.01,6,2.42,0.2,0.55,0.7,0.8,0.8,0.7,0.8,0.6,0.8,0.5,0.01,0.5,0.01,84,5,0.98,0.5,0.3,0.5,0.01,0.1,0.7,4,0.96,0.76,8,0.44,0.93,8,0.41,0.93,120,2,0.94,25,0,0.98,12,7,0.95,5,2,0.2,53,7,0.6,113,45,0.2,29,1,0.93,30,1,0.93,68,3,0.99,80,5,0.8,3,0.84,0.7,0.5,0.01,9,3.59,0.2,0.5,0.01,0.5,0.01,CAPiTA_DOA_true_twin_hybrid_camber_stiffer,,Sintered_durable_porous,,Panda_graphic_glows_in_dark,Mark_McMorris,,,Twin_symmetrical_tip_to_tail,Triax_triaxial_fiberglass,2025,FSC_certified_core_and_Super_Sap_bio_epoxy,Squeezebox_variable_thickness_core,,Frostbite_Edges_extended_under_bindings,Single_radius_sidecut,Channel_all_major_brands_best_with_EST,,Intermediate,Burton,Mens,The_Channel_all_major_bindings_best_with_EST,Snowboard
0vy5ZEFcFU,CAPiTA_by_C3_Worldwide_manufactured_Core_Srl Aeronaut,1249.99,122,0.94,0.9,0.8,0.9,0.9,2.0,0.25,1.0,0.7,0.8,2882,1153,0.2,0.85,0.98,6,0.98,0.8,0.5,0.7,0.5,0.01,0.65,0.6,0.5,0.8,0.5,0.01,0.5,0.8,84,34,0.2,0.7,0.8,0.8,0.8,0.7,0.8,6,0.45,1.0,8,0.9,0.7,8,3.11,0.2,122,2,1.0,25,0,1.0,2,7,1.0,0,2,1.0,56,2,1.0,113,45,0.2,30,1,1.0,30,12,0.2,74,3,1.0,78,5,0.8,4,0.84,0.7,0.5,0.01,9,3.59,0.2,0.8,0.8,0.5,0.01,Jones_Stratos,,HyperDrive_ADV_XT_premium_sintered_extra_thick,,PLT_metallic_screen_PAM16000_solventless_UV_ink,Arthur_Longo,Austria_MotherShip_Feistritz,,Tapered_Directional_20mm_setback,Holysheet_Tri_Bi_triax_above_biax_below,2027,Certified_B_Corp_score_98_9,3x25mm_CarbonFlax_Amplifier_flax_carbon_weave,,,Progressive,,,Advanced_Expert,CAPiTA,Mens,2x4_inserts,Snowboard
0wlvcYbEX2, Mountain_Twin_Pro,1199.99,115,0.95,0.8,0.8,0.5,0.01,2.13,0.85,0.2,0.75,0.7,2882,1153,0.2,0.5,0.01,6,2.42,0.2,0.95,0.84,0.5,0.01,0.5,0.01,0.5,0.01,0.5,0.7,0.4,0.6,84,34,0.2,0.5,0.01,0.8,0.7,0.5,0.01,8,0.66,0.89,8,0.47,0.92,8,0.35,0.99,121,2,0.99,25,0,0.92,0,9,0.92,0,2,0.99,58,3,0.92,113,45,0.2,30,1,0.92,30,1,0.87,70,4,0.92,70,5,0.8,4,0.97,0.6,0.5,0.01,9,0.56,0.92,0.5,0.01,0.5,0.01,Korua_Otto_K2_Manifest_Yes_Typo_Ride_Algorythm_etc,,UHMWPE_Carbon_50pct_recycled,9.0,Ash_veneer,,SWS_Dubai_UAE,,Directional_Twin_Medium_3D_Contour_Base,Basalt_Pro_Layup_full_basalt,2027,27pct_plant_based_carbon_33pct_less_CO2,Forever_Flex_overbuilt_then_broken_in,Recycled_ABS_round_finish,Traction_Tech,Progressive_Sidecut,Union_Force_or_Jones_Meteorite,Jones_Ultra_Mountain_Twin,Advanced_Expert,Jones_Snowboards,Mens,2x4_Inserts,Snowboard
1D2Fxhz6Eo,Mervin_Manufacturing Facts,699.99,115,0.99,0.7,0.6,0.4,0.5,1.0,0.25,1.0,0.5,0.01,2882,1153,0.2,0.5,0.01,6,2.42,0.2,0.95,0.8,0.1,0.55,0.5,0.01,0.5,0.01,1.0,0.83,0.5,0.01,84,34,0.2,0.5,0.01,0.5,0.01,0.5,0.01,5,0.45,0.96,8,0.38,0.99,8,0.35,0.99,119,47,0.2,25,0,0.99,1,7,0.99,5,2,0.2,55,6,0.7,119,3,0.99,30,1,0.99,30,1,0.8,65,9,0.6,75,8,0.6,2,0.84,0.7,0.5,0.01,9,3.59,0.2,0.5,0.01,0.5,0.01,Burton_Cultivator,,Extruded_Eco_Knife_Cut_Co-Ex,,Eco_Sublimated_Poly_Topsheet,Sam_Davidson_Anti_Hero,Sequim_Carlsborg_Washington_USA,,Directional_Twin,Tri-Ax_Bi-Ax_Fiber_alloy_glass,2025-2026,FSC_certified_core_wood,,UHMW_Polyethylene,Magne-Traction_7_serrations,,Standard_2x4_all_major_binding_brands,,Beginner-Intermediate,GNU,Mens,2x4_Inserts,Snowboard
1JvX9FmL2G,Rossignol_Skis_Rossignol_SA District,299.99,115,0.97,0.5,0.3,0.75,0.6,1.0,0.44,0.84,0.5,0.01,2800,260,0.99,0.5,0.01,6,2.42,0.2,0.4,0.8,0.5,0.01,0.6,0.7,0.6,0.8,0.5,0.01,0.5,0.01,84,34,0.2,0.5,0.01,0.5,0.01,0.5,0.01,5,0.45,0.96,8,0.38,0.99,8,0.44,0.92,117,2,0.95,25,0,0.95,0,7,1.0,5,2,0.2,58,5,0.8,113,45,0.2,29,1,0.8,30,1,0.8,72,3,0.95,92,8,0.6,2,0.84,0.7,0.5,0.01,9,3.59,0.2,0.5,0.01,0.5,0.01,K2_Standard_similar_rocker_soft_twin_beginner,,4400_Extruded,,Silkscreened_graphics,,,,True_Twin,Glass_Fiber,2020,FSC_Certified_wood_core,None_not_listed_entry_level_board,ABS,,Deep_progressive,Standard_4x4_insert_compatible_with_most_bindings,,Beginner_to_Intermediate,Rossignol,Mens,4x4_insert_pattern,Snowboard
1VrBAwE1ov,Nidecker_SA_Rolle_Switzerland The_Gun,1099.99,237,0.78,0.7,0.78,1.0,0.52,2.0,0.49,0.8,0.8,0.8,2882,1153,0.2,0.5,0.01,6,2.42,0.2,0.5,0.01,0.5,0.01,0.5,0.01,0.7,0.76,0.65,0.7,0.5,0.01,84,34,0.2,0.5,0.01,0.5,0.01,0.5,0.01,8,0.93,0.78,10,0.38,0.96,8,3.11,0.2,119,47,0.2,26,10,0.2,35,7,0.95,8,5,0.66,52,7,0.55,108,8,0.66,29,2,0.55,30,12,0.2,85,9,0.6,80,32,0.2,3,1.26,0.2,0.5,0.01,9,3.59,0.2,0.5,0.01,0.5,0.01,Korua_Cafe_Pencil,,N_9000_Sintered,,Absorbnid_Topsheet,Mike_Basich,,,Tapered_Directional,Triax_Plus,2027,1pct_of_sales_to_environmental_initiatives,Pop_Carbon_Plus_nose_to_tail,Slim_ABS_sidewall,,Single_radius_10m,Works_with_any_binding,,Advanced,Nidecker,Unisex,2x4_Inserts,Snowboard
1dpFmvUwSW,Mervin_Manufacturing Gremlin,969.99,115,1.0,0.75,0.6,0.85,0.8,1.0,0.25,0.96,0.7,0.8,2800,724,0.6,0.9,0.8,7,0.98,0.8,0.9,0.9,0.5,0.01,0.85,0.8,0.5,0.8,0.5,0.01,0.5,0.8,84,34,0.2,0.7,0.8,0.7,0.8,0.5,0.01,6,0.45,0.98,8,3.03,0.2,8,3.11,0.2,119,47,0.2,26,10,0.2,2,7,1.0,12,2,0.99,55,22,0.2,113,45,0.2,30,12,0.2,30,12,0.2,73,29,0.2,80,32,0.2,4,0.69,0.8,0.5,0.01,9,3.59,0.2,0.82,0.7,0.5,0.01,Lib_Tech_Orca_Jones_Hovercraft_Endeavor_Scout_etc,,Fast_sintered_die_cut_to_reduce_waste,,Eco_Sublimated_Poly_Texture_Topsheet,Gnu_Gift_Shop,Handbuilt_USA_Sequim_Washington,,Tapered_Directional,Triaxial_Biaxial_Fiberglass,2026,Zero_hazardous_waste_manufacturing,,UHMW_Polyethylene,Magne_Traction,,Bent_Metal_Axtion_matching_teal_2026,,Advanced_to_Expert,GNU,Mens,2x4_Inserts,Snowboard
2IvmhQew1q,CAPiTA_Snowboards_founded_Seattle_2000 Kazu_Kokubo_Pro,1249.99,115,0.98,0.9,0.8,0.5,0.7,2.0,0.25,0.99,0.5,0.01,2300,724,0.6,0.85,0.7,6,2.42,0.2,0.8,0.8,0.9,0.9,0.75,0.7,0.6,0.7,0.5,0.01,0.5,0.01,84,34,0.2,0.5,0.01,0.5,0.01,0.5,0.01,7,1.18,0.65,8,0.38,0.98,9,0.35,0.98,122,2,0.98,26,0,0.98,2,7,1.0,7,2,0.99,56,2,0.98,113,45,0.2,30,1,0.98,30,12,0.2,72,6,0.8,76,5,0.8,2,0.97,0.6,0.5,0.01,9,3.59,0.2,0.5,0.01,0.5,0.01,Amplid_Souly_Grail_K2_Alchemist_Burton_Skeleton_Key_YES_PYL_Weston_Backwoods_and_more,,Hyperdrive_ADV_XT_premium_sintered_PE_highest_antifriction,,Skinless_Core_Ash_Woodgrain_digital_print_PAM16000_silkscreened,Kazu_Kokubo_Kazuhiro_Kokubo_Japanese_professional_snowboarder,Feistritz_an_der_Gail_Carinthia_Austria_The_Mothership,,Tapered_Directional,Holysheet_Tri_Bi_triaxial_above_biaxial_beneath,2027,Certified_B_Corporation_B_Impact_Score_98_9,4x25mm_CarbonFlax_Amplifier,Full_ABS1000_Sidewalls,360_Degree_HRC48_Steel_Edges,Radical_Taper,,,Advanced,CAPiTA,Mens,2x4_Inserts_stainless_steel,Snowboard
2LdthH7GBg, Freecarver_9000s,1149.99,176,0.88,0.6,0.5,0.9,0.8,2.13,0.85,0.2,0.5,0.6,2882,1153,0.2,0.9,0.8,6,0.98,0.8,0.65,0.8,0.7,0.8,0.7,0.7,0.2,0.9,0.5,0.7,0.2,0.8,84,34,0.2,0.8,0.8,0.7,0.8,0.2,0.8,8,1.25,0.6,9,0.47,0.92,9,0.44,0.92,130,2,0.92,27,0,0.92,40,7,0.99,9,3,0.92,58,3,0.92,113,45,0.2,31,1,0.92,32,1,0.8,70,4,0.92,82,8,0.6,6,0.69,0.8,0.5,0.01,9,3.59,0.2,0.95,0.9,0.5,0.01,Stranda_Cheater_titanal_construction,,Sintered_9900_Base,,FSC_Ash_Veneer,,Dubai_UAE,,Tapered_Directional,Triax_Fiberglass_triple_layer_multi_directional,2027,Fair_Trade_Certified_via_Fair_Trade_USA,Basalt_Power_Stringers,Recycled_ABS,Traction_Tech_3_0,Progressive_sidecut_radius_increases_toward_contact_points,Standard_4_hole_mount,,Advanced,Jones_Snowboards,Mens_Unisex,2x4_inserts,Snowboard
2biFvZoeMv,Mervin_Manufacturing Banked_Country,1049.99,115,0.99,0.95,0.9,1.0,0.8,2.13,0.85,0.2,0.5,0.6,2882,1153,0.2,0.85,0.8,6,0.98,0.8,0.9,0.89,0.5,0.01,0.8,0.8,0.6,0.8,0.5,0.01,0.5,0.8,86,14,0.6,0.8,0.8,0.8,0.8,0.8,0.8,7,1.09,0.7,8,0.38,0.99,8,0.35,0.99,119,47,0.2,25,0,0.99,2,8,0.94,0,6,0.6,55,6,0.7,112,3,0.99,29,1,0.99,30,1,0.8,70,9,0.6,70,8,0.6,4,0.84,0.7,0.5,0.01,9,3.59,0.2,0.8,0.8,0.5,0.01,Amplid_Souly_Grail_K2_Alchemist_United_Shapes_Cadet_Ride_Algorythm_etc,,Sintered_Knife_Cut_Base,,Eco_Sublimated_Poly_Topsheet,Temple_and_Cannon_Cummins,Carlsborg_Sequim_Washington_USA,,Tapered_Directional,Triaxial_Biaxial_alloy_glass,2026,Zero_hazardous_waste_FSC_woods_water_solvents_eco_print,Carbon_Power_Bands,UHMW_Polyethylene,Progressive_Pro_Magne_Traction,,,GNU_Billy_Goat,Advanced_to_Expert,GNU,Mens,2x4_Inserts,Snowboard
2jxEAJa3Fk,Jones_Snowboards_Nidecker_US_Inc_Truckee_CA Frontier_2.0,899.99,160,0.9,0.7,0.8,0.5,0.8,2.0,0.63,0.67,0.3,0.8,2700,260,0.99,0.5,0.01,6,2.42,0.2,0.9,0.97,0.3,0.8,0.6,0.6,0.8,0.8,0.5,0.7,0.5,0.01,84,34,0.2,0.5,0.01,0.5,0.01,0.5,0.01,4,1.25,0.6,8,0.38,1.0,8,3.11,0.2,119,47,0.2,26,10,0.2,20,7,1.0,5,2,1.0,56,2,1.0,116,3,1.0,30,1,1.0,30,12,0.2,75,3,0.99,80,32,0.2,3,0.97,0.6,0.5,0.01,9,3.59,0.2,0.5,0.01,0.5,0.01,Jones_Flagship_749.95_stiffer_freeride,,Sintered_8000_Base,,Premium_Topsheet,Inaki_Odriozola,SWS_Solico_Dubai_UAE,,Tapered_Directional,Biax_Fiberglass_with_Bio_Resin,2025/2026,Fair_Trade_Certified,,Recycled_ABS,Oversize_recycled_steel_edges,,,Jones_Frontier_original_last_2025MY,Beginner_Intermediate_Expert_progress_2of5,Jones_Snowboards,Mens,2x4_Inserts_Standard_Pack,Snowboard
34xl4zXkIS,Rome_Snowboards_founded_2001 Viper,999.99,115,0.96,0.4,0.7,0.4,0.7,2.13,0.85,0.2,0.5,0.01,2882,1153,0.2,0.5,0.01,6,2.42,0.2,0.8,0.8,0.5,0.01,0.75,0.7,0.5,0.01,0.75,0.8,0.5,0.01,84,34,0.2,0.5,0.01,0.5,0.01,0.5,0.01,6,0.45,1.0,7,0.74,0.8,7,0.69,0.8,121,2,0.99,25,0,0.99,0,7,0.95,0,2,1.0,53,7,0.6,113,45,0.2,30,12,0.2,30,12,0.2,75,3,1.0,79,5,0.8,2,0.97,0.6,0.5,0.01,9,3.59,0.2,0.5,0.01,0.5,0.01,Jones_Mountain_Twin_directional_twin_camber_579_95,,SinterStrong_sintered_base,,,Stale_Sandbech_and_Rene_Rinnekangas,Titan_Factory_China,,Directional_Twin,Triax_Upper_and_Lower_Glass,2027_FW_2026_27,,Directional_Diamond_3D_nose,,,Tri_Radial_Sidecut_three_radii,Compatible_most_bindings_2x4,,Intermediate_Advanced,Rome_SDS,Mens,2x4_inserts,Snowboard
3EvvgTQAkz,Jones_Snowboards_Nidecker_Group Tweaker_Pro_2.0,1099.99,115,0.95,0.65,0.6,0.5,0.8,2.13,0.85,0.2,0.5,0.01,2900,260,0.99,0.5,0.01,6,2.42,0.2,0.95,0.86,0.8,0.7,0.8,0.8,0.6,0.8,0.5,0.7,0.5,0.01,84,34,0.2,0.5,0.01,0.5,0.01,0.5,0.01,8,1.34,0.54,8,0.41,0.94,8,3.11,0.2,120,2,0.94,25,0,1.0,0,7,1.0,0,2,1.0,54,3,0.94,113,45,0.2,29,1,0.94,30,12,0.2,70,3,1.0,75,5,0.8,5,0.84,0.7,0.5,0.01,8,0.45,1.0,0.5,0.01,0.5,0.01,CAPiTA_Super_DOA_4_67_of_5,,Sintered_8000,8.0,Premium_durable_scratch_resistant,Jimmy_Goodman,Dubai_SWS_Board_Technology,,True_Twin_symmetrical,Basalt_Pro_Layup_basalt_fibre,2027,Fair_Trade_Certified_since_2024_25,Aerospace_derived_synthetic_core_dampening_swing_weight,Recycled_ABS_round_finish,Medium_Traction_Tech_multiple_contact_points,Progressive_sidecut,,Jones_Tweaker_Pro_2025_2026,Advanced_to_Expert,Jones_Snowboards,Mens,2x4_inserts_Standard_Pack,Snowboard
3wOygBFu3i,Salomon_SAS_Annecy_France Sight,649.99,115,0.95,0.75,0.9,0.6,0.6,2.0,0.49,0.8,0.5,0.6,2882,1153,0.2,0.7,0.97,3,0.98,0.8,0.5,0.7,0.7,0.7,0.5,0.01,0.5,0.01,0.5,0.01,0.45,0.7,84,34,0.2,0.2,0.8,0.7,0.7,0.65,0.7,5,0.75,0.86,8,3.03,0.2,8,3.11,0.2,118,2,0.93,25,0,0.93,10,7,0.97,1,4,0.8,55,22,0.2,113,45,0.2,30,1,0.93,30,12,0.2,78,4,0.93,78,5,0.8,3,0.69,0.8,0.5,0.01,9,3.59,0.2,0.7,0.8,0.5,0.01,Nidecker_Escape_Amplid_Singular_Burton_Instigator,,Extruded_EG,,,,Global_France_Bulgaria_Asia,,Tapered_Directional,BA_LD_low_density_fiberglass,2025,FSC_certified_wood_strips,,ABS_sidewalls_Royal_Cork_Rails,,Quadratic_Sidecut,,Salomon_Ace,Beginner_Advanced,Salomon,Mens,2x4_Inserts,Snowboard
4L0uIaTGot, Basher,999.99,115,1.0,0.6,0.7,1.0,0.97,2.0,0.25,1.0,0.85,0.8,2882,1153,0.2,0.75,0.6,8,1.2,0.7,0.5,0.01,0.5,0.01,0.5,0.01,0.8,0.8,0.6,0.65,0.5,0.01,84,34,0.2,0.5,0.01,0.5,0.01,0.5,0.01,7,0.45,0.97,5,1.04,0.6,8,3.11,0.2,119,47,0.2,26,10,0.2,0,7,1.0,5,2,0.2,54,5,0.8,102,3,1.0,30,1,1.0,30,12,0.2,75,9,0.6,80,32,0.2,2,0.84,0.7,0.5,0.01,9,3.59,0.2,0.5,0.01,0.5,0.01,Jones_Stratos_Ride_Twinpig_Lib_Tech_Skate_Banana_CAPiTA_Aeronaut,,Sintered_EcoSpeed_HD_85pct_recycled_Ptex,,EcoGuard_Topsheet_90pct_recycled,,Playmaker_factory_Taiwan,,Asym_Twin,Bi_Lite_Laminates_biaxial_fiberglass,2026,100pct_solar_power,3D_Twin_Tech_convex_concave_convex,ABS_Sidewalls_35pct_recycled,50pct_Recycled_Steel_edges,Dual_Degressive,Any_standard_or_mini_disk_fits_2x4,Optisym_asymmetric_Friendly_Freestyle,Park_freestyle_urban_riders,Nitro,Mens,2x4_Inserts,Standard_solid_snowboard
4tEumX87V1,Mervin_Manufacturing Banked_Country,1049.99,115,0.95,0.95,0.9,0.95,0.9,2.13,0.85,0.2,0.9,0.8,2960,260,0.95,0.85,0.96,6,0.98,0.8,0.9,0.9,0.75,0.72,0.5,0.01,0.4,0.8,0.5,0.01,0.5,0.8,88,5,0.95,0.8,0.8,0.8,0.8,0.8,0.8,7,0.45,0.97,8,0.38,1.0,8,0.35,1.0,119,47,0.2,25,0,1.0,4,15,0.77,0,3,0.9,55,6,0.7,112,3,1.0,29,1,1.0,30,1,0.8,70,9,0.6,75,8,0.6,4,0.84,0.7,0.5,0.01,9,3.59,0.2,0.8,0.8,0.5,0.01,Jones_Flagship_1_Never_Summer_Valhalla_2_YES_PYL_3_and_more,,Sintered_Knife_Cut_Base,,Eco_Sublimated_Poly_Topsheet,Temple_and_Cannon_Cummins,Mervin_Manufacturing_longest_running_last_major_USA_factory,,Tapered_Directional,Tri_Ax_Bi_Ax_fiberglass_Carbon_Power_Bands,2026_season_2025_2026,EcoUNREAL_Manufacturing_zero_hazardous_waste,Carbon_Power_Bands_radical_response_and_pop,UHMW_wraps_around_tip_tail,Progressive_Pro_Magne_Traction_directional,,,GNU_Billy_Goat_replaced_2021_22,Advanced_to_Expert,GNU,Mens,2x4_Inserts,Snowboard
5DbRUwVfd4, Fastlane,759.99,160,0.9,0.6,0.74,1.0,1.0,2.0,0.49,0.8,0.5,0.01,2882,1153,0.2,0.5,0.01,6,2.42,0.2,0.5,0.01,0.5,0.01,0.75,0.8,0.3,0.8,0.5,0.01,0.5,0.01,84,34,0.2,0.5,0.01,0.5,0.01,0.5,0.01,9,0.63,0.9,7,0.52,0.9,7,0.49,0.9,114,2,0.9,26,0,0.9,2,10,0.9,1,4,0.8,54,3,0.9,113,45,0.2,30,12,0.2,30,12,0.2,72,5,0.9,80,5,0.8,3,1.09,0.5,0.5,0.01,9,3.59,0.2,0.5,0.01,0.5,0.01,Jones_Flagship_perennial_1_freeride_directional_FSC,,50pct_Recycled_Sintered_Base,,Olive_wood_veneer,,Primarily_China,,Tapered_Directional,BFX_Ultra_flax_carbon_BA_MD_Fiberglass,2026_FW_2025_26,FSC_Certified_wood_core,Popster_milled_core_inserts_natural_flex_pop,66pct_Recycled_ABS,20pct_Recycled_Steel_Edges,Quadratic_Sidecut_mix_elliptic_curves,,Salomon_Super_8_discontinued_after_10_seasons,Advanced_to_Expert,Salomon,Unisex,2x4_Inserts,Snowboard
5GEZh2Xdb0,Nidecker_SA_Rolle_Switzerland Storm_Chaser,1199.99,115,0.98,0.7,0.8,0.45,0.7,2.0,0.7,0.6,0.5,0.01,2850,724,0.6,0.5,0.01,6,2.42,0.2,0.7,0.6,0.5,0.01,0.5,0.01,0.5,0.01,0.5,0.7,0.5,0.01,84,34,0.2,0.5,0.01,0.5,0.01,0.5,0.01,6,0.52,0.93,7,0.38,0.99,8,3.11,0.2,114,2,0.99,28,0,0.99,22,7,0.99,2,4,0.8,60,2,0.99,113,45,0.2,32,1,0.99,30,12,0.2,79,3,0.99,80,32,0.2,3,1.26,0.2,0.5,0.01,6,0.45,0.99,0.5,0.01,0.5,0.01,Nitro_Squash_better_edge_ice_more_stable_versatile,,Sintered_8000_UHMWPE_carbon,6.0,Premium_Topsheet_durable_scratch_resistant,Chris_Christenson_surfboard_shaper,SWS_factory_Dubai_UAE,,Tapered_Directional_High_3D_Contour_Base,Biax_Fiberglass_BComp_Carbon_Flax_Bio_Resin,2027,Protect_Our_Winters_POW_founded_2007,BComp_Carbon_Flax_Stringer_Bio_Resin,Recycled_ABS_round_finish,Recycled_German_steel_edges,Progressive_Sidecut,,,Intermediate_Advanced,Jones_Snowboards,Unisex,2x4_Inserts,Snowboard
5MAasfhw3w,Salomon_founded_1947_Annecy_France Assassin_Pro,1089.99,122,0.94,0.85,0.8,0.5,0.7,2.0,0.49,0.8,0.5,0.3,2200,724,0.6,0.7,0.6,5,1.2,0.7,0.75,0.74,0.55,0.6,0.5,0.01,0.4,0.7,0.5,0.01,0.5,0.01,84,34,0.2,0.5,0.01,0.5,0.01,0.5,0.01,8,0.52,0.93,8,0.38,0.95,8,0.35,0.95,118,2,0.95,25,0,0.95,2,7,0.95,5,2,0.2,54,2,0.95,113,45,0.2,29,1,0.95,30,12,0.2,70,3,0.95,78,5,0.8,3,0.97,0.6,0.5,0.01,9,3.59,0.2,0.5,0.01,0.5,0.01,Yes_Greats_better_on_hard_snow,,Sintered_EG_Base,,,Bode_Merrill,,,Directional_Twin,BA_MD_Fiberglass_Biaxial_Medium_Density,2026,30pct_bio_resin_and_Bamboo_Rods_reduce_impact,Popster_core_strategically_milled_inside_insert_packs,Gunslinger_Rails_full_length_carbon_inlays,,Quadralizer_Sidecut,,,Advanced_to_Expert,Salomon,Mens,2x4_Inserts,Snowboard
5UV718LPyy,Mervin_Manufacturing Mayhem_Rocket,1099.99,115,1.0,0.75,0.8,0.8,0.8,1.0,0.49,0.8,0.5,0.72,2882,1153,0.2,0.85,0.72,7,1.16,0.72,0.5,0.7,0.7,0.72,0.55,0.5,0.4,0.72,0.5,0.01,0.2,0.72,84,34,0.2,0.8,0.72,0.7,0.72,0.7,0.72,6,0.88,0.8,7,0.9,0.7,8,3.11,0.2,119,47,0.2,26,10,0.2,4,17,0.72,2,5,0.68,56,5,0.8,114,3,1.0,31,1,1.0,30,12,0.2,75,9,0.6,80,32,0.2,3,0.81,0.72,0.5,0.01,9,3.59,0.2,0.7,0.72,0.5,0.01,Korua_Dart_Cafe_Racer_Weston_Japow_Jones_Hovercraft_Storm_Chaser_etc,,Optimized_wax_retention_and_toughness,,Eco_Sublimated_Poly_Topsheet,Matt_Mayhem_Biolos_Lost_Surfboards,Handbuilt_USA_Sequim_WA,,Tapered_Directional,Triaxial_Biaxial_Fiberglass,2025-2026,Zero_hazardous_waste_production,UHMW_Tip_Tail_Impact_Deflection,Birch_Internal_Sidewalls,Magne_Traction_present,Progressive_Elliptical,,Lib_Tech_Lost_Rocket_2018_2024,Advanced_Expert,Lib_Tech,Unisex_listed_as_Mens,2x4_Inserts,Snowboard
5mnaWv4Qc8,Nidecker_Group_NDK Mens_Howler,784.0,316,0.61,0.85,0.8,0.45,0.7,2.13,0.85,0.2,0.5,0.5,2700,260,0.99,0.5,0.01,6,2.42,0.2,0.9,0.9,0.85,0.8,0.85,0.8,0.6,0.8,0.45,0.7,0.5,0.01,84,34,0.2,0.5,0.01,0.5,0.01,0.5,0.01,8,0.45,1.0,8,0.38,1.0,8,3.11,0.2,120,2,1.0,25,0,1.0,2,7,0.99,8,2,1.0,56,2,0.99,112,3,0.99,26,1,0.99,30,12,0.2,73,29,0.2,80,32,0.2,3,1.26,0.2,0.5,0.01,7,0.51,0.93,0.5,0.01,0.5,0.01,Similar_stats_comparable_freeride_option,,Sintered_8000_UHMWPE_carbon,7.0,Premium_Eco_Topsheet_castor_bean_bio_plastic,Victor_De_Le_Rue_and_Elena_Hight,Dubai,,Tapered_Directional,Triax_Fiberglass_triaxial_stitched,2027,Fair_Trade_Certified_snowboards,Koroyd_aerospace_synthetic_core_in_nose_95pct_air_75pct_lighter,Recycled_ABS_rounded_finish,Oversized_recycled_German_steel_3mm,,2x4_insert_pattern_ML_standard_L_wide,,Intermediate_to_Expert,Jones_Snowboards,Mens,2x4_Inserts_Standard_Pack,Snowboard
5yKZxPj1b1,Salomon_SAS_Annecy_France Abstract,679.99,115,0.99,0.65,0.8,0.0,0.99,2.13,0.85,0.2,0.5,0.01,2882,1153,0.2,0.5,0.01,6,2.42,0.2,0.7,0.8,0.5,0.01,0.5,0.01,0.5,0.8,0.5,0.01,0.5,0.01,84,34,0.2,0.5,0.01,0.5,0.01,0.5,0.01,5,0.45,0.99,8,0.38,0.99,8,3.11,0.2,120,2,0.99,25,0,0.99,0,9,0.92,5,2,0.2,55,2,0.99,113,45,0.2,30,1,1.0,30,12,0.2,80,3,0.99,88,5,0.8,2,0.69,0.8,0.5,0.01,9,3.59,0.2,0.5,0.01,0.5,0.01,CAPiTA_DOA_hybrid_camber_true_twin,,Sintered_base,,,crosby_sutter_pro,Altenmarkt_Austria_skis_confirmed,,True_Twin,BA_MD_Biax_Medium_Density_Fiberglass,2026,FSC_certified_wood,Ghost_Carbon_Beams_Stringers_tip_tail,Royal_Rubber_Rails_full_length,,Quadralizer_Equalizer_Quadratic,,Salomon_Villain_and_Gypsy,Intermediate,Salomon,Unisex,2x4_Inserts,Snowboard
68pyZWjp7O,Rome_Snowboard_Design_Syndicate Artifact_Pro,949.99,165,0.89,0.7,0.8,0.45,0.7,2.0,0.7,0.6,0.85,0.8,2580,724,0.6,0.5,0.01,6,2.42,0.2,0.75,0.7,0.5,0.01,0.85,0.73,0.3,0.8,0.75,0.8,0.5,0.01,84,34,0.2,0.5,0.01,0.5,0.01,0.5,0.01,5,0.45,0.97,8,0.38,0.99,8,0.35,0.99,120,3,0.89,26,1,0.89,0,10,0.89,0,3,0.89,55,5,0.8,115,3,0.99,30,12,0.2,30,12,0.2,68,4,0.92,80,32,0.2,3,1.26,0.2,0.5,0.01,9,0.64,0.89,0.5,0.01,0.5,0.01,CAPiTA_DOA_hybrid_camber_more_forgiving_20_more,,SinterStrong_sintered_low_maintenance_durable,9.0,,,Unverified_not_explicitly_stated,,True_Twin_fully_symmetrical,Biaxial_upper_lower_glass_torsionally_playful,2027_season_2026_2027,,Carbon_Omega_HotRods_nose_tail,FlaxWalls_flax_reinforced_vibration_dampening,,Radial_Sidecut_single_radius,Compatible_any_binding_standard_or_mini_disc_2x4,Rome_Artifact_original,Advanced,Rome_Snowboards_SDS,Mens,2x4_Inserts_fine_tuned_stance,Snowboard
6c05alvB2T,Nidecker_Group_Switzerland Tape_Deck,799.99,115,1.0,0.7,0.66,0.5,0.8,2.0,0.7,0.6,0.5,0.01,2882,1153,0.2,0.5,0.01,6,2.42,0.2,0.8,0.8,0.75,0.7,0.5,0.01,0.5,0.01,0.5,0.01,0.5,0.01,84,34,0.2,0.5,0.01,0.5,0.01,0.5,0.01,6,0.63,0.9,8,0.52,0.9,8,0.49,0.9,126,2,0.9,26,0,0.9,8,3,0.2,5,2,0.2,54,3,0.9,113,45,0.2,31,1,0.9,31,1,0.9,78,5,0.9,88,8,0.6,3,1.19,0.4,0.5,0.01,9,3.59,0.2,0.5,0.01,0.5,0.01,Burton_Custom_Camber_2027,,N7000_Hybrid_extruded_sintered,,Size_specific_artwork_iconic_art,,Titan_factory_Guangdong_China,,True_Twin,Premium_Sandwich_Biax_Plus_Fiberglass,2027,,Carbon_Kevlar_advanced_construction,,,,2x4_inserts_any_standard_mini_disk,None_new_addition,Intermediate_to_advanced,Nidecker,Mens,2x4_Inserts,Snowboard
75e1VTYhj9,Mervin_Manufacturing T_Rice_Pro,1169.99,191,0.86,0.75,0.8,1.0,0.8,1.0,0.49,0.8,0.6,0.7,2500,724,0.6,0.6,0.7,5,1.2,0.7,0.8,0.8,0.4,0.7,0.75,0.7,0.6,0.7,0.6,0.41,0.5,0.01,84,34,0.2,0.8,0.8,0.8,0.7,0.5,0.01,6,0.45,1.0,8,0.38,1.0,8,0.35,1.0,119,47,0.2,26,0,1.0,0,7,1.0,0,2,0.94,57,6,0.7,121,3,1.0,30,1,1.0,30,12,0.2,70,9,0.6,70,8,0.6,3,0.98,0.6,0.5,0.01,9,3.59,0.2,0.5,0.01,0.5,0.01,Jones_Mountain_Twin_softer_faster_edge,,Eco_Sublimated_Sintered_Base,,Eco_Sublimated_Poly,Travis_Rice,Sequim_Washington_USA,,Twin,TriAx_BiAx_Fiberglass_Basalt_Alloy,2025_2026,Zero_hazardous_waste_facility,TriAx_0_45_45_torsional,Birch_Internal_UHMW_Sintered,Magne_Traction_7_serrations,,,,Advanced_Expert,Lib_Tech,Mens,2x4_inserts,Snowboard
8Nk5Gqy04H,Nitro_AG Nitro_Alternator_FX_Splitboard_2027,1399.99,115,0.97,0.65,0.7,0.4,0.7,1.25,0.58,0.73,0.75,0.7,2882,1153,0.2,0.5,0.01,6,2.42,0.2,0.85,0.89,0.5,0.01,0.95,0.9,0.7,0.7,0.5,0.01,0.5,0.01,84,34,0.2,0.5,0.01,0.5,0.01,0.5,0.01,7,0.45,0.99,7,0.74,0.8,8,3.11,0.2,109,4,0.72,25,0,1.0,2,7,0.99,5,2,0.2,56,5,0.8,111,3,0.99,30,1,0.99,30,12,0.2,70,3,0.99,80,32,0.2,6,0.69,0.8,0.5,0.01,9,3.59,0.2,0.5,0.01,0.5,0.01,Jones_Solution_directional_freeride_hybrid_camber_900usd,,Sintered_Speed_Formula_II_nanotech_wax,,,Griffin_Siebert_Jared_Elston_Tommy_Delago,,,Directional_Splitboard,Bi_Lite_Laminates_with_Carbon_Tape,2027,Made_with_100pct_solar_power,Carbon_Tape_longitudinal,ABS_35pct_recycled_cold_resistant,Recycled_steel_50pct_strong_durable_sharpenable,Dual_Degressive,Requires_splitboard_specific_bindings_Spark_RD,Alternator_Split,Advanced_to_Expert,Nitro,,Voile_Compatible,
8eKhhTup3r,Mervin_Manufacturing MC_Wayfinder_III,1169.99,159,0.9,0.75,0.8,0.8,0.8,1.0,0.25,1.0,0.5,0.01,2882,1153,0.2,0.5,0.01,6,2.42,0.2,0.65,0.7,0.3,0.7,0.5,0.01,0.6,0.8,0.5,0.01,0.5,0.01,84,34,0.2,0.5,0.01,0.5,0.01,0.5,0.01,7,0.46,0.95,6,0.38,1.0,7,0.35,1.0,119,47,0.2,26,0,1.0,4,7,1.0,1,2,1.0,55,5,0.8,107,3,1.0,32,1,0.98,30,12,0.2,75,9,0.6,78,8,0.6,2,0.69,0.8,0.5,0.01,9,3.59,0.2,0.5,0.01,0.5,0.01,Jones_Mind_Expander,,High_density_UHMW_sintered_fast_rugged,,Eco_Sublimated_Poly_Topsheet,Matt_Cummins_30_plus_years,Sequim_Washington_USA,,Tapered_Directional,Tri_Ax_Bi_Ax_Fiberglass,2026,Zero_hazardous_waste_production,,Birch_internal_UHMW_sintered_sidewalls,Magne_Traction_7_serrations,,,MC_Wayfinder_II,Intermediate_Advanced,Lib_Tech,Mens,2x4_inserts,Snowboard
9GjKvDBmW4,Mervin_Manufacturing T.Rice_Orca_II,1199.99,134,0.93,0.6,0.7,0.5,0.01,1.0,0.49,0.8,0.85,0.8,2882,1153,0.2,0.9,0.8,10,0.5,0.97,0.5,0.01,0.9,0.9,0.9,0.9,0.5,0.8,0.5,0.01,0.5,0.01,91,5,0.97,0.9,0.8,0.5,0.01,0.9,0.8,7,0.45,0.99,7,0.38,0.99,8,3.11,0.2,119,47,0.2,27,0,0.99,2,21,0.57,10,6,0.59,55,22,0.2,113,3,0.99,32,1,0.97,30,12,0.2,85,9,0.6,80,32,0.2,2,0.69,0.8,0.5,0.01,9,3.59,0.2,0.5,0.01,0.5,0.01,Never_Summer_Harpoon_Orca_clone_softer_flex_better_freestyle,,High_density_UHMW,,Ocean_Bound_Eco_Sublimated_Poly_Topsheet,Travis_Rice,Sequim_Washington_USA,,Tapered_Directional,Triaxial_Biaxial_Fiberglass_with_Basalt_Alloy,2027_2626_2627_Early_Release,Hand_made_Mervin_Factory_zero_hazardous_waste,UHMW_Tip_Tail_Impact_Deflection,Birch_Internal_UHMW_Sintered_Sidewall,Magne_Traction,Tight_7m_trench_gouging_sidecut,,Lib_Tech_T_Rice_Orca_2019_2026,Intermediate_to_Advanced,Lib_Tech,Unisex,2x4_inserts,Snowboard
9IjmPgVexs,Mervin_Manufacturing Skunk_Ape,818.99,117,0.95,0.75,0.8,0.75,0.7,1.25,0.27,0.94,0.7,0.8,2882,1153,0.2,0.7,0.96,6,0.98,0.8,0.85,0.9,0.5,0.01,0.6,0.6,0.5,0.8,0.5,0.01,0.5,0.8,84,34,0.2,0.7,0.8,0.8,0.8,0.8,0.8,7,0.51,0.93,8,0.38,1.0,8,0.35,1.0,119,47,0.2,26,10,0.2,1,12,0.86,2,2,0.96,60,5,0.8,115,3,1.0,30,1,1.0,31,1,0.8,80,9,0.6,82,8,0.6,3,0.69,0.8,0.5,0.01,9,3.59,0.2,0.6,0.8,0.5,0.01,K2_Party_Platter_157,,Sintered_Knife_Cut,,Eco_Sublimated_Poly_Topsheet,Trevor_Phillips_Krush_Kulesza_Neil_Green_Kurt_Jensen,Sequim_Washington_USA,,Directional_Twin,Triax_Biax_Basalt_alloy_glass,2025,FSC_certified,UHMW_Tip_Tail_Impact_Deflection,Birch_Internal_UHMW_Sintered,Magnetraction,,,,Intermediate_Advanced,Lib_Tech,Mens,2x4_inserts,Snowboard
9c7Iz9RRyA,Burton_Snowboards_B_Corp_certified Blossom,679.99,226,0.8,0.8,0.7,1.0,1.0,3.0,0.49,0.8,0.5,0.01,2900,260,0.99,0.8,0.99,6,2.42,0.2,0.7,0.8,0.5,0.01,0.5,0.01,0.7,0.7,0.5,0.01,0.5,0.01,87,14,0.6,0.5,0.01,0.5,0.01,0.5,0.01,8,1.34,0.54,7,0.74,0.8,8,3.11,0.2,119,47,0.2,26,10,0.2,0,7,0.99,5,2,0.2,53,5,0.8,113,45,0.2,30,1,0.8,30,12,0.2,56,3,0.99,80,32,0.2,3,1.09,0.5,0.5,0.01,10,0.45,0.96,0.8,0.8,0.5,0.01,Both_twin_camber_DOA_hybrid_slightly_softer,,Recycled_Sintered_WFO,10.0,Playful_frog_stencil_bright_lily_pad_scene,Zeb_Powell,,,True_Twin,Triax_Fiberglass,2026,Super_Sap_reduces_carbon_50pct,Squeezebox_variable_thickness,,Frostbite_Edges,,Compatible_all_major_best_with_EST,Absorbed_Free_Thinker_and_Talent_Scout,Intermediate_Advanced,Burton,Unisex_Gender_neutral,The_Channel,Snowboard
9sPa6PPn6u,CAPiTA_C3_Worldwide_Core_Srl_Italy Navigator_158_Miles_Fallon_LTD,1099.99,191,0.86,0.75,0.8,0.5,0.01,2.0,0.49,0.8,0.7,0.7,2450,724,0.6,0.65,0.6,9,1.54,0.51,0.4,0.8,0.25,0.61,0.65,0.7,0.5,0.8,0.4,0.56,0.5,0.01,90,14,0.61,0.5,0.01,0.5,0.01,0.5,0.01,6,0.45,0.98,7,0.9,0.71,8,3.11,0.2,119,2,0.97,26,0,1.0,8,3,0.2,12,5,0.71,56,2,1.0,113,45,0.2,30,1,1.0,30,12,0.2,80,3,1.0,80,32,0.2,3,1.26,0.2,0.5,0.01,9,3.59,0.2,0.5,0.01,0.5,0.01,Jones_Storm_Chaser_Lib_Tech_Orca_Mind_Expander_Deep_Thinker_Warpig_Surfer,,Hyperdrive_sintered_UHMW_UHDPE,,Skinless_Core_Ash_Woodgrain_220g_lighter,Miles_Fallon,MotherShip_Feistritz_Carinthia_Austria,,Directional_with_0_8in_2cm_setback,HolySheet_Tri_Bi_fiberglass,2025_2026_season,B_Impact_Score_98_9_exceeding_median_50_9,2x30mm_Technora_Flax_Boosters_aramid,Full_ABS1000_Sidewalls,360_Degree_HRC48_Steel_Edges,Parabolic_Radical_Taper,,,Intermediate_to_advanced_not_beginners,CAPiTA,,Stainless_Steel_4x2_Inserts_4x4_compatible,Mens_snowboard
AAkvfNUooz,Jones_Snowboards_Truckee_California Mind_Expander_2.0,1079.99,115,0.96,0.7,0.8,0.5,0.6,2.13,0.85,0.2,0.7,0.7,2882,1153,0.2,0.5,0.01,6,2.42,0.2,0.5,0.01,0.5,0.01,0.75,0.7,0.5,0.8,0.5,0.7,0.5,0.01,84,34,0.2,0.5,0.01,0.5,0.01,0.5,0.01,6,0.45,1.0,7,0.9,0.7,8,3.11,0.2,114,2,0.96,30,0,0.96,8,3,0.2,1,2,0.96,56,2,0.96,113,45,0.2,30,1,0.96,30,12,0.2,79,3,0.96,80,32,0.2,3,1.26,0.2,0.5,0.01,9,3.59,0.2,0.5,0.01,0.5,0.01,Lib_Tech_Orca_Korua_Dart_Storm_Chaser_Gentemstick_others,,Sintered_8000_Base,,Premium_Topsheet_durable_scratch_resistant,Chris_Christenson_surf_shaper,SWS_factory_Dubai_UAE,,Tapered_Directional_High_3D_Contour_Base,Biax_Fiberglass_BComp_Carbon_Flax_Stringer_Bio_Resin,2027,Fair_Trade_Certified_via_SWS,Carbon_pop_flax_chatter_reduction_Bcomp_Swiss,Recycled_ABS_Sidewalls,Recycled_German_Steel_Edges,,,Jones_Mind_Expander_2018_2025,Intermediate_and_above,Jones_Snowboards,Unisex,2x4_Inserts,Snowboard
AVzDhRI1CH,Burton_Snowboards_B_Corp Family_Tree_Gril_Master,699.99,115,0.95,0.8,0.7,0.0,0.96,3.0,0.49,0.8,0.8,0.8,2600,724,0.6,0.85,0.96,8,0.98,0.8,0.5,0.7,0.8,0.8,0.7,0.7,0.5,0.8,0.5,0.01,0.5,0.8,84,34,0.2,0.8,0.8,0.8,0.8,0.7,0.8,6,1.16,0.66,8,0.38,0.95,8,0.35,0.95,115,2,0.95,26,0,0.95,25,7,0.95,15,2,0.93,56,2,0.95,110,3,0.95,30,1,0.95,31,1,0.8,68,3,0.95,100,5,0.8,3,0.69,0.8,0.5,0.01,9,3.59,0.2,0.8,0.8,0.5,0.01,Jones_Frontier,,Extra_absorbent_high_density_sintered_wax_infused,,,Marko_Grilo_Grilc,Austria_Kiel_Nindl_GMBH,,Freeride_Directional,45_degree_Carbon_Highlights_tip_to_tail,2024_W24,FSC_Certified,Squeezebox_enhanced_energy_transfer,,Frostbite_Edges,Balanced_Freeride_Geometry,Compatible_all_major_bindings,Gril_Master_LTD_2023,Advanced_Expert,Burton,Gender_neutral_sizing,The_Channel,Snowboard
AYF3ZPQjRS,CAPiTA_C3_Worldwide Spring_Break_Powder_Twin,999.99,143,0.92,0.7,0.8,0.9,0.9,2.0,0.25,0.99,0.8,0.8,2750,809,0.5,0.6,0.7,10,1.2,0.7,0.65,0.8,0.8,0.8,0.65,0.6,0.6,0.8,1.0,0.78,0.48,0.6,84,34,0.2,0.5,0.01,0.5,0.01,0.5,0.01,5,0.45,1.0,7,0.38,0.99,7,0.35,0.99,114,2,0.99,27,0,0.96,0,7,1.0,5,2,0.2,56,5,0.8,113,45,0.2,32,1,0.96,32,1,0.8,68,3,0.99,77,5,0.8,6,0.69,0.8,0.5,0.01,9,3.59,0.2,0.5,0.01,0.5,0.01,Bataleon_Party_Wave_Twin_3BT,,Powder_Drive_die_cut,,PLT_Technology,,Austria_Mothership,,True_Twin,HolySheet_Tri_Bi,2026,,4x30mm_Carbon_V_Tech,Full_ABS1000,360_Degree_HRC48_Steel,Blended_Radial,Standard_2x4_all_brands,,Intermediate_Advanced,CAPiTA,Mens,Stainless_Steel_2x4,Snowboard
BWUpjhMSSe, Alternator,999.99,115,0.95,0.6,0.7,0.4,0.8,2.0,0.25,0.99,0.75,0.7,2600,724,0.6,0.8,0.7,4,1.39,0.6,0.85,0.89,0.8,0.55,0.8,0.8,0.4,0.7,0.5,0.01,0.5,0.01,84,34,0.2,0.5,0.01,0.5,0.01,0.5,0.01,7,0.45,0.98,7,0.74,0.8,7,0.69,0.8,119,47,0.2,25,0,1.0,2,7,1.0,0,6,0.6,54,7,0.6,111,3,0.95,30,1,0.95,30,1,0.8,70,3,1.0,75,5,0.8,6,0.84,0.7,0.5,0.01,10,0.45,1.0,0.5,0.01,0.5,0.01,CAPiTA_Aeronaut_700USD_more_playful_Alternator_faster,,Sintered_Speed_Formula_II,10.0,,Torgeir_Bergrem_Mateo_Massitti_Sean_Miskiman_Yuto_Yamada_Griffin_Siebert,,,Directional,Bi_Lite_Laminates_two_directions,2027,FSC_responsibly_sourced_forestry,Carbon_Tape_V_Shape_longitudinal_reinforcement,ABS_Sidewall_35pct_recycled_polymers,Recycled_Steel_Edge_50pct,Dual_Degressive_Sidecut,2x4_insert_pattern,,Advanced,Nitro,Mens_unisex_womens_variant_separate,2x4_inserts,Snowboard
BpxGv47B0Y,Never_Summer_Industries Mens_Swift,1049.99,115,1.0,0.7,0.8,0.85,0.8,3.0,0.49,0.8,0.5,0.01,3140,260,0.99,0.7,0.99,8,0.98,0.8,0.7,0.8,0.5,0.01,0.85,0.8,0.3,0.8,0.5,0.01,0.5,0.01,93,5,0.99,0.7,0.8,0.7,0.8,0.5,0.01,7,0.45,0.96,8,1.04,0.6,8,3.11,0.2,117,2,0.93,26,0,0.93,85,9,0.92,2,4,0.8,55,22,0.2,113,45,0.2,31,1,0.93,30,12,0.2,76,4,0.93,80,32,0.2,3,0.69,0.8,0.5,0.01,9,3.59,0.2,0.6,0.8,0.5,0.01,Korua_Dart_Cafe_Racer_Weston_Japow_Moss_Jellyfish_Gentemstick_Barracuda_Soul_Shift_Nidecker_Beta,,Durasurf_XT_Sintered_5501_graphite,,Co_Extruded_Polymer_Topsheet,Tim_Canaday,Denver_Colorado_USA,,Tapered_Directional,Bi_Lite_Fiberglass,2026,,,UHMW_Sidewalls,Fullwrap_Metal_Edge_Aluminium_Tail,Power_Grip_Sidecut_multiple_radii_flat_middle,,,Intermediate_to_Expert,Never_Summer,Mens,2x4_Inserts,Snowboard
C9Vn2faiNl, Santoku,1099.99,115,1.0,0.6,0.7,0.5,0.8,2.0,0.25,1.0,0.8,0.8,2882,1153,0.2,0.5,0.01,6,2.42,0.2,0.5,0.01,0.3,0.8,0.5,0.01,0.5,0.01,0.5,0.01,0.5,0.01,84,34,0.2,0.5,0.01,0.5,0.01,0.5,0.01,5,0.78,0.84,6,0.74,0.8,7,0.97,0.6,119,47,0.2,25,0,1.0,0,7,1.0,5,2,0.2,54,6,0.7,100,3,1.0,29,1,1.0,30,1,0.8,70,3,1.0,75,5,0.8,3,1.26,0.2,0.5,0.01,9,3.59,0.2,0.5,0.01,0.5,0.01,Yes_Standard_Jones_MT_Capita_Mercury_Salomon_Assassin_K2_Broadcast,,Sintered_Speed_Formula_II,,,Elias_Elhardt,Playmaker_factory_Taiwan,,All_Terrain_Twin,Bi_Lite_Laminates_two_direction_glass,2027,Made_with_100pct_solar_energy,Carbon_Tape_V_Shape,ABS_35pct_recycled_polymers,Recycled_Steel_Edge_50pct,Dual_Degressive_Sidecut,,Nitro_Uberspoon,Intermediate,Nitro_Snowboards,Mens,2x4_Inserts,Snowboard
Cge1q0elpO, Assassin,719.99,115,0.99,0.6,0.8,0.0,0.99,2.0,0.49,0.8,0.5,0.01,2882,1153,0.2,0.5,0.01,6,2.42,0.2,0.65,0.8,0.6,0.7,0.5,0.01,0.5,0.01,0.5,0.01,0.5,0.01,84,34,0.2,0.5,0.01,0.5,0.01,0.8,0.8,5,0.87,0.81,8,0.38,0.99,8,0.35,0.99,116,2,0.99,25,0,0.99,2,20,0.6,1,5,0.7,56,2,0.99,113,45,0.2,29,1,0.99,30,1,0.99,70,3,0.99,78,5,0.8,3,1.26,0.2,0.5,0.01,9,3.59,0.2,0.5,0.01,0.5,0.01,Burton_Custom_CAPiTA_Mercury_Nitro_Team_K2_Broadcast_Yes_Standard_Jones_Mountain_Twin,,Sintered_EG,,ABC_Wrapper_wood_veneer,Victor_Daviet_Nils_Mindnich,,,Directional_Twin,BA_MD_Fiberglass,2026,FSC_certified_wood,Popster_Eco_Booster_carbon_bamboo,Royal_Rubber_Rails,,Quadralizer_Sidecut,,Originally_True_Twin_changed_Directional_Twin_2019,Intermediate_to_Advanced,Salomon,Mens,2x4_Inserts,Snowboard
CvHHKqIbHd, Burton_Custom_30th_Anniversary,1049.99,115,1.0,0.8,0.7,0.4,0.6,3.0,0.49,0.8,0.4,0.7,2620,260,0.98,0.5,0.01,6,2.42,0.2,0.65,0.8,0.65,0.7,0.8,0.8,0.5,0.8,0.5,0.01,0.5,0.01,90,5,0.97,0.5,0.01,0.5,0.01,0.5,0.01,6,1.27,0.59,8,0.38,0.99,8,0.35,0.99,120,2,0.99,25,0,1.0,12,7,0.99,5,2,0.2,53,2,1.0,113,45,0.2,29,1,0.99,30,12,0.2,80,3,0.99,80,32,0.2,2,0.84,0.7,0.5,0.01,10,0.45,0.99,0.5,0.01,0.5,0.01,Jones_Mountain_Twin_120_cheaper_similar_versatility,,Sintered_WFO_extra_absorbent_high_density,10.0,Classic_1996_line_graphics_vary_by_length,,Kiel_Nindl_GMBH_Austria,,Directional_Twin,45_degree_Carbon_Highlights_tip_to_tail,2026,100_percent_FSC_certified_cores,Overbuilt_factory_broken_in_consistent_flex,,Frostbite_Edges_enhanced_edge_hold,,Compatible_with_all_major_binding_brands,,Intermediate,Burton_Snowboards,Unisex,The_Channel,Snowboard
D4shrOp8jr, Slash_Quiver_Slash,999.99,145,0.92,0.6,0.7,0.8,0.8,2.13,0.85,0.2,0.5,0.3,2600,724,0.6,0.85,0.94,7,0.98,0.8,0.7,0.7,0.7,0.8,0.65,0.7,0.6,0.7,0.5,0.01,0.5,0.8,84,34,0.2,0.8,0.8,0.7,0.8,0.7,0.8,7,0.45,0.96,7,0.9,0.7,8,3.11,0.2,119,47,0.2,26,0,0.96,2,8,0.93,5,2,0.2,55,22,0.2,107,3,0.96,30,1,0.96,30,12,0.2,75,9,0.6,80,32,0.2,3,0.69,0.8,0.5,0.01,9,3.59,0.2,0.8,0.8,0.5,0.01,Jones_Hovercraft_2_0_629_95_USD,,Sintered_EcoSpeed_HD_Base,,EcoGuard_Topsheet_90pct_recycled,,Playmaker_factory_Taiwan,,Tapered_Directional,Bi_Lite_Laminates,2026,Made_with_100pct_solar_energy,Convex_nose_transitioning_into_front_binding,ABS_Sidewall,Recycled_Steel_Edge,Progressive_Sidecut,,,Advanced_to_Expert,Nitro,Mens,2x4_Inserts,Snowboard
Dm94yBeX8K,Nitro_AG_Switzerland Cannon,1099.99,157,0.9,0.6,0.7,0.5,0.8,2.0,0.25,0.99,0.7,0.7,2882,1153,0.2,0.7,0.6,6,2.42,0.2,0.8,0.78,0.7,0.73,0.85,0.71,0.6,0.56,0.5,0.01,0.5,0.01,84,34,0.2,0.5,0.01,0.5,0.01,0.5,0.01,7,0.45,0.99,7,0.9,0.7,8,3.11,0.2,119,47,0.2,26,10,0.2,25,10,0.9,5,2,0.2,58,5,0.8,106,4,0.9,26,2,0.6,30,12,0.2,80,9,0.6,80,32,0.2,5,0.69,0.8,0.5,0.01,9,3.59,0.2,0.5,0.01,0.5,0.01,Korua_Dart_swallowtail_surfy_nimble,,85pct_post_industrial_Ptex,,EcoGuard_Topsheet_90pct_recycled,Bryan_Fox_Marcus_Kleveland_Markus_Keller,,,Tapered_Swallowtail_Directional,Bi_Lite_Laminates,2027,32.2,,ABS_Sidewall,Recycled_Steel_Edge_50pct,Progressive_Sidecut,,,Advanced_to_Expert,Nitro,Unisex_marketed_as_Mens,2x4_inserts_10_Pack,Snowboard
Dvxb550TR1, ThunderStorm,959.99,237,0.78,0.7,0.74,0.8,0.8,2.0,0.49,0.8,0.5,0.01,2600,260,0.96,0.5,0.01,6,2.42,0.2,0.7,0.8,0.5,0.01,0.75,0.69,0.7,0.8,0.75,0.8,0.5,0.01,84,5,0.96,0.5,0.01,0.5,0.01,0.5,0.01,6,0.45,0.99,8,0.84,0.74,8,0.79,0.74,117,4,0.74,26,1,0.74,10,7,0.94,6,2,0.94,55,5,0.74,113,45,0.2,30,1,0.96,30,12,0.2,78,3,0.96,80,32,0.2,3,1.26,0.2,0.5,0.01,9,3.59,0.2,0.5,0.01,0.5,0.01,Jones_Flagship,,Ultra_Glide_S_premium_7000_sintered,,Step_Down_Rails_Top_3D_reduces_weight_precision,,Saudi_Arabia,,Tapered_Directional,Tri_Ax_three_way_fiberglass_weave,2027,,DST_Dual_SuperTubes_hollow_carbon_cylinders,Flex_Walls_urethane_poured_shock_absorbing,,Single_radius_sidecut,Standard_insert_compatible_non_Burton_EST,Thunder_mens_and_Storm_womens_merged,Advanced,Bataleon,Unisex_listed_as_Mens_by_some,2x4_config_24_German_stainless_inserts,Snowboard
DwdfjTb0PY,Burton_Snowboards_Burlington_Vermont_USA Family_Tree_Hometown_Hero,1049.99,115,0.99,0.85,0.7,0.5,0.8,3.0,0.49,0.8,0.85,0.8,2882,1153,0.2,0.5,0.01,6,2.42,0.2,0.6,0.7,0.5,0.01,0.8,0.8,0.4,0.8,0.5,0.01,0.5,0.01,86,16,0.5,0.5,0.01,0.5,0.01,0.5,0.01,7,0.61,0.91,7,0.52,0.9,8,3.11,0.2,118,2,0.9,25,0,0.9,40,10,0.9,12,2,0.99,56,3,0.9,112,5,0.9,30,1,0.9,30,12,0.2,80,5,0.9,105,8,0.6,3,0.84,0.7,0.5,0.01,9,3.59,0.2,0.83,0.6,0.5,0.01,Lib_Tech_Orca_more_powder_float_less_hardpack,,Recycled_Sintered_WFO_high_density_wax_infused,,EcoZen_topsheet_unverified_for_2027,Bosco_Sodi_base_Dom_Berrini_topsheet,Kiel_Nindl_GMBH_Austria,,Freeride_Directional,45_degree_Carbon_Highlights_full_tip_to_tail,2027,FSC_Certified,,Inferred_sandwich_construction_unverified,,,,,Advanced_to_Expert,Burton,Unisex,The_Channel_all_brands_best_with_EST,Snowboard
ESIYSaCdUS,Mervin_Manufacturing T.Rice_Orca,1199.99,115,0.99,0.75,0.78,0.5,0.01,1.25,0.25,0.96,0.9,0.9,2882,1153,0.2,0.5,0.01,6,2.42,0.2,0.9,0.9,0.9,0.9,0.7,0.7,0.3,0.4,0.5,0.01,0.5,0.01,89,6,0.93,0.5,0.01,0.5,0.01,0.5,0.01,7,0.45,0.99,7,0.9,0.7,8,3.11,0.2,119,47,0.2,26,10,0.2,5,7,0.94,10,2,0.94,56,5,0.8,110,3,1.0,31,1,1.0,30,12,0.2,70,9,0.6,80,32,0.2,2,0.69,0.8,0.5,0.01,9,3.59,0.2,0.5,0.01,0.5,0.01,Warpig_Harpoon_Dancehaul_Flagship_MindExpander_Hovercraft_Mercury_Gremlin_Dart_Hybrid_PartyWave,,Double_layer_UHMW_polyethylene,,Eco_Sublimated_Poly_Topsheet,Travis_Rice,Sequim_Washington_USA,,Tapered_Directional,Tri_Ax_Bi_Ax_Fiberglass_Basalt_Alloy,2025-2026,Zero_hazardous_waste_producing_factory,Basalt_strength_higher_than_fiberglass_better_damping,Birch_Internal_Sidewalls,Magne_Traction_7_serrations_per_edge,,,Climax_and_Gold_Member,Intermediate_to_Expert,Lib_Tech,Unisex_Mens,2x4,
ET3uyMvXNe,Mervin_Manufacturing Off_Ramp,678.99,115,1.0,0.65,0.6,1.0,0.96,2.13,0.85,0.2,0.5,0.01,2882,1153,0.2,0.5,0.01,6,2.42,0.2,0.85,0.8,0.5,0.01,0.7,0.7,0.7,0.8,0.5,0.01,0.5,0.01,84,5,0.97,0.5,0.01,0.5,0.01,0.5,0.01,7,0.45,0.99,8,0.38,1.0,8,3.11,0.2,119,47,0.2,25,0,1.0,0,7,1.0,5,2,0.2,57,5,0.8,115,3,1.0,30,1,1.0,30,12,0.2,70,9,0.6,80,32,0.2,3,1.26,0.2,0.5,0.01,9,3.59,0.2,0.5,0.01,0.5,0.01,Burton_Blossom,,Eco_Sublimated_Sintered,,Eco_Sublimated_Poly_Top,Phil_Hansen_and_Matteo_Soltane,Sequim_Washington_USA,,True_Twin,Tri_axial_and_Bi_axial_fiberglass,2025,Zero_hazardous_waste_renewable_energy_eco_sublimation,,Birch_internal_sidewalls_vertical_end_grain,Magne_Traction_serrated_edges_7_serrations,,Union_Ultra,Lib_Tech_Box_Knife,Intermediate_to_Advanced_Expert,Lib_Tech,Mens,2x4_inserts,Snowboard
EToYuxqbks, Mystery_Day_Trader,1539.99,115,0.99,0.75,0.7,0.0,0.99,3.0,0.25,1.0,0.6,0.6,2882,1153,0.2,0.5,0.01,6,2.42,0.2,0.5,0.01,0.5,0.01,0.5,0.01,0.5,0.8,0.5,0.01,0.5,0.01,84,34,0.2,0.5,0.01,0.5,0.01,0.5,0.01,6,0.45,0.98,7,0.38,0.96,8,0.48,0.9,118,2,0.9,25,0,0.96,38,7,0.99,12,2,0.99,56,3,0.9,113,45,0.2,29,1,0.96,30,1,0.8,68,4,0.9,105,8,0.6,3,1.26,0.2,0.5,0.01,7,0.59,0.91,0.5,0.01,0.5,0.01,Capita_Nitro_Salomon_K2_Yes_Jones,,Methlon,7.0,,,Austria_Keil_factory,,Tapered_Directional,Mystery_Glass,2025,,,,Frostbite_Edges,,All_major_bindings_best_with_Burton_EST,Day_Trader_2014_then_FT_Day_Trader_2016_2021,Intermediate_to_Expert,Burton,Unisex,The_Channel,Snowboard
EZ0IoSIe38,Low_Pressure_Studio_Nidecker_Group The_Surfer,1899.99,115,1.0,0.8,0.8,0.0,0.99,3.0,0.49,0.8,0.4,0.7,3000,334,0.91,0.65,0.6,6,2.42,0.2,0.6,0.6,0.5,0.01,0.85,0.8,0.6,0.8,0.85,0.8,0.5,0.01,84,34,0.2,0.5,0.01,0.5,0.01,0.5,0.01,4,0.45,1.0,8,0.38,1.0,8,0.35,1.0,123,2,1.0,26,0,1.0,25,7,0.97,3,3,0.9,55,5,0.8,116,4,0.91,31,1,1.0,30,12,0.2,77,3,1.0,87,5,0.8,3,1.26,0.2,0.5,0.01,9,3.59,0.2,0.5,0.01,0.5,0.01,Burton_Fish_3D_679_95_USD,,Nano_Speed_S_sintered_ISOSPORT_7000,,Step_Down_Rails_Top_3D,,Austria_CAPiTA_Mothership,,Tapered_Directional,Tri_Ax_triaxial_fiberglass,2027,,Carbon_Stringers,Urethane_Flex_Walls,,Progressive_sidecut,Standard_2x4_compatible_all_major_brands,Surfer_LTD_limited_125_150_units,Intermediate_Advanced,Bataleon,Mens,2x4_Inserts,Snowboard
EmdmnQ5oQr,Mervin_Manufacturing Wagyu,899.99,140,0.92,0.85,0.85,0.85,0.8,1.0,0.49,0.8,0.5,0.01,2882,1153,0.2,0.5,0.01,6,2.42,0.2,0.9,0.9,0.5,0.01,0.5,0.01,0.5,0.01,0.5,0.01,0.5,0.01,84,34,0.2,0.5,0.01,0.5,0.01,0.5,0.01,8,0.45,0.97,8,0.38,1.0,8,0.35,1.0,119,47,0.2,25,0,1.0,0,9,0.92,5,2,0.2,57,5,0.8,115,3,1.0,29,1,1.0,30,1,1.0,65,9,0.6,68,8,0.6,3,1.19,0.4,0.5,0.01,9,3.59,0.2,0.5,0.01,0.5,0.01,Lib_Tech_also_Mervin_Manufacturing,,Fast_tough_wax_retentive,,Eco_Sublimated_Poly_Topsheet,Cannon_Cummins,Carlsborg_WA_USA,,Directional_Twin,TriAx_BiAx_fiberglass_Carbon_Power_Bands,2025-2026,Zero_hazardous_waste_production,Carbon_Power_Bands,UHMW_Polyethylene,MagneTraction_7_serrations,,,New_model_2025_2026_no_direct_predecessor,Intermediate_to_Advanced,GNU,Mens,2x4_Inserts,Snowboard
ErS7nbbAfK,Nitro_AG_Hunenberg_Switzerland Team,899.99,115,0.98,0.6,0.7,0.5,0.8,2.0,0.25,0.99,0.75,0.8,2600,724,0.6,0.85,0.92,3,0.98,0.8,0.5,0.7,0.5,0.01,0.75,0.8,0.6,0.8,0.5,0.01,0.5,0.01,84,34,0.2,0.8,0.8,0.8,0.8,0.5,0.01,7,0.45,0.98,7,0.74,0.8,7,0.69,0.8,119,47,0.2,25,0,0.98,2,7,0.98,5,2,0.2,55,22,0.2,117,3,0.98,29,1,0.98,30,12,0.2,70,3,0.98,75,5,0.8,2,0.84,0.7,0.5,0.01,9,3.59,0.2,0.8,0.8,0.5,0.01,Burton_Custom_CAPiTA_Mercury_Salomon_Assassin_K2_Broadcast_Yes_Standard_Jones_Mountain_Twin,,Sintered_EcoSpeed_HD_Base,,,,Taiwan_Playmaker_factory,,Directional_Twin,Bi_Lite_Laminates,2027,Solar_FSC_water_inks_recycled,,ABS_flexible_impact_resistant,Recycled_Steel_Edge,Dual_Degressive_Sidecut,,,Advanced_Expert,Nitro,Mens,2x4_Inserts,Snowboard
FA7n3YKV1P,Mervin_Manufacturing Terrain_Wrecker,999.99,115,1.0,0.75,0.8,1.0,1.0,1.0,0.49,0.8,0.5,0.01,2860,260,0.95,0.7,0.95,6,0.98,0.8,0.9,0.9,0.3,0.8,0.8,0.8,0.4,0.7,1.0,0.79,0.7,0.8,87,5,0.95,0.7,0.8,0.8,0.8,0.8,0.8,6,1.53,0.4,8,3.03,0.2,8,3.11,0.2,119,47,0.2,26,10,0.2,8,3,0.2,5,2,0.2,57,5,0.8,113,45,0.2,30,12,0.2,30,12,0.2,65,9,0.6,68,8,0.6,4,0.84,0.7,0.5,0.01,9,3.59,0.2,0.6,0.8,0.5,0.01,Korua_Otto_K2_Manifest_Jones_Frontier_Ride_Algorythm_etc,,Eco_Sublimated_TNT_Base,,Eco_Sublimated_Poly_Topsheet,Schoph,Sequim_Washington_USA,,Directional_Twin,Tri_Ax_Bi_Ax_Fiber,2025-2026,Zero_hazardous_waste_producing_factory,,Birch_Internal_plus_UHMW_Sintered_Sidewalls,Magne_Traction_7_serrations,,,,Beginner_to_Expert,Lib_Tech,Mens,2x4_Inserts,Snowboard
FIrOush9ym,Nitro_AG_Hunenberg_Switzerland Squash,839.99,115,1.0,0.65,0.7,0.8,0.8,2.0,0.49,0.8,0.7,0.8,2882,1153,0.2,0.85,0.96,7,0.98,0.8,0.7,0.8,0.5,0.01,0.75,0.8,0.5,0.7,0.5,0.01,0.2,0.8,84,34,0.2,0.8,0.7,0.7,0.8,0.5,0.8,7,0.45,1.0,7,0.9,0.7,7,0.69,0.8,119,47,0.2,25,0,1.0,2,7,1.0,6,2,0.95,54,5,0.8,112,3,1.0,30,1,1.0,30,12,0.2,70,3,1.0,75,5,0.8,4,0.84,0.7,0.5,0.01,9,3.59,0.2,0.95,0.9,0.5,0.01,Jones_Hovercraft_2_0,,Sintered_Speed_Formula_HD_Base,,,Bryan_Fox_and_Austin_Smith,,,Tapered_Swallowtail,Bi_Lite_Laminates_biaxial_fiberglass,2026,FSC_Certified_Wood_Core,,ABS_flexible_impact_resistant,Recycled_Steel_Edge_50_percent,Progressive_Sidecut,,Nitro_Quiver_Squash_2017_2018,Advanced,Nitro,Mens_also_womens_youth,2x4_Inserts,Snowboard
Fe6JmaxXS2,Mervin_Manufacturing Golden_Orca,1399.99,115,1.0,0.7,0.7,0.5,0.7,2.13,0.85,0.2,0.75,0.7,2700,724,0.6,0.5,0.01,6,2.42,0.2,0.9,0.9,0.5,0.7,0.7,0.7,0.7,0.6,0.5,0.01,0.5,0.01,86,6,0.92,0.5,0.01,0.5,0.01,0.5,0.01,8,0.92,0.78,8,3.03,0.2,8,3.11,0.2,119,47,0.2,26,10,0.2,25,7,1.0,9,2,0.95,51,5,0.8,113,45,0.2,30,1,0.96,31,1,0.96,80,9,0.6,88,8,0.6,2,0.84,0.7,0.5,0.01,9,3.59,0.2,0.5,0.01,0.5,0.01,Yes_PYL_Burton_FA_Jones_Flagship_Cartographer_Instigator_Korua_Otto_Frontier,,Sintered_Knife_Cut_Base,,Ocean_bound_PBT_recycled_PET,Travis_Rice,Sequim_Washington_USA,,Tapered_Directional,Tri_Ax_Bi_Ax_Fiber_Basalt_Alloy_Carbon_X,2027,Zero_hazardous_waste_89pt6pct_hydroelectric_biodiesel,UHMW_Tip_Tail_Impact_Deflection_reduces_swing_weight,Birch_Internal_UHMW_Sintered_Sidewall,Magne_Traction_7_serrations,,,,Intermediate_Advanced,Lib_Tech,Mens,2x4_Inserts,Snowboard
FfsQXy5GNw, Stale_Fish,1049.99,115,0.97,0.7,0.8,0.5,0.8,2.0,0.49,0.8,0.85,0.8,2800,724,0.6,0.85,0.94,8,0.98,0.8,0.7,0.8,0.5,0.01,0.5,0.01,0.5,0.8,0.75,0.8,0.2,0.8,84,34,0.2,0.8,0.8,0.8,0.8,0.5,0.8,7,0.6,0.91,8,3.03,0.2,8,3.11,0.2,120,2,0.97,27,0,0.97,2,8,0.94,16,6,0.58,53,2,0.97,113,45,0.2,30,12,0.2,30,12,0.2,84,3,0.97,80,32,0.2,4,0.69,0.8,0.5,0.01,9,3.59,0.2,0.8,0.8,0.5,0.01,Jones_Hovercraft_Lib_Tech_Orca_NS_Harpoon_and_others,,SinterStrong_low_maintenance_sintered_fast,,,Stale_Sandbech,SWS_factory_Dubai_UAE,,Tapered_Directional,Triax_Upper_Glass_torsional_rigidity_snap,2027,,Single_Directional_Carbon_HotRod_in_nose_stability_speed,Directional_Flax_Walls_natural_lightweight_I_beam_reinforced,,Bi_Radial_Sidecut_wider_tail_smaller_nose,,Shape_from_Rome_Pow_Division_added_camber_nose_lift,Advanced,Rome,Mens,2x4_Inserts,Snowboard
FiIDCwcDut,Salomon_SAS_founded_1947_Annecy_France Reflect,599.99,115,1.0,0.55,0.8,0.8,0.8,2.0,0.49,0.8,0.5,0.01,2882,1153,0.2,0.5,0.01,6,2.42,0.2,0.5,0.01,0.5,0.01,0.75,0.7,0.4,0.8,0.5,0.01,0.5,0.01,84,34,0.2,0.5,0.01,0.5,0.01,0.5,0.01,2,0.45,1.0,8,3.03,0.2,8,3.11,0.2,118,2,1.0,25,0,1.0,10,7,0.98,5,2,0.2,55,5,0.8,113,45,0.2,30,1,1.0,30,1,0.8,75,3,1.0,80,32,0.2,3,1.26,0.2,0.5,0.01,9,3.59,0.2,0.5,0.01,0.5,0.01,K2_Raygun_popular_beginner,,Extruded,,,,,,Directional_Twin,BA_LD_Glass_low_density_fiberglass,2023_2024_2025_2026,FSC_Certified_wood_core,None_listed_entry_level_construction,ABS,Bite_Free_Edges,Radial,Standard_4x2_insert_all_major_binding_brands,,Beginner,Salomon,Mens,4x2_Inserts,Snowboard
FiYL0Z6Hud,Nitro_AG_Hunenberg_Switzerland Nomad,839.99,115,1.0,0.55,0.7,0.0,0.99,2.0,0.25,1.0,0.5,0.01,3300,260,0.99,0.5,0.01,6,2.42,0.2,0.75,0.6,0.5,0.01,0.65,0.7,0.5,0.8,0.5,0.01,0.5,0.01,84,34,0.2,0.5,0.01,0.5,0.01,0.5,0.01,6,0.45,1.0,7,0.87,0.72,7,0.69,0.8,119,47,0.2,25,0,0.96,25,7,0.99,5,2,0.2,55,22,0.2,104,8,0.72,30,1,0.99,30,12,0.2,65,9,0.6,75,8,0.6,3,1.26,0.2,0.5,0.01,9,3.59,0.2,0.5,0.01,0.5,0.01,Rossignol_Escaper_affordable,,Low_maintenance_ultra_clear,,Water_based_inks,,,,Directional_Splitboard,Bi_Lite_Laminates_two_direction,2025,Yes_Carbon_Neutral,T7075_Forged_Aluminium_Hooks,,Standard_Steel_Edges,Radial_Sidecut,Requires_splitboard_specific_bindings,,Entry_level_to_intermediate,Nitro,Men,Voile_Compatible,Splitboard
FwO44ugEfM, Skate_Banana,969.99,307,0.63,0.75,0.8,1.0,1.0,1.0,0.57,0.73,0.65,0.7,2860,260,0.96,0.5,0.01,6,2.42,0.2,0.75,0.8,0.4,0.96,0.8,0.8,0.3,0.8,0.5,0.01,0.5,0.01,84,5,0.96,0.5,0.01,0.5,0.01,0.5,0.01,4,1.2,0.63,8,0.38,1.0,8,0.35,1.0,119,47,0.2,26,0,1.0,0,7,1.0,5,2,0.2,55,5,0.8,117,3,1.0,29,1,1.0,30,12,0.2,50,9,0.6,42,8,0.6,4,0.35,0.96,0.5,0.01,9,3.59,0.2,0.5,0.01,0.5,0.01,CAPiTA_DOA_more_aggressive_hybrid_camber,,Sintered_Knife_Cut_Base,,Eco_Sublimated_Poly_Topsheet,Brandon_Reis,Sequim_Washington_USA,,Twin,Tri_Ax_Bi_Ax_Fiber,2027,FSC_wood_eco_sublimation_zero_waste_biodiesel_hydroelectric,No_carbon_stringers_or_layers_basic_construction,Birch_internal_sidewalls,Magne_Traction_7_serrations,,,,Beginner_to_Pro,Lib_Tech,Mens,2x4_Inserts,Snowboard
G1bWhqfcdm,Burton_Snowboards_Vermont_1977 Custom_Flying_V,999.99,140,0.92,0.8,0.7,0.9,0.8,3.0,0.49,0.8,0.6,0.7,2600,957,0.3,0.5,0.01,6,2.42,0.2,0.5,0.01,0.5,0.01,0.75,0.8,0.4,0.8,0.5,0.01,0.5,0.01,84,34,0.2,0.5,0.01,0.5,0.01,0.5,0.01,4,0.52,0.93,8,0.44,0.93,8,0.41,0.93,120,2,0.93,25,0,0.93,1,8,0.93,5,2,0.2,53,3,0.93,113,45,0.2,29,1,0.93,30,1,0.93,80,4,0.93,80,5,0.8,3,1.26,0.2,0.5,0.01,5,0.63,0.9,0.5,0.01,0.5,0.01,Jones_Mountain_Twin_camrock_TractionTech,,Sintered_WFO_high_density,5.0,Not_explicitly_specified,,Not_specified_in_sources,,Directional,45_degree_Carbon_Highlights_tip_to_tail,2027,Super_Sap_Epoxy_50pct_carbon_reduction,Squeezebox_profiled_core,Not_explicitly_specified_2027,Frostbite_Edges_extended_under_bindings,Standard_radial_sidecut,Channel_compatible_all_major_binding_brands,,Intermediate_Expert,Burton,Mens,The_Channel_system,Snowboard
G88zCxeQiC,Mervin_Manufacturing C_Money,524.99,115,0.99,0.7,0.8,1.0,1.0,2.13,0.85,0.2,0.5,0.01,2780,260,0.98,0.3,0.8,6,2.42,0.2,0.8,0.8,0.3,0.97,0.6,0.6,0.6,0.7,1.0,0.9,0.5,0.01,83,5,0.98,0.5,0.01,0.5,0.01,0.5,0.01,6,0.68,0.88,8,3.03,0.2,8,3.11,0.2,119,47,0.2,26,10,0.2,0,7,1.0,5,2,0.2,57,5,0.8,113,45,0.2,30,12,0.2,30,12,0.2,73,29,0.2,80,32,0.2,3,1.26,0.2,0.5,0.01,9,3.59,0.2,0.5,0.01,0.5,0.01,Lib_Tech_Off_Ramp_C3_MagneTraction,,Eco-Sublimated_Co-Ex,,Eco_Sublimated_Poly_Top,Jay_Howell,Carlsborg_WA_USA,,True_Twin,Tri-Ax_Bi-Ax_with_Rubber_Dampening,2025,FSC_Certified,,UHMW_polyethylene,Magne-Traction_7_serrations,,,,Intermediate_to_Advanced,GNU,Mens,2x4_Inserts,Snowboard
GG1fxPkGjX,RIDE_Snowboards Vantum,999.99,115,1.0,0.85,0.8,0.6,0.7,2.0,0.7,0.6,0.5,0.01,2882,1153,0.2,0.5,0.01,6,2.42,0.2,0.8,0.8,0.5,0.01,0.5,0.01,0.5,0.01,0.5,0.01,0.5,0.01,84,34,0.2,0.5,0.01,0.5,0.01,0.5,0.01,6,1.1,0.69,7,1.04,0.6,8,0.97,0.6,117,2,0.98,26,0,0.98,2,7,1.0,5,2,0.2,53,2,0.99,113,45,0.2,30,1,0.8,31,1,0.99,70,6,0.8,75,5,0.8,4,1.09,0.5,0.5,0.01,9,3.59,0.2,0.5,0.01,0.5,0.01,Jones_Flagship_top_freeride_stiff_expert,,Sintered_4000_PTEX,,Topless_Construction_graphics_on_fiberglass,,Seattle_WA,,Tapered_Directional,Hybrid_Glass_triaxial_top_biaxial_base,2027,Edges_contain_30_percent_recycled_materials,Roll_In_Construction_3D_sidewall_integration,Slimewalls_urethane_sidewalls_85A_90A,Standard_Steel_Austrian_full_perimeter,Linear_Quadratic_Sidecut,,,Intermediate_Advanced,RIDE_Snowboards,Mens,2x4_Inserts,Snowboard
GSsp6zdE7M,Nitro_AG_Hunenberg_Switzerland Phase_x_Motorhead,799.99,133,0.93,0.55,0.7,0.5,0.8,2.0,0.25,0.99,0.5,0.5,2882,1153,0.2,0.5,0.01,6,2.42,0.2,0.5,0.01,0.5,0.01,0.5,0.01,0.5,0.01,0.5,0.01,0.5,0.01,84,34,0.2,0.5,0.01,0.5,0.01,0.5,0.01,6,0.45,1.0,6,0.74,0.8,7,0.69,0.8,119,47,0.2,26,0,1.0,2,7,1.0,5,2,0.2,54,5,0.8,109,3,1.0,30,1,1.0,30,1,1.0,65,3,1.0,80,8,0.6,3,1.26,0.2,0.5,0.01,10,0.45,0.99,0.5,0.01,0.5,0.01,Burton_Custom_go_to_all_mountain_camber,,Premium_Extruded_FH_Base,10.0,Motorhead_band_themed_collaboration_artwork,,Taiwan_Playmaker_factory,,Directional,Bi_Lite_Laminates,2027_FW_2026_27,Yes,,ABS_Sidewall,Recycled_Steel_Edge,Dual_Degressive_Sidecut,Standard_2x4_compatible_any_standard_or_mini_disk,,Intermediate,Nitro,Mens,2x4_Inserts,Snowboard
GkH4jd6Ct4,CAPiTA_C3_Worldwide_Austria Mega_Death,1999.99,115,1.0,0.65,0.7,0.5,0.7,2.0,0.25,0.99,0.3,0.8,2000,724,0.6,0.85,0.7,7,0.98,0.8,0.85,0.8,0.65,0.8,0.65,0.6,0.5,0.8,1.0,0.9,0.5,0.01,84,34,0.2,0.5,0.01,0.5,0.01,0.5,0.01,6,0.48,0.94,8,0.9,0.7,8,0.69,0.8,120,2,0.93,26,0,0.93,20,7,1.0,1,2,0.92,56,3,0.93,113,45,0.2,30,1,0.93,30,1,0.8,72,4,0.93,76,5,0.8,6,0.89,0.67,0.5,0.01,9,3.59,0.2,0.5,0.01,0.5,0.01,Black_Snowboard_of_Death_bigger_better_brother,,Megadrive_XT_sintered_race_base_UHMW_carbon_fluoro,,Screen_Print_Metallic_Underlay,,Handcrafted_at_The_Mothership_Austria,,Directional,Pure_Megacarbon_Marine_Grade_Epoxy,2027,Certified_B_Corp,Pure_Megacarbon_full_carbon_tip_to_tail,Fortress_Kevlar_Bound_Sidewalls,360_Degree_HRC48_Steel_Edges,New_Age_Progressive_Death_Grip,,,Advanced_to_Expert,CAPiTA,Mens,2x4_Stainless_Steel_Inserts,Snowboard
HCIRfP46Dh,Nitro_AG_Hunenberg_Switzerland Quiver_Dinghy,999.0,115,1.0,0.65,0.7,1.0,1.0,2.0,0.5,0.79,0.5,0.6,2882,1153,0.2,0.85,0.97,8,0.98,0.8,0.7,0.8,0.5,0.01,0.6,0.5,0.4,0.8,0.5,0.01,0.5,0.8,84,34,0.2,0.7,0.8,0.7,0.8,0.5,0.8,7,0.45,1.0,7,0.9,0.7,7,0.69,0.8,119,47,0.2,27,0,0.99,15,7,1.0,5,2,0.2,54,5,0.8,113,45,0.2,31,1,0.99,32,1,0.8,80,9,0.6,88,8,0.6,4,0.69,0.8,0.5,0.01,10,0.45,0.99,0.8,0.8,0.5,0.01,Gentemstick_Mantaray_Jones_Hovercraft_Korua_TF_Rome_Stalefish_Cardiff_Powgoda_Jones_ME_Yes_PYL,,Sintered_EcoSpeed_HD_Base,10.0,EcoGuard_Topsheet_90pct_recycled,Bryan_Fox_Austin_Smith,Playmaker_factory_Taiwan,,Tapered_Directional,Bi_Lite_Laminates,2026,Made_with_100pct_solar_power,3D_Surf_Tech_convex_nose_concave_tail,ABS_Sidewalls_35pct_recycled,50pct_Recycled_Steel_Edge,Progressive_Sidecut,,,Advanced_Expert,Nitro,Unisex,2x4_Inserts,Snowboard
HMNCaRzQ4Q,Burton_Snowboards_B_Corp Rewind,559.99,115,1.0,0.95,0.9,0.1,0.6,3.0,0.49,0.8,0.75,0.8,2882,1153,0.2,0.5,0.01,6,2.42,0.2,0.8,0.8,0.5,0.01,0.75,0.7,0.4,0.8,0.5,0.01,0.5,0.01,84,34,0.2,0.5,0.01,0.5,0.01,0.5,0.01,2,1.33,0.55,8,0.38,1.0,8,0.35,1.0,118,2,1.0,25,0,1.0,0,7,1.0,5,2,0.2,56,2,1.0,113,45,0.2,29,1,0.8,30,1,0.9,68,3,1.0,80,5,0.8,3,1.26,0.2,0.5,0.01,9,3.59,0.2,0.5,0.01,0.5,0.01,CAPiTA_Paradise_529_95_at_evo,,Sintered_durable_high_wax_absorption,,Graphics_inspired_by_spray_paint_on_cardboard_punk_graffiti,,,,True_Twin,Womens_Specific_Triax_Fiberglass,2025,FSC_Certified_FSC_C124994,Off_Axis_Squeezebox_Low_15deg_core_zones,,Off_Axis_Frostbite_Edges,,Compatible_all_major_brands_best_with_Burton_EST,Burton_Rewind_womens_specific_since_2018,Intermediate_to_Expert,Burton,Unisex_2025,The_Channel_mounting_system,Snowboard
HSn0VCB7NE,Salomon_SAS HPS_Takaharu_Nakai,569.99,162,0.9,0.7,0.6,0.3,0.6,2.13,0.85,0.2,0.75,0.8,2882,1153,0.2,0.5,0.01,6,2.42,0.2,0.7,0.8,0.5,0.01,0.6,0.6,0.5,0.8,0.5,0.01,0.5,0.01,84,34,0.2,0.5,0.01,0.5,0.01,0.5,0.01,6,0.45,0.99,8,3.03,0.2,8,3.11,0.2,117,2,0.9,26,0,0.9,30,10,0.9,12,2,1.0,55,9,0.3,113,45,0.2,30,1,0.9,31,1,0.8,85,5,0.9,92,8,0.6,3,0.69,0.8,0.5,0.01,9,3.59,0.2,0.7,0.8,0.5,0.01,Amplid_Souly_Grail,,Sintered_EG_Electra_Gallium,,,Wolle_Nyvelt_and_Takaharu_Nakai,China,,Tapered_Directional,BA_MD_Glass_medium_density_fiberglass,2024,FSC_certified_woodcore,ABC_Wrapper_bamboo_veneers_40pct_reduction,Bamboo_Cork_Rails,All_Mountain_Edge_Bevel,Radial,,,Intermediate_to_Advanced_Expert,Salomon,Mens_Unisex,2x4_Inserts,Snowboard
HXoqrJ8jg6,Never_Summer_Industries_Denver_Colorado Mens_Proto_T3_FR,1049.99,115,1.0,0.8,0.8,0.5,0.8,3.0,0.25,1.0,0.3,0.8,2500,809,0.5,0.5,0.01,6,2.42,0.2,0.9,0.9,0.9,0.9,0.8,0.8,0.7,0.8,0.5,0.01,0.5,0.01,84,34,0.2,0.5,0.01,0.5,0.01,0.5,0.01,7,0.45,1.0,8,3.03,0.2,8,3.11,0.2,118,2,1.0,26,0,1.0,19,7,1.0,5,2,1.0,55,22,0.2,113,45,0.2,30,12,0.2,30,12,0.2,76,3,1.0,79,5,0.8,3,0.89,0.66,0.5,0.01,9,3.59,0.2,0.5,0.01,0.5,0.01,Capita_Super_DOA_similar_carbon_NS_better_ice,,Durasurf_XT_Sintered_5501_graphite,,CoExtruded_Polymer_T3_Carbon_Mapping,Holden_Samuels_Freeride_World_Tour,Handcrafted_Denver_Colorado_USA,,Tapered_Directional,Bi_Lite_Fiberglass,2027,,T3_Directional_Carbon_Mapping_Embossment,UHMW_Sintered_PTex,RIP_Edge_Hold_Technology,Vario_Power_Grip_Sidecut_multi_radii,,Proto_FR_original_Triple_Camber_2021_22,Intermediate_Advanced,Never_Summer,Mens,2x4_inserts,Snowboard
HfNrXM61pa,Jones_Snowboards Storm_Wolf,1199.99,145,0.92,0.85,0.8,0.8,0.8,2.13,0.85,0.2,0.75,0.8,3240,275,0.94,0.5,0.01,6,2.42,0.2,0.5,0.01,0.5,0.01,0.85,0.8,0.5,0.8,0.5,0.01,0.5,0.01,87,6,0.93,0.5,0.01,0.5,0.01,0.5,0.01,8,1.1,0.69,9,0.89,0.71,8,3.11,0.2,113,4,0.71,26,1,0.71,35,7,0.99,10,3,0.92,58,6,0.71,113,45,0.2,30,2,0.71,30,12,0.2,70,3,0.99,80,32,0.2,3,1.26,0.2,0.5,0.01,9,3.59,0.2,0.5,0.01,0.5,0.01,Comparable_versatile_swallowtail_softer_flex,,Sintered_8000_UHMWPE_carbon,,ECO_Plastic_castor_bean_bio_plastic,Chris_Christenson_and_Jeremy_Jones,SWS_factory_Dubai_UAE,,Tapered_Directional_Swallowtail,Biax_Fiberglass_dual_layer_dual_directional,2027,100pct_solar_power,BComp_Carbon_Flax_Stringer,Recycled_ABS_rounded_finish,Recycled_oversized_German_steel_edges,Long_progressive_sidecut,Any_standard_or_mini_disk,Jones_Lone_Wolf_retired,Advanced,Jones_Snowboards,Unisex,2x4_Inserts,Snowboard
I5UEUCsOlz,Nidecker_Group_NDK Mens_Aviator_2_0,1099.99,148,0.91,0.85,0.8,0.6,0.7,2.13,0.85,0.2,0.85,0.8,3000,260,1.0,0.9,0.8,6,2.42,0.2,0.8,0.46,0.3,0.43,0.75,0.7,0.6,0.7,0.5,0.7,0.5,0.01,84,34,0.2,0.5,0.01,0.5,0.01,0.5,0.01,8,1.36,0.53,8,0.38,1.0,8,3.11,0.2,119,2,0.95,25,0,1.0,20,7,1.0,0,2,1.0,56,2,1.0,109,3,1.0,29,1,0.99,30,12,0.2,70,6,0.8,79,5,0.8,4,0.69,0.8,0.5,0.01,10,0.45,0.95,0.5,0.01,0.5,0.01,Korua_Otto_LibTech_TW_CAPiTA_Mercury_YES_NSB_more,,Sintered_8000_UHMWPE_carbon,10.0,Premium_Eco_Topsheet_castor_bean_bioplastic,Victor_de_la_Rue_and_Jimmy_Goodman,SWS_Dubai_UAE,,Directional_Twin,Triax_Fiberglass_3layer_multiaxis,2027,Fair_Trade_Certified,BComp_Carbon_Flax_Stringer,Recycled_ABS_rounded,Traction_Tech_strategic_contact_points,Progressive_Sidecut,M_L,Jones_Aviator_last_2021,Intermediate_to_Expert,Jones_Snowboards,Mens,2x4_Inserts_Standard_Pack,Snowboard
Iw95Ih7EIL,Mervin_Manufacturing T_Rice_Pro,1169.99,115,1.0,0.75,0.8,1.0,0.97,1.0,0.49,0.8,0.7,0.7,3000,260,0.99,0.5,0.01,6,2.42,0.2,0.65,0.7,0.5,0.01,0.7,0.7,0.6,0.8,0.5,0.01,0.6,0.7,86,5,0.98,0.6,0.7,0.5,0.01,0.5,0.01,7,0.45,0.98,8,0.38,1.0,8,0.35,1.0,119,47,0.2,26,0,1.0,0,7,1.0,0,3,0.9,57,5,0.8,121,3,1.0,30,1,1.0,30,1,1.0,65,9,0.6,62,8,0.6,2,0.69,0.8,0.5,0.01,9,3.59,0.2,0.5,0.01,0.5,0.01,Jones_Mountain_Twin_similar_twin_slightly_easier,,Eco_Sublimated_Sintered,,Eco_Sublimated_Poly,Travis_Rice,Sequim_Washington_USA,,True_Twin,TriAx_BiAx_Fiberglass_Basalt_Alloy,2025-2026,Last_major_US_factory_zero_hazardous_waste,Volcanic_basalt_fiber_stronger_than_fiberglass,Birch_vertical_end_grain_pop_durability,MagneTraction_7_serrations,,,,Intermediate_to_Advanced,Lib_Tech,Mens_unisex,2x4_inserts,Snowboard
J0feyXOlNL,Rome_SDS Agent,949.99,162,0.9,0.65,0.56,0.5,0.8,2.13,0.85,0.2,0.85,0.8,3100,292,0.94,0.5,0.01,6,2.42,0.2,0.5,0.01,0.5,0.01,0.65,0.6,0.3,0.8,0.75,0.8,0.5,0.01,87,6,0.94,0.5,0.01,0.5,0.01,0.5,0.01,6,1.09,0.7,8,0.38,0.99,8,3.11,0.2,122,2,0.99,26,0,0.99,0,7,1.0,5,2,0.2,53,6,0.7,107,3,0.99,30,12,0.2,30,12,0.2,70,3,0.99,76,5,0.8,2,0.97,0.6,0.5,0.01,7,0.74,0.86,0.5,0.01,0.5,0.01,Burton_Custom_Salomon_Assassin_YES_Standard_Capita_DOA_Ride_Burnout_Nitro_Team_Arbor_Coda,,SinterStrong_Sintered,7.0,,,,,True_Twin,Biax_Upper_Glass,2027,,Twin_Single_Bamboo_Omega_HotRods,,,Radial_Sidecut,,Continues_year_over_year_incremental_updates,Low_intermediate_beginner_to_advanced_expert_park,Rome,Mens,2x4_Inserts,Snowboard
JAWS7vetxZ, Dark_Horse,949.99,117,0.95,0.6,0.7,0.5,0.7,2.0,0.49,0.8,0.5,0.01,2620,260,0.97,0.5,0.01,6,2.42,0.2,0.5,0.01,0.5,0.01,0.8,0.8,0.6,0.8,0.8,0.8,0.5,0.01,84,5,0.96,0.5,0.01,0.5,0.01,0.5,0.01,6,0.47,0.94,8,0.38,1.0,8,3.11,0.2,119,2,0.99,25,0,0.99,0,7,1.0,0,2,0.99,53,2,0.99,113,45,0.2,30,1,1.0,30,12,0.2,68,3,0.99,80,32,0.2,4,0.35,0.96,0.5,0.01,8,0.61,0.91,0.5,0.01,0.5,0.01,Better_option_for_riders_wanting_powder_performance,,Superdrive_Base_sintruded_hybrid,8.0,PLT_Topsheet_Pearlescent_Screen_Gloss_Matte,,Feistritz_Carinthia_Austria_MotherShip,,True_Twin_symmetrical,HOLYSHEET_Tri_Bi_fiberglass,2027,100pct_self_generated_clean_energy,2x30mm_Carbon_Aramid_Boosters,,,Radial_single_radius,Union_Ultra_medium_flex_jumps_pressing,CAPiTA_Outsiders,,CAPiTA,Mens,2x4_Inserts,Snowboard
JP2TzCtiXM,Mervin_Manufacturing dPr_Developmental_Project_Realized,799.99,115,0.95,0.75,0.8,0.5,0.8,1.0,0.51,0.79,0.5,0.01,2882,1153,0.2,0.5,0.01,6,2.42,0.2,0.9,0.9,0.5,0.01,0.85,0.8,0.8,0.7,0.5,0.01,0.5,0.01,84,34,0.2,0.5,0.01,0.5,0.01,0.5,0.01,6,1.39,0.51,8,0.38,1.0,8,0.35,1.0,119,47,0.2,26,0,1.0,0,10,0.9,5,2,0.2,57,5,0.8,116,3,1.0,30,1,1.0,30,1,1.0,55,9,0.6,58,8,0.6,3,1.26,0.2,0.5,0.01,9,3.59,0.2,0.5,0.01,0.5,0.01,CAPiTA_DOA_679_95_industry_standard_freestyle_all_mountain,,Knife_Cut_TNT_Base,,Eco_Sublimated_Poly_Texture_Topsheet,Led_by_Travis_Rice,Sequim_Washington_USA,,Directional_Twin,Tri_Ax_Bi_Ax_Fiberglass,2027_26_27_season,Zero_hazardous_waste_producing_factory,3_way_fiber_orientation_increases_snap_decreases_vibrations,Birch_internal_plus_UHMW_Sintered_Sidewalls,Magne_Traction,Radial_sidecut_with_Mini_Magne_Traction,,,Intermediate_to_Advanced,Lib_Tech,Mens_unisex_sizing,2x4_inserts,Snowboard
JgQggXCuDH,Low_Pressure_Studio_BV ThunderStorm,949.99,192,0.86,0.65,0.8,0.8,0.8,3.0,0.49,0.8,0.8,0.8,2600,260,0.98,0.5,0.01,6,2.42,0.2,0.7,0.8,0.5,0.01,0.75,0.6,0.7,0.8,0.75,0.8,0.5,0.01,84,5,0.96,0.5,0.01,0.5,0.01,0.5,0.01,6,0.45,1.0,8,0.38,0.99,8,3.11,0.2,117,2,0.99,26,0,0.99,10,7,0.96,6,2,0.96,57,5,0.8,113,45,0.2,30,1,0.99,30,12,0.2,78,3,0.99,82,5,0.8,3,1.26,0.2,0.5,0.01,9,3.59,0.2,0.5,0.01,0.5,0.01,Salomon_Sickstick,,Ultra_Glide_S_7000_grade_sintered,,Step_Down_Rails_Top_3D,Ethan_Morgan_Tor_Lundstrom_Klaudia_Medlova,Austria_CAPiTA_Mothership,,Tapered_Directional,Tri_Ax_Lamination,2025/2026,FSC_certified_wood_cores,Triple_Base_Technology_3BT,Flex_Walls_urethane_poured,,,Standard_2x4_compatible_non_Burton_EST,Thunder_men_Storm_women_combined,Advanced_Intermediate_to_Advanced,Bataleon,Unisex_Genderless,2x4_inserts,Snowboard
Jivj8Q457u,Burton_Snowboards_founded_1977 Process_Flying_V,703.99,115,1.0,0.8,0.7,1.0,1.0,3.0,0.25,1.0,0.8,0.8,2882,1153,0.2,0.5,0.01,6,2.42,0.2,0.3,0.9,0.5,0.01,0.65,0.7,0.5,0.8,0.5,0.01,0.5,0.01,84,34,0.2,0.5,0.01,0.5,0.01,0.5,0.01,2,0.45,0.96,8,0.38,0.99,8,0.35,0.99,120,2,0.99,25,0,0.99,0,7,0.99,5,2,0.2,56,2,0.99,113,45,0.2,29,1,0.99,30,12,0.2,80,3,0.99,80,5,0.8,2,0.69,0.8,0.5,0.01,9,3.59,0.2,0.5,0.01,0.5,0.01,Never_Summer_Proto_Type_Two_better_edge_hold,,Sintered_durable_porous,,Flower_by_Annie_Spratt_soft_afar_intense_detailed,Mark_McMorris,Austria_and_China,,Twin,Triax_fiberglass_three_layers,2026,Certified_B_Corporation,Dualzone_EGD_wood_grain_heel_toe,,Frostbite_Edges_enhanced_edge_hold,,Compatible_all_major_best_Burton_EST,,Beginner,Burton,Mens,The_Channel,Snowboard
Jk0bK4iLtE,Burton_Snowboards_founded_1977 Custom_X,879.99,115,1.0,0.8,0.7,0.9,0.9,2.13,0.85,0.2,0.5,0.01,2720,376,0.89,0.5,0.01,6,2.42,0.2,0.7,0.8,0.5,0.01,0.85,0.8,0.5,0.8,0.5,0.01,0.5,0.01,92,5,0.98,0.5,0.01,0.5,0.01,0.5,0.01,8,0.59,0.91,8,0.38,1.0,8,3.11,0.2,118,2,1.0,25,0,1.0,12,7,0.99,5,2,0.2,56,2,1.0,113,45,0.2,30,1,1.0,30,12,0.2,80,3,1.0,80,32,0.2,3,1.26,0.2,0.5,0.01,9,3.59,0.2,0.5,0.01,0.5,0.01,Jones_Mountain_Twin_more_forgiving_better_ice_Custom_X_better_carver,,Sintered_WFO,,Skull_inspired_lenticular_effect,,Keil_factory_Austria,,Directional_Twin,Triax_fiberglass_with_Carbon_I_Beam,2026,Bio_based_resin_reducing_carbon_footprint_50pct,End_grain_woods_in_impact_zones_lighter_elsewhere,,Frostbite_Edges_extended_under_bindings_hardpack_ice,,,,Advanced_to_Expert,Burton,Mens,The_Channel_all_major_bindings_best_Burton_EST,Snowboard
K4BocAbogb,Nidecker_SA_Rolle_Switzerland Sensor_Pro,899.99,115,1.0,0.7,0.8,0.4,0.8,2.0,0.49,0.8,0.8,0.8,2882,1153,0.2,0.5,0.01,6,2.42,0.2,0.8,0.8,0.5,0.01,0.5,0.01,0.5,0.01,0.65,0.7,0.5,0.01,76,14,0.6,0.5,0.01,0.5,0.01,0.5,0.01,8,0.52,0.93,8,0.38,1.0,8,3.11,0.2,120,2,1.0,25,0,1.0,0,7,1.0,0,2,1.0,58,5,0.8,112,3,1.0,30,1,1.0,30,12,0.2,78,3,1.0,80,32,0.2,3,1.26,0.2,0.5,0.01,9,3.59,0.2,0.5,0.01,0.5,0.01,DOA_more_playful_buttery_hybrid_profile_Nidecker_better_edge_hold,,N9000_Sintered_super_dense_high_carbon,,Absorbnid_Topsheet_vibration_dampening,Taylor_Gold_Craig_McMorris,Swiss_designed_assembled_in_Asia,,True_Twin_symmetrical,Premium_Sandwich_Construction_with_carbon_stringers,2027,One_percent_for_the_Planet,Orbital_Cushioning_shock_absorbing_urethane_around_inserts,,,,All_bindings_except_Burton_EST_channel,Nidecker_Sensor_Plus_renamed_to_Sensor_Pro_for_MY2025,Advanced,Nidecker,Mens,2x4_inserts_6_rows_2cm_intervals,Snowboard
KJWWonfftq,Burton_Snowboards_founded_1977 Fish_3D_Splitboard,1119.99,115,1.0,0.95,0.9,0.8,0.8,3.0,0.25,0.99,0.7,0.7,2900,294,0.93,0.5,0.01,6,2.42,0.2,0.5,0.01,0.5,0.01,0.85,0.8,0.4,0.8,0.6,0.7,0.5,0.01,84,34,0.2,0.5,0.01,0.5,0.01,0.5,0.01,6,1.0,0.74,6,0.38,0.99,6,0.35,0.99,110,2,0.99,26,0,0.99,50,7,0.99,3,4,0.8,56,2,0.99,104,3,0.95,32,1,0.99,30,12,0.2,80,3,0.99,105,8,0.6,2,0.69,0.8,0.5,0.01,9,3.59,0.2,0.5,0.01,0.5,0.01,Jones_Solution_Lib_Tech_Escalator_CAPiTA_Navigator,,Sintered_WFO_high_density_wax_infused,,,,Austria_Keil_and_China,,Tapered_Directional,45_degree_Carbon_Highlights_tip_to_tail,2026,FSC_Certified_core_woods,,Slimrail_slanted_sidewalls_reduced_weight,,Hourglass_sidecut_instantaneous_short_medium_turns,Compatible_with_all_major_bindings,Burton_Fish_Splitboard_discontinued,Advanced_Expert,Burton,Unisex,The_Split_Channel_with_pre_mounted_pucks,Splitboard
KO9P8mnjWD,Salomon_SAS_Amer_Sports Sleepwalker,489.99,115,1.0,0.75,0.9,0.8,0.8,2.0,0.7,0.6,0.8,0.8,2882,1153,0.2,0.5,0.01,6,2.42,0.2,0.5,0.01,0.5,0.01,0.75,0.8,0.5,0.01,0.5,0.01,0.5,0.01,84,34,0.2,0.5,0.01,0.5,0.01,0.5,0.01,2,1.17,0.65,8,3.03,0.2,8,3.11,0.2,120,2,1.0,25,0,1.0,0,7,1.0,5,2,0.2,58,5,0.8,113,45,0.2,30,1,1.0,30,1,0.9,70,3,1.0,78,5,0.8,3,1.26,0.2,0.5,0.01,9,3.59,0.2,0.5,0.01,0.5,0.01,Ride_Twinpig,,Sintered,,,Tommy_Gesme,China_Asian_OEM,,True_Twin,Biaxial_Medium_Density_Fiberglass,2025,FSC_certified_wood,Royal_Rubber_Pads_2mm,ABS_Sidewalls,Freestyle_Edge_Bevel,EQ_Rad_Sidecut,Standard_2x4_most_bindings,Salomon_Villain,Beginner_Intermediate,Salomon,Mens,2x4_Inserts,Snowboard
KR9ULnqSpB,Jones_Snowboards_Truckee_CA Mens_Flagship_Pro,1449.99,115,1.0,0.85,0.8,1.0,1.0,3.0,0.7,0.6,0.8,0.8,2882,1153,0.2,0.5,0.01,6,2.42,0.2,0.5,0.01,0.5,0.01,0.75,0.79,0.4,0.79,0.45,0.7,0.5,0.01,91,6,0.93,0.5,0.01,0.5,0.01,0.5,0.01,9,1.22,0.62,8,0.38,0.99,8,3.11,0.2,114,2,0.99,25,0,0.99,20,7,0.99,12,4,0.78,60,2,0.99,113,45,0.2,29,1,0.99,30,12,0.2,70,3,0.99,80,32,0.2,3,1.26,0.2,0.5,0.01,9,3.59,0.2,0.5,0.01,0.5,0.01,Amplid_Souly_Grail_K2_Alchemist_YES_PYL_Weston_Backwoods_Cardiff_Powgoda_United_Shapes_Cadet_Burton_Gril_Master,,Ultra_Base_sintered_carbon_top_speed_wax,,Ash_Wood_Veneer_Topsheet,,Dubai_Solico_Winter_Sport_Factory,,Tapered_Directional,Fusion_Carbon_ultralight_tip_to_tail_carbon_fiberglass,2026,1pct_annual_sales_to_environment,Koroyd_aerospace_lightest_most_advanced_dampening,Recycled_ABS_sidewalls_rounded_finish_reduce_chipping,Traction_Tech_3_0_three_bumps_per_edge,Progressive_Sidecut_increasing_radius,,Carbon_Flagship_2013_2020_then_Ultra_Flagship_now_Pro,Advanced,Jones_Snowboards,Mens,2x4_Inserts,Snowboard
KUkP8e4cJC,Salomon_Group_founded_1947_Annecy_French_Alps Abstract,939.99,117,0.95,0.6,0.8,0.8,0.8,2.0,0.25,0.99,0.5,0.01,2882,1153,0.2,0.5,0.01,4,1.35,0.62,0.65,0.6,0.95,0.9,0.5,0.01,0.5,0.01,0.5,0.01,0.5,0.01,84,34,0.2,0.5,0.01,0.5,0.01,0.5,0.01,5,1.05,0.72,8,0.38,0.96,8,0.35,0.96,120,2,0.96,25,0,0.96,8,3,0.2,5,2,0.2,56,2,0.96,113,45,0.2,30,1,0.96,30,12,0.2,78,3,0.96,88,5,0.8,2,0.69,0.8,0.5,0.01,9,3.59,0.2,0.5,0.01,0.5,0.01,Capita_DOA_hybrid_camber_twin_464,,Medium_Stone_Finish_sintered,,Desiree_Melancon_unity_human_connection,Desiree_Melancon,AMER_factory_Altenmarkt_Austria,,True_Twin_symmetrical,Tri_Ax_Glass,2027,FSC_certified_wood_strips,Ghost_Carbon_Beams_tip_tail,Royal_Rubber_Rails_full_length,,Quadralizer_Sidecut,2x4_insert_compatible_most_major_brands,Gypsy_and_Villain,Intermediate,Salomon,Unisex,2x4_Inserts,Snowboard
KbdOmGMFUr,CAPiTA_Core_Srl_C3_Worldwide Spring_Break_Resort_Twin,1049.99,196,0.85,0.7,0.71,0.5,0.7,2.0,0.51,0.78,0.65,0.7,2920,260,0.95,0.65,0.7,5,1.2,0.7,0.75,0.7,0.25,0.8,0.8,0.8,0.3,0.8,0.5,0.01,0.75,0.7,87,5,0.95,0.4,0.7,0.8,0.8,0.5,0.01,5,0.45,1.0,8,1.04,0.6,8,0.97,0.6,121,2,1.0,26,0,1.0,0,12,0.85,0,2,1.0,56,5,0.8,113,45,0.2,30,1,1.0,31,1,0.8,72,3,0.97,77,5,0.8,3,0.69,0.8,0.5,0.01,9,3.59,0.2,0.7,0.8,0.5,0.01,Burton_Good_Company_Lib_Tech_Off_Ramp_GNU_Money_Jones_Mountain_Twin,,Powder_Drive_Base_sublimation,,PLT_Technology_exclusive_no_lacquer,,Austria_The_MotherShip,,True_Twin,HolySheet_Tri_Bi_configuration,2027,Certified_B_Corporation,4x30mm_Carbon_VTech_Carbonflax,Not_specified,,New_Age_Radial_Death_Grip,,,Intermediate_to_Advanced,CAPiTA,Mens,2x4_Inserts,Snowboard
KroxkN1Bec,Never_Summer_Industries_Denver_CO Propacamba,599.99,202,0.84,0.65,0.7,0.75,0.7,2.13,0.85,0.2,0.5,0.01,2882,1153,0.2,0.5,0.01,6,2.42,0.2,0.9,0.9,0.5,0.01,0.75,0.7,0.7,0.6,0.5,0.01,0.5,0.01,84,34,0.2,0.5,0.01,0.5,0.01,0.5,0.01,7,0.45,1.0,7,1.04,0.6,8,3.11,0.2,114,2,0.96,25,0,1.0,8,3,0.2,5,2,0.2,55,22,0.2,113,45,0.2,30,1,1.0,30,12,0.2,82,6,0.81,80,32,0.2,3,1.26,0.2,0.5,0.01,10,0.45,0.99,0.5,0.01,0.5,0.01,CAPiTA_DOA_safest_park_recommendation_poppy,,Durasurf_Sintered_4501_UHMWPE,10.0,Poly_Thermo_durable_lightweight_scratch_chip_resistant,,Denver_Colorado_USA,,True_Twin,Bi_Lite_Fibreglass,2024,,Featherweight_Damping_System,Sintered_P_Tex_Sidewall,Full_Wrap_Metal_Edges,Vario_Power_Grip_Sidecut,,,Intermediate_to_advanced_park_riders,Academy_Snowboard_Co,Mens,2x4_Inserts_stainless_10mm,Snowboard
L7ACf8KAB8,Burton_Corporation_Burlington_Vermont Instigator,629.99,175,0.88,0.95,0.9,0.85,0.7,3.0,0.49,0.8,0.75,0.8,2882,1153,0.2,0.5,0.8,8,0.98,0.8,0.85,0.8,0.8,0.8,0.5,0.01,0.6,0.8,0.5,0.01,0.5,0.8,84,34,0.2,0.7,0.8,0.7,0.8,0.7,0.8,2,0.69,0.88,7,0.57,0.88,8,3.11,0.2,117,3,0.88,25,1,0.88,2,11,0.88,5,2,0.99,56,4,0.88,113,45,0.2,29,1,0.88,30,12,0.2,68,6,0.8,80,32,0.2,3,0.69,0.8,0.5,0.01,9,3.59,0.2,0.7,0.8,0.5,0.01,Held_own_vs_Jones_Mountain_Twin_better_than_Capita_Mercury,,Extruded,,Bold_lines_fleetingness_of_life_soft_light_tones,,China,,Directional,Biax_Glass_biaxial_fibreglass_torsionally_soft,2025,B_Corp_Certified,Infinite_Ride_overbuilt_machine_broken_in,Five_layer_topsheet_glass_core_glass_base,Frostbite_Edges_extend_beneath_bindings,,All_major_brands_ReFlex_EST_disc,,Beginner_Intermediate,Burton_Snowboards,Mens,The_Channel_Mounting_System_all_major_bindings,Snowboard
L7yAqDhlVO, Fish_3D,1049.99,115,1.0,0.8,0.7,0.8,0.8,3.0,0.49,0.8,0.5,0.3,2900,260,0.95,0.5,0.8,9,0.98,0.8,0.5,0.7,0.8,0.8,0.8,0.8,0.6,0.8,0.5,0.01,0.5,0.8,84,34,0.2,0.7,0.8,0.7,0.8,0.5,0.8,4,1.11,0.69,6,0.38,0.99,6,0.35,1.0,110,2,0.99,26,0,0.99,50,7,1.0,3,4,0.8,56,2,0.99,113,45,0.2,30,1,0.99,30,1,0.8,80,3,0.99,105,8,0.6,4,0.84,0.7,0.5,0.01,10,0.45,1.0,0.7,0.8,0.5,0.01,Jones_Storm_Chaser,,Sintered_WFO,10.0,,,China,,Tapered_Directional,Triax_45_Carbon_Highlights,2027,B_Corporation,,,,,Channel_requires_channel_bindings,,Intermediate_Expert,Burton,Mens,The_Channel,Snowboard
LEdpx3Bvui, Beast,919.99,115,1.0,0.6,0.7,0.85,0.8,2.0,0.25,0.99,0.5,0.01,2882,1153,0.2,0.5,0.01,6,2.42,0.2,0.9,0.84,0.5,0.01,0.8,0.8,0.6,0.8,0.5,0.5,0.5,0.01,84,34,0.2,0.5,0.01,0.5,0.01,0.5,0.01,9,0.56,0.92,8,0.38,1.0,8,0.35,1.0,119,47,0.2,25,0,1.0,0,7,1.0,5,2,0.2,54,5,0.8,115,3,1.0,30,1,1.0,30,1,0.9,65,3,1.0,70,5,0.8,3,1.26,0.2,0.5,0.01,10,0.45,0.99,0.5,0.01,0.5,0.01,Burton_Custom_Camber_gold_standard_aggressive_AM_freestyle,,Nanotech_wax_infused_sintered,10.0,,Ettala_Bergrem_Billtoft,,,Twin,Tri_Lite_Laminates,2026,Made_with_100pct_solar_power,Carbon_Tape_longitudinal_reinforcement,Ureshred_Polyurethane,Recycled_Railkiller_50pct_recycled_steel,Radial,Standard_or_mini_disk,,Advanced,Nitro,Mens,2x4_inserts_tighter_pattern,Snowboard
LFznRrY3J3,Mervin_Manufacturing Lib_Rig,1099.99,115,1.0,0.75,0.8,0.5,0.7,1.0,0.55,0.75,0.8,0.8,2550,724,0.6,0.5,0.01,6,2.42,0.2,0.8,0.8,0.5,0.01,0.7,0.7,0.5,0.8,0.5,0.01,0.5,0.01,83,5,0.95,0.5,0.01,0.5,0.01,0.5,0.01,7,0.45,0.99,8,0.38,1.0,8,0.35,1.0,119,47,0.2,25,0,1.0,2,7,0.98,5,2,0.95,58,5,0.8,105,3,0.96,30,1,1.0,30,1,0.8,80,9,0.6,80,8,0.6,3,0.84,0.7,0.5,0.01,9,3.59,0.2,0.5,0.01,0.5,0.01,Korua_Otto_K2_Manifest_Yes_Typo_Jones_Frontier_Ride_Algorythm_etc,,Sintered_Knife_Cut_Base,,Squiggle_by_Josh_Pine_riders_line_down_mountain,Austen_Sweetin_first_pro_model,Sequim_Carlsborg_Washington_USA,,Tapered_Directional,Tri_Ax_Bi_Ax_Fiberglass,2025-2026,FSC_certified_fast_growing_renewable_forest,2_way_fiber_max_snap_decrease_chatter,Birch_Internal_UHMW_Sintered_Sidewall,Magne_Traction_7_serrated_bumps,Deep_carving_sidecuts,,Partially_replaces_BRD,Intermediate_to_Advanced_Expert,Lib_Tech,Mens,2x4_Inserts,Snowboard
LGRB7MpPPZ,Burton_Snowboards Family_Tree_3D_Deep_Daze,699.99,115,0.95,0.8,0.7,0.4,0.6,3.0,0.49,0.8,0.6,0.74,2760,637,0.69,0.5,0.74,9,1.12,0.74,0.5,0.7,0.5,0.01,0.85,0.74,0.5,0.7,0.5,0.01,0.5,0.74,83,12,0.69,0.7,0.74,0.7,0.74,0.5,0.74,4,1.34,0.54,6,0.52,0.9,6,0.49,0.9,108,2,0.9,26,0,0.93,25,7,0.95,2,4,0.8,53,3,0.9,100,5,0.9,30,1,0.9,30,1,0.8,68,4,0.93,80,5,0.8,3,0.79,0.74,0.5,0.01,9,3.59,0.2,0.7,0.74,0.5,0.01,Capita_Spring_Break_158_Powder_Glider,,Sintered_WFO,,,,Austria_Keil_Factory,,Freeride_Directional,45_degree_Carbon_Highlights,2024,B_Corp_Certified,45_degree_fibre_angle_uni_carbon_glass,ABS_Recycled,,,All_major_brands_best_with_EST,,Intermediate,Burton,Gender_neutral_unisex,The_Channel,Snowboard
LLlc7aKIkS,Mervin_Manufacturing Doughboy,1349.99,115,0.99,0.7,0.8,0.0,0.99,1.0,0.49,0.8,0.8,0.8,2882,1153,0.2,0.8,0.7,10,0.98,0.8,0.95,0.9,0.85,0.8,0.5,0.01,0.6,0.8,0.5,0.01,0.5,0.01,84,34,0.2,0.5,0.01,0.5,0.01,0.5,0.01,7,0.45,0.97,9,0.38,1.0,8,3.11,0.2,119,47,0.2,26,10,0.2,0,7,1.0,5,2,0.2,57,5,0.8,152,3,0.98,32,1,0.98,30,12,0.2,80,9,0.6,80,32,0.2,7,0.49,0.9,0.5,0.01,9,3.59,0.2,0.5,0.01,0.5,0.01,Jones_Storm_Chaser_Rome_PD_Yes_420,,Eco_Sublimated_TNT_Base,,Eco_Sublimated_Poly_Top_Sheet,EJack_Jamie_Lynn_Fredi_K,Handbuilt_in_the_USA,,Directional_Twin,Tri_Ax_Glass_Magnesium_Techno_Fiber_Bands_and_Carbon,2025_2026_season,Zero_hazardous_waste_producing_factory,High_magnesium_glass_fiber_high_tensile_strength,Birch_Internal_Sidewalls_vertical_end_grain_pop_durability,Magne_Traction_serrated_edges,,,Original_Doughboy_Shredder_late_1980s_196cm_plus,Advanced_Expert,Lib_Tech,Mens,2x4_Inserts,Snowboard
LmqmuuOFZu,Salomon_Group_Amer_Sports Huck_Knife_Pro,1089.99,115,1.0,0.8,0.8,0.5,0.8,2.0,0.49,0.8,0.85,0.8,2882,1153,0.2,0.5,0.01,6,2.42,0.2,0.8,0.8,0.5,0.01,0.65,0.7,0.4,0.8,0.5,0.01,0.5,0.01,84,34,0.2,0.5,0.01,0.5,0.01,0.5,0.01,8,0.56,0.92,8,0.38,1.0,8,3.11,0.2,122,2,1.0,26,0,1.0,0,13,0.84,5,2,0.2,56,2,1.0,113,45,0.2,30,1,1.0,30,12,0.2,65,3,1.0,78,5,0.8,1,0.69,0.8,0.5,0.01,9,3.59,0.2,0.5,0.01,0.5,0.01,CAPiTA_DOA_similar_twin_slightly_stiffer_than_HK,,Sintered_EG_Gallium_Electra,,,Dusty_Henricksen_and_Sven_Thorgren,China_designed_in_France,,True_Twin,TriAx_HD_Popster_Ghost_Carbon_Damplifier_Lite_30pct_BioResin,2027,FSC_certified_wood,Core_milled_inside_inserts_natural_flex,Royal_Rubber_Rails_full_length,Freestyle_Edge_Bevel,Equaliser_Rad_Sidecut,,,Advanced,Salomon,Mens,2x4_Inserts,Snowboard
LpgUDviRzN,Mervin_Manufacturing C_Money,599.99,115,1.0,0.7,0.6,0.0,1.0,1.0,0.49,0.8,0.5,0.01,6620,724,0.6,0.5,0.01,6,2.42,0.2,0.9,0.9,0.25,0.8,0.5,0.01,0.5,0.01,0.5,0.01,0.5,0.01,83,5,0.96,0.5,0.01,0.5,0.01,0.5,0.01,6,0.45,0.97,8,3.03,0.2,8,3.11,0.2,119,47,0.2,26,10,0.2,0,7,1.0,5,2,0.2,55,22,0.2,113,45,0.2,30,12,0.2,30,12,0.2,73,29,0.2,80,32,0.2,4,0.35,0.99,0.5,0.01,9,3.59,0.2,0.5,0.01,0.5,0.01,Salomon_Huck_Knife_sintered_quad_camber_carbon,,Eco_Sublimated_Co_Ex_Base_extruded,,Eco_Sublimated_Poly_Topsheet,Jay_Howell_punksgitcut,Carlsborg_Sequim_WA_USA,,True_Twin,Tri_Ax_Bi_Ax_Fiber_alloy_glass,2026,Zero_hazardous_waste_water_based_solvents,,UHMW_polyethylene,Magne_Traction_7_serrations,Magne_Traction_serrated,Any_binding_standard_or_mini_disk_2x4,,Intermediate,GNU,Mens,2x4_Inserts,Snowboard
Lwq6GUWWui, Shadowban,949.99,115,0.99,0.8,0.8,0.5,0.8,3.0,0.49,0.8,0.75,0.7,2600,809,0.5,0.5,0.01,6,2.42,0.2,0.75,0.7,0.6,0.6,0.8,0.7,0.5,0.8,0.5,0.01,0.5,0.01,84,34,0.2,0.5,0.01,0.5,0.01,0.5,0.01,4,1.25,0.6,7,0.74,0.8,7,0.69,0.8,117,2,0.99,25,0,0.99,19,7,1.0,5,2,0.2,56,2,1.0,113,45,0.2,30,1,0.98,30,1,0.98,75,6,0.8,77,5,0.8,2,0.97,0.61,0.5,0.01,9,3.59,0.2,0.5,0.01,0.5,0.01,Jones_Mountain_Twin,,Sintered_Stone_Ground_4000_PTEX,,Topless_Topsheet_graphics_on_fiberglass_urethane,,Asia_based_facility,,Directional_Twin,Pre_Cured_Glass_USA_made,2027,30_percent_recycled_materials,Carbon_Array_3_three_carbon_stringers,Slimewalls_urethane_with_Roll_In_Construction,Standard_Steel_Edge_30pct_recycled,Quadratic_Sidecut_blend_of_three_radii,,Machete_GT_more_approachable,Beginner_Intermediate,Ride,Unisex,2x4_Inserts,Snowboard
M0jRRVbDtJ, Goliath_Plus,1199.99,115,0.97,0.75,0.7,0.5,0.8,2.13,0.85,0.2,0.5,0.01,2882,1153,0.2,0.5,0.01,6,2.42,0.2,0.5,0.01,0.5,0.01,0.5,0.01,0.5,0.01,0.5,0.01,0.5,0.01,84,34,0.2,0.5,0.01,0.5,0.01,0.5,0.01,7,0.62,0.9,8,0.38,0.98,8,0.35,0.98,120,2,0.98,25,0,0.98,8,3,0.2,5,2,0.2,55,2,0.98,113,45,0.2,30,1,0.98,30,1,0.98,75,3,0.98,81,5,0.8,3,1.26,0.2,0.5,0.01,9,3.59,0.2,0.5,0.01,0.5,0.01,,,Nano_Speed_S_ISOSPORT_7000_sintered,,,,,,Directional_Twin,Tri_Ax_Carbon_Stringers_DRST_Aramid_XPly,2027,,DRST_Dual_Radial_SuperTubes_six_hollow_carbon,Flex_Walls_urethane_bonded_to_core,,,Standard_pattern_non_Burton_EST,,Intermediate_to_Advanced,Bataleon,Mens,2x4_Inserts,Snowboard
M3A5mzYKtT,Salomon Abstract,594.99,115,1.0,0.6,0.66,0.7,0.7,2.13,0.85,0.2,0.5,0.01,2600,957,0.3,0.5,0.01,6,2.42,0.2,0.5,0.01,0.5,0.01,0.6,0.6,0.4,0.8,0.5,0.01,0.5,0.01,84,34,0.2,0.5,0.01,0.5,0.01,0.5,0.01,6,0.45,1.0,8,3.03,0.2,8,3.11,0.2,120,2,0.95,25,0,0.95,0,7,0.99,5,2,0.2,55,22,0.2,113,45,0.2,30,1,0.9,30,1,0.9,70,5,0.9,78,5,0.8,2,0.69,0.8,0.5,0.01,9,3.59,0.2,0.5,0.01,0.5,0.01,Burton_Process_Flying_V,,Sintered,,Castor_Bean_Bio_Sourced,Estee_Preda,,,True_Twin,Triax_BA_MD_3_intersecting_layers,2025,FSC_certified,Ghost_Carbon_Beam_tip_tail,Royal_Rubber_Rails_full_length,,Quadralizer_Sidecut,Salomon_District,Combination_of_Salomon_Gypsy_and_Villain,Intermediate_Advanced,Salomon,Unisex,2x4_Inserts,Snowboard
M6QYHtT461,Rome_SDS Boneless,899.99,154,0.91,0.65,0.71,0.5,0.71,2.13,0.85,0.2,0.75,0.8,2680,260,0.98,0.5,0.01,6,2.42,0.2,0.65,0.7,0.4,0.7,0.8,0.8,0.3,0.8,0.75,0.8,0.72,0.7,86,5,0.97,0.5,0.01,0.5,0.01,0.5,0.01,5,0.45,0.97,7,0.74,0.8,8,3.11,0.2,119,47,0.2,26,10,0.2,0,7,1.0,0,2,1.0,55,5,0.8,108,3,0.99,30,12,0.2,30,12,0.2,63,3,0.95,80,32,0.2,2,0.69,0.8,0.5,0.01,9,3.59,0.2,0.5,0.01,0.5,0.01,CAPiTA_DOA_twin_hybrid_camber_flex_5_5,,SinterStrong_sintered,,,,,,True_Twin,Biaxial_fiberglass,2027,,Twin_Single_Bamboo_Omega_HotRods,,,Tri_Radial_Sidecut,2x4_compatible_all_major_brands,,Intermediate,Rome,Unisex,2x4_Inserts,Snowboard
MMQRE33uii,CAPiTA_Snowboards_founded_Seattle_2000 Mega_Mercury,1699.99,132,0.93,0.7,0.7,0.4,0.8,2.0,0.49,0.8,0.7,0.7,2882,1153,0.2,0.65,0.6,7,1.2,0.7,0.6,0.7,0.5,0.01,0.5,0.01,0.5,0.8,0.5,0.01,0.55,0.6,91,10,0.8,0.5,0.01,0.8,0.7,0.5,0.01,7,1.17,0.65,8,1.04,0.6,8,0.69,0.8,120,2,0.93,26,0,0.93,13,7,1.0,0,2,0.94,56,3,0.93,113,45,0.2,30,1,0.93,30,12,0.2,72,4,0.93,76,5,0.8,3,1.26,0.2,0.5,0.01,9,3.59,0.2,0.5,0.01,0.5,0.01,Jones_Ultra_Bataleon_Plus_Salomon_Pro_Nitro_Pro_NS_Proto_Burton_GC,,Megadrive_XT_sintered_race_base_UHMW_carbon_fluoro,,Megalite_Skin_Topsheet_super_thin_matte,,The_MotherShip_Feistritz_Austria,,Directional,Hybrid_Carbon_Holysheet_Tri_Tri,2027,100pct_clean_energy_hydroelectric_solar,Carbon_interwoven_into_Holysheet_fiberglass,Milled_sidewalls_added_strength,1_5mm_bump_each_edge_3mm_extra_waist,New_Age_Progressive_Death_Grip,,CAPiTA_Mercury,Advanced_to_Expert,CAPiTA,Mens,2x4_Stainless_Steel_Inserts,Snowboard
Mkb0Q9lZ1o, Outerspace_Living,719.99,199,0.84,0.65,0.7,0.8,0.8,2.13,0.85,0.2,1.0,0.97,2400,724,0.6,0.5,0.7,8,1.2,0.7,0.4,0.8,0.5,0.01,0.6,0.6,0.5,0.8,0.5,0.01,0.5,0.01,84,34,0.2,0.5,0.01,0.5,0.01,0.5,0.01,5,0.45,1.0,8,0.38,0.99,8,3.11,0.2,118,2,0.99,25,0,0.99,13,7,0.99,5,2,0.2,56,2,0.99,113,45,0.2,30,12,0.2,30,12,0.2,72,3,0.99,80,32,0.2,2,0.69,0.8,0.5,0.01,9,3.59,0.2,0.5,0.01,0.5,0.01,Outsiders_DOA_NS_ProtoTwo_NitroFury_YesGreats_Jibsaw_BoxK,,Superdrive_ADV_sintruded,,PLT_Technology_digital_screen_print_metallic,,Feistritz_Carinthia_Austria,,Directional_Twin,Special_Blend_Biaxial_Fiberglass_626g_m2,2026,Certified_B_Corporation,4x30mm_Carbon_Boosters_tip_tail,Full_ABS_Sidewalls,360_Degree_Steel_Edges,Radial_single_radius,,,Intermediate,CAPiTA,Mens,2x4_Inserts,Snowboard
MqjXyoxok9,Mervin_Manufacturing Gremlin,969.99,115,0.98,0.85,0.9,0.9,0.8,1.0,0.49,0.8,0.5,0.01,2800,724,0.6,0.9,0.8,6,1.39,0.6,0.9,0.9,0.7,0.8,0.5,0.01,0.4,0.8,0.5,0.01,0.5,0.8,84,34,0.2,0.7,0.8,0.5,0.01,0.5,0.01,6,0.45,1.0,7,0.57,0.88,8,0.53,0.88,119,47,0.2,26,1,0.88,51,7,0.99,12,2,0.96,55,5,0.8,108,5,0.88,31,1,0.88,31,1,0.8,80,9,0.6,82,8,0.6,4,0.69,0.8,0.5,0.01,9,3.59,0.2,0.8,0.8,0.5,0.01,Lib_Tech_Orca_more_stable_precise_vs_nimble,,Fast_tough_holds_wax_knife_cut_waste_reduction,,Eco_Sublimated_Poly_Texture,By_GNU_Gift_Shop,Sequim_Washington_USA,,Tapered_Directional,Tri_Ax_Bi_Ax_Alloy_Glass,2027,FSC_certified_wood,,UHMW_Polyethylene,Magne_Traction_7_serrations,,Bent_Metal_Axtion_Transfer_Union_Ultra,,Advanced_Expert,GNU,Mens,2x4_Inserts,Snowboard
NqInYDuKpj,Bataleon_Snowboards_Amsterdam_Netherlands Mens_Stereo,939.99,115,0.97,0.6,0.7,0.1,0.7,2.13,0.85,0.2,0.5,0.01,2882,1153,0.2,0.5,0.01,6,2.42,0.2,0.5,0.01,0.5,0.01,0.75,0.7,0.5,0.01,0.75,0.8,0.5,0.01,84,34,0.2,0.5,0.01,0.5,0.01,0.5,0.01,4,0.45,0.99,7,0.74,0.8,7,0.69,0.8,116,2,0.97,26,0,0.97,0,7,0.97,0,2,0.97,56,2,0.97,113,45,0.2,30,1,0.97,30,1,0.97,75,3,0.97,79,5,0.8,3,1.26,0.2,0.5,0.01,9,3.59,0.2,0.5,0.01,0.5,0.01,CAPiTA_Horrorscope_freestyle_twin_soft_flex_park,,Hyper_Glide_S_standard_sintered,,,Ethan_Morgan,Austria_CAPiTA_MFG_Mothership,,Twin_3D_Twin_symmetrical,Bi_Ax_fiberglass_with_Carbon_Stringers,2027_season_26_27,,Carbon_stringers_fine_tune_flex_response_feel,Flex_Walls_urethane_durable_damp,Triple_Base_Technology_3BT_reduces_edge_catch,Tri_radial,Standard_2x4_insert_compatible_all_standard_bindings,,Intermediate,Bataleon,Mens,2x4_Inserts,Snowboard
OUkTiHWBdD,Burton_Snowboards_B_Corp_Burlington_VT Cartographer,639.99,115,1.0,0.9,0.9,0.8,0.8,3.0,0.49,0.8,0.65,0.7,2600,809,0.5,0.5,0.01,6,1.2,0.7,0.5,0.01,0.5,0.01,0.7,0.7,0.3,0.8,1.0,0.9,0.5,0.01,84,34,0.2,0.5,0.01,0.5,0.01,0.5,0.01,6,0.92,0.78,7,0.38,1.0,7,0.35,1.0,114,2,0.99,26,0,1.0,2,7,1.0,5,2,0.96,56,2,1.0,113,45,0.2,30,1,1.0,30,1,0.8,68,3,1.0,80,5,0.8,3,0.84,0.7,0.5,0.01,9,3.59,0.2,0.85,0.7,0.5,0.01,Nidecker_Escape_similar_price_AM_Freeride,,Sintered_WFO,,,Julio_Desmont_Vermont_artist,,,Freeride_Directional,Triax_Fiberglass,2026,FSC_Certified_core_wood,Dualzone_EGD_perpendicular_wood_grain,,,,,,Beginner_Intermediate,Burton,Unisex,The_Channel,Snowboard
PYpPM9tM1r, Mens_Mountain_Twin,1029.99,248,0.76,0.8,0.9,0.85,0.64,2.0,0.7,0.6,0.8,0.8,2882,1153,0.2,0.7,0.99,6,1.2,0.7,0.65,0.8,0.75,0.7,0.65,0.6,0.7,0.8,0.55,0.7,0.7,0.8,84,34,0.2,0.7,0.7,0.8,0.8,0.7,0.8,6,0.94,0.77,8,0.38,0.99,8,0.35,0.99,121,2,0.99,25,0,0.99,0,7,1.0,0,2,1.0,58,4,0.84,111,3,0.99,24,1,0.99,30,12,0.2,70,6,0.8,80,32,0.2,4,0.84,0.7,0.5,0.01,9,3.59,0.2,0.7,0.8,0.5,0.01,Capita_Mercury,,Sintered_8000,,Premium_Topsheet_castor_bean_bioplastic,Jeremy_Jones_Victor_de_Le_Rue,SWS_Dubai_UAE,,Directional_Twin,Biax_Fiberglass_dual_layer,2027,1pct_for_the_Planet_since_2015,BComp_Carbon_Flax_stringers,Recycled_ABS_rounded,Traction_Tech,,S_M,,Beginner_to_Expert,Jones_Snowboards,Mens,2x4_Inserts,Snowboard
PglUt7Orx0,Annecy_France_founded_1947 Assassin_Pro,692.99,221,0.81,0.75,0.8,0.0,0.81,2.0,0.58,0.72,0.5,0.96,2600,957,0.3,0.85,0.96,6,0.98,0.8,0.7,0.8,0.5,0.01,0.8,0.8,0.2,0.8,0.95,0.56,0.5,0.8,84,34,0.2,0.7,0.8,0.8,0.8,0.8,0.8,8,0.45,0.99,8,3.03,0.2,8,3.11,0.2,118,3,0.81,25,1,0.81,20,7,0.99,5,2,0.2,55,22,0.2,113,45,0.2,30,1,0.81,30,1,0.81,70,6,0.81,78,5,0.8,3,0.69,0.8,0.5,0.01,9,3.59,0.2,0.7,0.8,0.5,0.01,Korua_Otto_Ride_Algorythm_Shadowban_Salomon_Highpath_Yes_Standard_Uninc_Yes_Basic_Uninc_Capita_BSOD_Jones_Rally_Cat_Cardiff_Crane_Lynx,,Sintered_EG_Electra_Gallium,,ABC_Wrapper_bamboo_veneers_reduce_40pct,Bode_Merrill,China,,Directional_Twin,BA_MD_Glass_Biaxial_Medium_Density_Fiberglass,2025,Bio_epoxy_resin_30pct_molecular_from_plants,Ghost_Carbon_Beam_two_carbon_beams_tip_tail,Recycled_ABS_2025_reduced_chatter,,Quadralizer,,Changed_True_Twin_to_Directional_Twin_2019,Advanced_to_Expert,Salomon,Mens,2x4_Inserts,Snowboard
PleYrgV9IN,Mervin_Manufacturing Apex_Orca_II,2199.99,119,0.94,0.65,0.7,0.7,0.7,1.0,0.25,0.99,0.4,0.7,2882,1153,0.2,0.8,0.7,6,2.42,0.2,0.9,0.9,0.8,0.8,0.6,0.6,0.6,0.7,0.5,0.01,0.5,0.01,90,10,0.8,0.5,0.01,0.5,0.01,0.85,0.6,7,1.03,0.73,7,0.39,0.94,8,3.11,0.2,119,47,0.2,27,1,0.8,2,7,0.94,11,3,0.89,56,6,0.7,113,3,0.94,32,1,0.94,30,12,0.2,80,9,0.6,82,8,0.6,2,0.84,0.7,0.5,0.01,9,3.59,0.2,0.5,0.01,0.5,0.01,Ride_Warpig_short_wide_park_leaning_cheaper_less_edge_hold,,Fast_sintered_die_cut_to_reduce_waste,,Eco_Sublimated_Bio_Beans_Topsheet,Travis_Rice,Handmade_Sequim_WA_USA,,Tapered_Directional,Unidirectional_Carbon_tip_to_tail,2027,Zero_hazardous_waste_production,30deg_Carbon_Mega_X_14_strands,Birch_Internal_UHMW_Sintered_Sidewall,Magne_Traction_7_serrations,,,,Advanced,Lib_Tech,Unisex_Mens,2x4_Inserts,Snowboard
Pze4R5DtmS, Artifact,849.99,159,0.9,0.45,0.74,0.3,0.7,2.13,0.85,0.2,0.6,0.6,3080,260,0.96,0.5,0.01,6,2.42,0.2,0.5,0.01,0.5,0.01,0.7,0.63,0.1,0.63,0.75,0.8,0.5,0.01,83,5,0.96,0.5,0.01,0.5,0.01,0.5,0.01,4,0.45,1.0,8,0.38,0.99,8,0.35,0.99,120,2,0.99,26,0,0.99,0,7,1.0,0,2,1.0,55,6,0.7,115,3,0.99,30,12,0.2,30,12,0.2,68,3,0.97,74,5,0.8,2,0.69,0.8,0.5,0.01,9,0.45,1.0,0.65,0.6,0.5,0.01,Capita_DOA_hybrid_camber_forgiving,,High_end_durable_faster_than_expected_extruded,9.0,,,Quebec_Canada,,True_Twin,Biaxial_fiberglass_torsionally_playful,2027,,Twin_Single_Bamboo_HotRods,Dampening_sidewall_material,,Radial_Sidecut_single_radius,2x4_insert_compatible_all_major_bindings,,Intermediate-Advanced,Rome,Mens,2x4_inserts,Snowboard
Q7xh2FmEa3,Mervin_Manufacturing Turbo_Gremlin,1099.99,129,0.93,0.85,0.9,0.7,0.7,1.0,0.25,0.99,0.5,0.5,2900,724,0.6,0.5,0.01,6,2.42,0.2,0.9,0.82,0.5,0.01,0.75,0.7,0.6,0.8,0.5,0.01,0.5,0.01,84,34,0.2,0.5,0.01,0.5,0.01,0.5,0.01,8,0.45,0.98,7,0.38,1.0,8,0.35,1.0,119,47,0.2,26,0,1.0,2,7,0.98,5,2,0.2,55,5,0.8,108,3,1.0,30,1,1.0,30,12,0.2,80,9,0.6,82,8,0.6,2,0.84,0.7,0.5,0.01,9,3.59,0.2,0.5,0.01,0.5,0.01,Gremlin_better_edge_chunder_Orca_better_deep_pow,,Sintered_Knife_Cut_UHMW,,Eco_Sublimated_Poly_Texture_Topsheet,,Carlsborg_Sequim_Washington_USA,,Tapered_Directional_Mild_Volume_Shift,Triax_Biax_fiberglass_torsional_smooth,2026-2027_designated_2027,Zero_hazardous_waste_manufacturing,Carbon_Power_Bands_snap_energy_stability,UHMW_Ultra_High_Molecular_Weight_PE,Magne_Traction_seven_serrations,,Bent_Metal_Axtion_Transfer_Union_Ultra,GNU_Gremlin_first_released_2021,Advanced_to_Expert,GNU,Mens,2x4_Inserts,Snowboard
QOPmTCjmdH,Elevate_Outdoor_Collective Psychocandy,949.99,115,0.96,0.85,0.77,0.6,0.7,3.0,0.49,0.8,0.8,0.8,2882,1153,0.2,0.7,0.92,8,0.98,0.8,0.65,0.8,0.5,0.01,0.8,0.8,0.3,0.8,0.5,0.01,0.5,0.8,84,34,0.2,0.7,0.8,0.7,0.8,0.7,0.8,6,0.45,0.96,6,0.9,0.7,6,0.69,0.8,119,47,0.2,27,0,0.96,20,14,0.82,5,2,0.2,53,2,0.96,113,45,0.2,31,1,0.96,32,1,0.8,82,6,0.8,92,8,0.6,4,0.69,0.8,0.5,0.01,9,3.59,0.2,0.7,0.8,0.5,0.01,Salomon_Dancehaul_Pro_easier_engage_snap,,Sintered_4000_PTEX,,Durable_urethane_topsheet,,China_Guangzhou,,Tapered_Directional,Carbon_Infused_Glass_Carbon_Array_5_Double_Impact_Plates,2027,44pct_sustainable_solar_energy,90deg_carbon_fibers_in_glass_pop_response,Carbon_Slimewalls_urethane_Roll_In_Construction,Standard_steel_edge,Tapered_Bi_Radial_Sidecut,,Ride_Hellcat_mixed_with_Warpig_DNA,Intermediate_to_Advanced,Ride_Snowboards,Unisex,2x4_Inserts,Snowboard
Qa2ZCrTUIY,Salomon_SAS_Annecy_France Huck_Knife_Pro_Dusty_LTD,1029.99,115,1.0,0.8,0.8,0.75,0.7,2.0,0.49,0.8,0.85,0.8,2700,724,0.6,0.5,0.01,6,2.42,0.2,0.8,0.8,0.6,0.7,0.5,0.01,0.4,0.8,0.5,0.01,0.5,0.01,84,5,0.96,0.5,0.01,0.5,0.01,0.5,0.01,8,0.45,0.97,8,0.38,1.0,8,0.35,1.0,119,47,0.2,26,0,1.0,0,7,0.96,5,2,0.2,56,2,0.99,113,45,0.2,30,1,1.0,30,1,1.0,78,3,0.99,80,5,0.8,1,0.69,0.8,0.5,0.01,9,3.59,0.2,0.5,0.01,0.5,0.01,Burton_Process_stiffer_Pure_Pop_bigger_jumps_HK_better_rails,,Sintered_EG_Gallium_infused_Electra_finish,,Southern_California_tribute_Big_Bear_bottom_Minarets_top,Dusty_Henricksen,Austria_Bulgaria_France_Finland_Canada_US,,True_Twin_symmetrical,Tri_Ax_Glass_three_angles_durability,2026,FSC_certified_wood,Ghost_Carbon_Beams_tip_tail_pop_stability,Royal_Rubber_Rails_full_length_dampening,Freestyle_Edge_Bevel,EQ_Rad_Sidecut,,Salomon_Huck_Knife_medium_flex_579_MSRP,Advanced_to_Expert,Salomon,Mens,2x4_Inserts,Snowboard
R42CHMu4uJ,German_snowboard_company_co_founded_by_Wolken_and_Maurer Pencil,1099.99,133,0.93,0.5,0.8,0.85,0.8,2.13,0.85,0.2,0.5,0.3,3100,260,0.99,0.5,0.01,6,2.42,0.2,0.75,0.8,0.45,0.7,0.8,0.8,0.6,0.8,0.5,0.01,0.5,0.01,84,34,0.2,0.5,0.01,0.5,0.01,0.5,0.01,7,0.88,0.8,8,0.38,0.99,8,3.11,0.2,119,47,0.2,26,10,0.2,35,7,0.99,3,3,0.9,55,5,0.8,103,3,0.99,31,1,0.99,30,12,0.2,72,3,0.99,80,32,0.2,2,0.97,0.6,0.5,0.01,9,3.59,0.2,0.5,0.01,0.5,0.01,Ride_Peace_Seeker_similar_carving_powder,,PTEX_2000_Sintered,,Classic_gloss_UV_lacquer,,Poland_and_China,,Tapered_Directional,Biaxial_Fiberglass,,1pct_for_the_Planet_member,,,Steel_edges,,,,Intermediate_to_Expert_only,Korua_Shapes,Unisex,4x4,Snowboard
R4V6xLvD9C,Burton_Snowboards_Inc_Burlington_VT_USA Process_Recut,879.99,115,0.99,0.85,0.7,0.0,1.0,2.13,0.85,0.2,0.5,0.5,6620,867,0.43,0.6,0.6,6,2.42,0.2,0.8,0.7,0.2,0.89,0.7,0.7,0.4,0.8,0.5,0.01,0.5,0.01,84,34,0.2,0.5,0.01,0.5,0.01,0.5,0.01,6,0.95,0.77,8,0.38,0.97,8,0.35,0.97,120,2,0.97,25,0,0.97,0,7,0.99,5,2,0.2,53,2,0.97,113,45,0.2,30,12,0.2,30,12,0.2,80,3,0.97,80,5,0.8,2,0.69,0.8,0.5,0.01,5,0.45,0.96,0.5,0.01,0.5,0.01,Bataleon_Goliath_Bataleon_Evil_Twin,,Durable_highly_porous_added_strength_wax_absorption,5.0,,Mark_McMorris,Kiel_Nindl_GmbH_Austria,,True_Twin_symmetrical_tip_and_tail,Triax_Fiberglass,Winter_2025_2026,FSC_Certified,Process_uses_only_Triax_fiberglass_no_carbon,ABS_recycled,Frostbite_Edges,,Compatible_with_all_major_binding_brands,Burton_Process_Camber,Intermediate_to_advanced,Burton,Mens,The_Channel,Snowboard_deck_bindings_not_included
RB3NCPUwch,Elevate_Outdoor_Collective Smokescreen,879.99,115,1.0,0.85,0.8,0.5,0.7,1.0,0.49,0.8,0.65,0.7,2600,724,0.6,0.5,0.01,6,2.42,0.2,0.65,0.7,0.5,0.01,0.75,0.7,0.4,0.8,0.5,0.01,0.5,0.01,84,34,0.2,0.5,0.01,0.5,0.01,0.5,0.01,9,1.41,0.49,9,0.38,1.0,8,3.11,0.2,118,2,1.0,25,0,1.0,19,7,1.0,10,2,0.98,56,2,1.0,113,45,0.2,30,1,1.0,30,12,0.2,75,6,0.8,80,32,0.2,3,0.97,0.6,0.5,0.01,9,3.59,0.2,0.5,0.01,0.5,0.01,Jones_Flagship_Cardiff_Bonsai_Arbor_AFrame_Burton_Leaderboard_Commissioner,,Sintered_4000_PTEX,,Durable_Urethane,,China_factory_design_Seattle,,Tapered_Directional,Hybrid_Glass_triaxial_top_biaxial_base,2026,FSC_Certified_base_stickers_shipping,Carbon_Array_3_three_carbon_stringers_binding_zone,Slimewalls_urethane_impact_absorbing,Standard_Steel_Edge_Rockwell_48C,Tapered_Elliptical_Progressive_Sidecut,,Shared_lineage_Ride_Timeless,Intermediate_Advanced,Ride,Mens,2x4_Inserts,Snowboard
RCHZy5MVY9,K2_Sports_LLC Sky_Pilot,949.99,303,0.64,0.85,0.8,1.0,1.0,5.0,0.49,0.8,0.5,0.3,2882,1153,0.2,0.85,0.96,7,0.98,0.8,0.65,0.8,0.5,0.01,0.65,0.7,0.5,0.8,0.5,0.01,0.5,0.8,84,34,0.2,0.8,0.8,0.7,0.8,0.7,0.8,6,0.45,0.95,8,0.38,1.0,8,0.35,1.0,119,2,1.0,26,10,0.2,2,7,1.0,10,2,1.0,53,2,1.0,113,45,0.2,30,1,0.8,31,1,0.8,70,3,1.0,75,5,0.8,3,0.69,0.8,0.5,0.01,9,3.59,0.2,0.7,0.8,0.5,0.01,Nidecker_Megalight_Burton_Counterbalance_Amplid_Souly_Grail_etc,,Wax_Infused_Sintered_4001,,,Sage_Kotsenburg,China,,Directional,Triaxial_45_45_0,2027,,Carbon_Y_Beam_snap_stability,Hybritech_sidewall_capped_tip_tail,3D_Base_Contour_3mm_spoon_tip_tail,,,K2_Instrument_discontinued,Intermediate_Advanced_Expert,K2,Unisex_all_gender_scaled_sizing,2x4_tighter_hole_pattern,Snowboard
RVjoANFEjw,Bataleon_Low_Pressure_Studio_Amsterdam Evil_Twin_Plus,1189.99,137,0.93,0.8,0.8,0.55,0.7,2.13,0.85,0.2,0.5,0.01,2882,1153,0.2,0.5,0.01,6,2.42,0.2,0.6,0.6,0.85,0.8,0.75,0.7,0.4,0.7,0.75,0.8,0.5,0.01,84,34,0.2,0.5,0.01,0.5,0.01,0.5,0.01,6,0.98,0.75,8,0.4,0.94,8,0.37,0.94,120,2,0.94,25,0,0.94,0,9,0.93,0,2,0.92,57,5,0.8,113,45,0.2,29,1,0.94,30,1,0.94,80,6,0.82,84,5,0.8,3,0.97,0.6,0.5,0.01,9,3.59,0.2,0.5,0.01,0.5,0.01,CAPiTA_DOA_full_camber_stiffer_aggressive_ET_more_forgiving,,Nano_Speed_S_ISOSPORT_7000_Ptex_sintered,,,,SWS_Dubai_or_overseas,,True_Twin,Tri_Ax_fiberglass,2027,,AirRide_urethane_filled_channels_dampen_vibrations_nose_and_tail,Flex_Walls_urethane_poured,,,Standard_insert_pattern_non_Burton_EST,,Advanced,Bataleon,Mens,2x4_inserts,Snowboard
RZq38d3rtm,Annecy_France_design_center Assassin,989.99,115,1.0,0.65,0.8,0.5,0.8,2.0,0.49,0.8,0.5,0.01,2882,1153,0.2,0.5,0.01,6,1.39,0.6,0.8,0.8,0.75,0.7,0.8,0.8,0.6,0.8,0.5,0.01,0.6,0.7,84,34,0.2,0.5,0.01,0.5,0.01,0.5,0.01,6,0.52,0.93,8,0.38,0.95,8,0.35,0.97,116,2,0.95,25,0,0.95,0,7,0.98,5,2,0.2,56,2,0.95,113,45,0.2,29,1,0.95,30,12,0.2,70,3,0.95,78,5,0.8,3,0.97,0.6,0.5,0.01,9,3.59,0.2,0.5,0.01,0.5,0.01,NS_Photosynthesis_Yes_Greats_Ride_TwinPig_Burton_Good_Company_Yes_Typo,,Sintered_EG_Base_Gallium_Electra,,ABC_Wrapper_Topsheet_wood_veneer,Victor_Daviet,Austria_AMER_factory_or_OEM,,Directional_Twin,BA_MD_Fiberglass_medium_density,2027,FSC_certified_wood,Popster_Eco_Booster_milled_core_carbon_stringers_bamboo_rods,Royal_Rubber_Rails_full_length_rubber,,Quadralizer_Sidecut,,,Intermediate-Advanced,Salomon,Mens,5x2_inserts_per_foot,Snowboard
RwPNZ6wlqH,Mervin_Manufacturing Money,524.99,115,1.0,0.8,0.82,0.8,0.8,2.13,0.85,0.2,0.7,0.8,2882,1153,0.2,0.5,0.8,6,0.98,0.8,0.9,0.9,0.5,0.01,0.8,0.8,0.6,0.8,0.5,0.01,0.7,0.8,84,34,0.2,0.5,0.8,0.7,0.8,0.7,0.8,6,0.87,0.81,8,0.38,0.99,8,0.35,0.99,119,47,0.2,26,0,0.99,0,7,0.96,5,2,0.2,57,5,0.8,117,3,0.99,30,1,0.99,30,1,0.99,60,9,0.6,75,8,0.6,4,0.84,0.7,0.5,0.01,9,3.59,0.2,0.6,0.8,0.5,0.01,Salomon_Huck_Knife_better_board_sintered_base,,Eco_Sublimated_Co_Ex,,Eco_Sublimated_Poly_Top,Jay_Howell_punksgitcut,Carlsborg_WA_USA,,True_Twin,Triaxial_Biaxial_fiberglass,2026,Zero_hazardous_waste_factory,,UHMW_polyethylene,Magne_Traction_7_serrations,,,,Beginner_to_Expert,GNU,,2x4_inserts,Snowboard
SGwEPDW3ct,Salomon_SAS_Annecy_France Dancehaul,679.99,115,0.98,0.7,0.9,0.8,0.8,2.13,0.85,0.2,1.0,0.94,2650,724,0.6,0.5,0.01,6,2.42,0.2,0.5,0.01,0.5,0.01,0.85,0.67,0.3,0.8,0.5,0.01,0.5,0.01,86,7,0.91,0.5,0.01,0.5,0.01,0.5,0.01,5,0.45,0.98,7,0.38,0.98,8,3.11,0.2,117,2,0.98,27,0,0.98,0,7,0.95,12,3,0.91,56,2,0.98,113,45,0.2,31,1,0.98,30,12,0.2,88,3,0.98,80,32,0.2,3,0.84,0.7,0.5,0.01,9,3.59,0.2,0.5,0.01,0.5,0.01,Lib_Tech_Orca_YES_Hybrid_Gnu_Gremlin_Ride_Psychocandy_Korua_K2,,Sintered_base,,Bright_red_top_sheet,Max_Buri_Swiss_Salomon_pro,Austria_Bulgaria_France_Finland_Canada_US,,Tapered_Directional,BA_MD_Biaxial_Medium_Density_Fiberglass,2026,FSC_certified_wood_core,Ghost_Basalt_Stringers_triax,Recycled_ABS_sidewall,,Radial_Sidecut,,,Intermediate,Salomon,Unisex,2x4_Inserts,Snowboard
SKfJIjbUYN,Burton_Snowboards_Burlington_VT Family_Tree_Sketch_Artist,1099.99,115,1.0,0.8,0.7,0.8,0.8,3.0,0.49,0.8,0.8,0.8,2882,1153,0.2,0.85,0.97,8,0.98,0.8,0.45,0.8,0.5,0.01,0.65,0.6,0.3,0.8,0.5,0.01,0.2,0.8,84,34,0.2,0.8,0.8,0.7,0.8,0.5,0.8,8,1.36,0.53,8,3.03,0.2,8,3.11,0.2,119,47,0.2,26,10,0.2,1,7,0.99,18,2,0.99,55,22,0.2,113,45,0.2,30,12,0.2,30,12,0.2,73,29,0.2,80,32,0.2,4,0.69,0.8,0.5,0.01,9,3.59,0.2,0.8,0.8,0.5,0.01,Jones_Hovercraft_Gnu_Gremlin_Korua_TF_Salomon_Dancehaul_K2_Excavator_Jones_ME_YES_PYL,,Sintered_WFO,,Peregrine_falcon_Audubon_bird_graphic,,Austria_by_The_Mothership,,Tapered_Directional,45_degree_Carbon_Highlights_full_tip_to_tail,2026,Certified_B_Corporation,Squeezebox_core_profiling,,,Progressive_sidecut,EST_best_all_major_compatible,,Intermediate_Advanced,Burton,Unisex,The_Channel,Snowboard
SuVit8RW96,Mervin_Manufacturing Mayhem_Rocket,1099.99,115,1.0,0.75,0.8,0.7,0.7,2.13,0.85,0.2,0.5,0.3,2882,1153,0.2,0.5,0.01,6,2.42,0.2,0.8,0.69,0.5,0.01,0.75,0.7,0.6,0.8,0.5,0.01,0.5,0.01,84,34,0.2,0.5,0.01,0.5,0.01,0.5,0.01,6,0.45,1.0,7,0.9,0.7,8,3.11,0.2,119,47,0.2,26,10,0.2,2,7,1.0,2,4,0.8,56,5,0.8,114,3,1.0,31,1,1.0,30,12,0.2,75,9,0.6,80,32,0.2,2,0.84,0.7,0.5,0.01,9,3.59,0.2,0.5,0.01,0.5,0.01,Jones_Hovercraft_iconic_freeride_powder_cult_following,,Sintered_Knife_Cut_Base_UHMW,,Eco_Sublimated_Poly_Top_Sheet,Matt_Mayhem_Biolos,Sequim_Carlsborg_Washington_USA,,Tapered_Directional,Tri_Ax_Bi_Ax_Fiberglass,2027,FSC_certified_wood,UHMW_Tip_Tail_Impact_Deflection,Birch_Internal_Sidewalls,Magne_Traction_Serrated_Edges,Elliptical_sidecut,ReFlex_and_Disc_mounting,,Intermediate_Advanced,Lib_Tech,Unisex,2x4_inserts,Snowboard
Sw61ssrD4v,Mervin_Manufacturing Upgrade,999.99,286,0.68,0.85,0.9,1.0,0.99,1.0,0.56,0.74,0.5,0.01,2920,260,0.98,0.5,0.01,6,2.42,0.2,0.8,0.8,0.5,0.01,0.5,0.01,0.5,0.01,0.4,0.68,0.5,0.01,89,5,0.98,0.5,0.01,0.5,0.01,0.5,0.01,8,1.12,0.68,8,0.74,0.8,8,0.49,0.9,119,47,0.2,26,0,1.0,1,7,1.0,0,2,0.96,57,5,0.8,114,3,1.0,30,1,1.0,30,1,0.8,65,9,0.6,68,8,0.6,2,0.84,0.7,0.5,0.01,9,3.59,0.2,0.5,0.01,0.5,0.01,Lib_Tech_Terrain_Wrecker_Upgrade_has_better_base,,Eco_Sublimated_Sintered_Base,,Eco_Sublimated_Poly_Topsheet,Jeff_Hendo_Henderson,Sequim_Washington_USA,,Directional_Twin,Tri_Ax_Bi_Ax_fiberglass_Carbon_Power_Bands,2025-2026,FSC_Certified,Carbon_pop_enhancement_fiber_package,UHMW_polyethylene,Magne_Traction_7_serrations,Directional_triple_curve_on_demand_sidecut_blend,,GNU_Hyper,Intermediate_Advanced,GNU,Mens,2x4_Inserts,Snowboard
T5n37httxV,Salomon_SAS_Annecy_France HPS_Louif_Paradis,664.99,115,1.0,0.8,0.8,0.0,0.84,2.13,0.85,0.2,0.85,0.8,2882,1153,0.2,0.5,0.01,6,2.42,0.2,0.8,0.8,0.5,0.01,0.5,0.01,0.5,0.01,0.5,0.01,0.5,0.01,84,34,0.2,0.5,0.01,0.5,0.01,0.5,0.01,6,0.49,0.94,8,3.03,0.2,8,3.11,0.2,118,2,1.0,26,0,1.0,20,7,1.0,1,4,0.8,55,22,0.2,113,45,0.2,30,1,1.0,30,1,0.8,78,3,1.0,85,5,0.8,2,0.84,0.7,0.5,0.01,9,3.59,0.2,0.5,0.01,0.5,0.01,Jones_Stratos_Burton_Custom_Flying_V,,Sintered_EG_Electra_Gallium,,,Louif_Paradis,Likely_shared_Amer_Sports_Austria_France,,Tapered_Directional,BA_MD_Glass_biaxial_medium_density,2025,50pct_recycled_sintered_base,Ghost_Carbon_Stringers_tip_to_tail,Recycled_ABS_Sidewalls,,Quadralizer,,,Expert,Salomon,Unisex,2x4_Inserts,Snowboard
TD7mNjqTl8,Burton_Snowboards_founded_1977 Family_Tree_Time_Thief,1099.99,115,0.98,0.85,0.7,0.8,0.7,3.0,0.49,0.8,0.5,0.01,2882,1153,0.2,0.5,0.01,6,2.42,0.2,0.75,0.7,0.5,0.01,0.5,0.01,0.5,0.01,0.8,0.8,0.5,0.01,84,34,0.2,0.5,0.01,0.5,0.01,0.5,0.01,6,0.45,0.98,8,0.38,0.98,8,0.35,0.98,116,2,0.98,26,0,0.98,2,7,0.98,5,2,0.95,56,2,0.98,113,45,0.2,30,1,0.98,30,12,0.2,80,3,0.98,105,8,0.6,3,0.84,0.7,0.5,0.01,9,3.59,0.2,0.5,0.01,0.5,0.01,Lib_Tech_Orca_prominent_nose_rocker_loose_on_hardpack,,Sintered_WFO,,Fusion_of_art_nature_and_sound,Dom_Berrini_cymatics_Chladni_plates_topsheet,Keil_factory_Austria,,Tapered_Directional,Triax_fiberglass,2027,FSC_certified_wood_and_Super_Sap_bio_epoxy,,,,,Compatible_all_major_bindings_best_with_Burton_EST,,Intermediate-Advanced,Burton,Unisex_gender_neutral,The_Channel,Snowboard
UErcuZkI8Q,Burton_Snowboards Family_Tree_Full_Nelson,999.99,115,1.0,0.85,0.7,0.5,0.7,3.0,0.31,0.92,0.5,0.01,2882,1153,0.2,0.5,0.01,6,2.42,0.2,0.75,0.7,0.5,0.01,0.5,0.01,0.5,0.01,0.8,0.8,0.5,0.01,84,34,0.2,0.5,0.01,0.5,0.01,0.5,0.01,8,0.45,0.99,8,3.03,0.2,8,3.11,0.2,119,47,0.2,26,10,0.2,8,3,0.2,6,2,0.99,55,22,0.2,113,45,0.2,30,12,0.2,30,12,0.2,73,29,0.2,80,32,0.2,3,1.26,0.2,0.5,0.01,9,3.59,0.2,0.5,0.01,0.5,0.01,Jones_Flagship_directional_freeride_3D_base,,Sintered_WFO,,Fusion_art_nature_sound_2027_FT_theme,Bosco_Sodi_raw_textures_natural_elements,Kiel_Nindl_GmbH_Uttendorf_Austria,,Tapered_Directional,Triax_Fiberglass,2027,FSC_Certified_core,Dualzone_EGD,,,,All_major_bindings_best_with_Burton_EST,Burton_Family_Tree_Crowsnest,Intermediate_Advanced,Burton,Gender_neutral_Unisex,The_Channel,Snowboard
Uak0Y2xszD,Bataleon_Low_Pressure_Studio_Amsterdam Cameleon,1149.99,115,1.0,0.75,0.8,0.5,0.7,2.0,0.49,0.8,0.5,0.8,2500,809,0.5,0.5,0.01,6,2.42,0.2,0.5,0.01,0.75,0.7,0.8,0.8,0.3,0.8,0.75,0.8,0.5,0.01,84,34,0.2,0.5,0.01,0.5,0.01,0.5,0.01,5,0.45,1.0,7,0.38,1.0,7,0.35,1.0,118,2,1.0,26,0,1.0,8,3,0.2,15,2,0.97,57,5,0.8,113,45,0.2,31,1,1.0,31,1,0.8,81,3,1.0,91,5,0.8,2,0.84,0.7,0.5,0.01,9,3.59,0.2,0.5,0.01,0.5,0.01,CAPiTA_Navigator_preferred_Cameleon_in_powder,,Ultra_Glide_S_7000_grade_sintered,,Step_Down_Rails_Top_3D,,Austria_CAPiTA_Mothership,,Tapered_Directional,Tri_Ax_fiberglass,2027,,DRST_SuperTubes_six_hollow_carbon_cylinders,Flex_Walls_urethane_poured,SideKick_hull_like_shape_for_float,,,Camel_Two,Intermediate-Advanced,Bataleon,Mens,2x4_Inserts,Snowboard
UjsSk0ptvk,Salomon_SAS_Annecy_France Jetstream,759.99,115,1.0,0.6,0.8,0.8,0.8,2.0,0.61,0.69,0.5,0.01,2882,1153,0.2,0.5,0.01,6,2.42,0.2,0.9,1.0,0.5,0.01,0.8,0.7,0.6,0.8,0.5,0.01,0.5,0.01,84,34,0.2,0.5,0.01,0.5,0.01,0.5,0.01,7,0.45,1.0,7,0.38,1.0,8,0.35,1.0,115,2,1.0,27,0,1.0,20,7,1.0,1,4,0.8,55,2,1.0,113,45,0.2,32,1,1.0,30,12,0.2,78,3,1.0,82,5,0.8,2,0.84,0.7,0.5,0.01,9,3.59,0.2,0.5,0.01,0.5,0.01,K2_Embassy_All_Mountain,,50pct_Recycled_Sintered_Base,,Olive_wood_veneer,,,,Tapered_Directional,BA_MD_Fiberglass,2026,FSC_certified_wood_core,Ghost_Carbon_Beams_Plus,66pct_Recycled_ABS,20pct_recycled_aluminum_edges,Radial_Sidecut,Standard_compatible_most_bindings,,Intermediate-Advanced,Salomon,Unisex,2x4_Inserts,Snowboard
VPtUDVqozI,Salomon_SAS_Amer_Sports Highpath,759.99,115,0.99,0.6,0.8,1.0,0.99,2.13,0.85,0.2,0.5,0.01,2600,855,0.44,0.5,0.01,6,2.42,0.2,0.7,0.8,0.8,0.4,0.5,0.01,0.7,0.7,0.5,0.01,0.5,0.01,87,5,0.96,0.5,0.01,0.5,0.01,0.5,0.01,7,0.84,0.82,7,0.38,0.99,8,0.35,0.99,118,2,0.99,26,0,0.99,20,7,0.99,5,2,0.2,56,2,0.99,113,45,0.2,30,1,0.99,30,1,0.8,78,3,0.99,85,5,0.8,3,0.84,0.7,0.5,0.01,9,3.59,0.2,0.8,0.8,0.5,0.01,Burton_Instigator_NS_Hammer_Korua_Otto_Tahoe_DT_Yes_Basic_Cardiff_Lynx,,50pct_Recycled_Sintered_Base,,ABC_Wrapper_Topsheet,Nils_Mindnich,China,,Tapered_Directional,BA_MD_Fiberglass,2026,Yes,BFX_Basalt,Recycled_ABS,,Quadratic_Sidecut,,,Advanced,Salomon,Unisex,2x4_Inserts,Snowboard
VrBN6Ou32u,thirtytwo_within_Nidecker_Group Middle_Earth_Stevens_Pro_LTD_Snowboard,1079.99,115,1.0,0.8,0.42,0.8,0.8,2.13,0.85,0.2,0.5,0.01,2882,1153,0.2,0.5,0.01,6,2.42,0.2,0.7,0.7,0.5,0.01,0.5,0.01,0.5,0.01,0.5,0.01,0.5,0.01,84,34,0.2,0.5,0.01,0.5,0.01,0.5,0.01,5,0.45,0.95,8,0.9,0.7,8,3.11,0.2,118,2,0.95,26,0,0.95,0,7,1.0,0,2,1.0,55,22,0.2,113,45,0.2,30,12,0.2,30,12,0.2,73,29,0.2,80,32,0.2,3,1.26,0.2,0.5,0.01,9,3.59,0.2,0.5,0.01,0.5,0.01,CAPiTA_DOA_Burton_Custom_Endeavor_Pioneer_Spring_Break,,8_4M_Sintered,,Impact_Shield_Topsheet,Scott_Stevens,SWS_Solico_Winter_Sport_Dubai,,True_Twin_Twin_Tip,Triax_Fiberglass,Season_2025_2026,Fast_Wend_Natural_Wax_eco_friendly,Twin_Carbon_Boost_Stringers,RailGuard_Sidewall_flexible_impact_resistant,Hardened_Steel_Edge_modified_stronger,Progressive_Five_Radius_Blend,T32M_FASE_Bindings_349_95_bundle_949_90,,Intermediate,thirtytwo,Mens,2x4_Inserts,Snowboard
Vz2522zK3z,Bataleon_part_of_Nidecker_Group Tornado_Beyond_Medals,1049.99,160,0.9,0.7,0.8,0.0,0.99,3.0,0.25,1.0,0.7,0.8,2882,1153,0.2,0.7,0.97,7,0.98,0.8,0.5,0.7,0.2,0.9,0.85,0.8,0.3,0.8,0.75,0.8,0.7,0.8,84,34,0.2,0.7,0.8,0.9,0.8,0.5,0.8,8,0.45,0.95,7,0.81,0.76,7,0.75,0.76,119,4,0.76,25,1,0.76,8,3,0.2,5,2,0.2,55,5,0.76,113,45,0.2,30,2,0.76,30,2,0.76,76,7,0.76,81,6,0.76,3,0.69,0.8,0.5,0.01,9,3.59,0.2,0.6,0.8,0.5,0.01,United_Shapes_Cadet_Korua_Otto_K2_Manifest_Yes_Typo_Jones_Frontier_etc,,Ultra_Glide_S_7000_grade_sintered,,,Tor_Lundstrom_and_BYND_x_MDLS_crew,SWS_Dubai,,Directional_Twin_elongated_nose_squared_tail,Tri_Ax_three_way_fiberglass_weave,2027,Plant_based_WEND_WAX_all_boards_2025_26,Carbon_Stringers_pop_edge_response_dampening,Urethane_Poured_FlexWalls_shock_absorption,A_grade_German_stainless_steel_28_inserts,Triple_radius_sidecut,,Whatever_Beyond_Medals_variant,Intermediate_Advanced,Bataleon,Mens,2x4_Inserts,Mens_Snowboard
W52mkPZTDo, T1,899.99,159,0.9,0.65,0.7,0.5,0.7,2.0,0.25,0.99,0.5,0.01,2882,1153,0.2,0.5,0.01,6,2.42,0.2,0.5,0.01,0.5,0.01,0.7,0.7,0.1,0.73,0.5,0.01,0.5,0.01,84,34,0.2,0.5,0.01,0.5,0.01,0.5,0.01,7,0.45,0.99,8,0.38,1.0,9,0.35,1.0,119,47,0.2,25,1,0.67,0,7,0.99,5,2,0.2,54,5,0.8,106,3,1.0,29,2,0.67,29,2,0.67,70,3,1.0,80,8,0.6,2,0.84,0.7,0.5,0.01,9,3.59,0.2,0.5,0.01,0.5,0.01,CAPiTA_DOA_true_twin_am_freestyle,,Sintered_EcoSpeed_HD_recycled,,,Sam_Taxwood,Built_with_100pct_solar_power,,Twin_symmetrical,Bi_Lite_Laminates_bidirectional,2027,Made_with_100pct_solar_power,,Ureshred_Sidewalls_polyurethane,Recycled_Railkiller_Edge_50pct_recycled_steel,Radial_single_radius,Standard_2x4_not_channel,,Intermediate_Advanced,Nitro_AG,Mens,2x4_Inserts,Snowboard
WAmtBisp9i,Burton_Snowboards_founded_1977_Vermont Custom_X,769.99,115,1.0,0.8,0.7,0.8,0.8,3.0,0.25,1.0,0.6,0.7,2720,260,0.98,0.85,0.96,3,0.98,0.8,0.7,0.59,0.6,0.55,0.85,0.8,0.4,0.8,0.5,0.01,0.1,0.8,92,5,0.98,0.7,0.8,0.9,0.8,0.8,0.8,8,0.78,0.84,8,0.52,0.9,8,0.49,0.9,120,2,0.9,25,0,0.9,12,7,0.99,0,3,0.87,53,3,0.9,124,6,0.82,30,1,0.9,30,12,0.2,80,5,0.9,80,5,0.8,6,0.84,0.7,0.5,0.01,9,3.59,0.2,0.95,0.9,0.5,0.01,Capita_Mega_Mercury_hybrid_camber_better_powder,,Sintered_WFO_high_density,,Lenticular_style_graphics_illusion_of_motion,Bruno_Penabranca,Austria,,Directional,,2025,Yes_B_Corporation,45_degree_Carbon_Highlights_High_Voltage,,Frostbite_Edges_enhanced_edge_hold,,All_major_brands_optimized_Burton_EST,,Expert,Burton,Mens,The_Channel_single_slot,Snowboard
WJYliImzXL,CAPiTA_MFG Spring_Break_Stairmaster,899.99,221,0.81,0.6,0.7,0.5,0.8,2.0,0.49,0.8,0.85,0.9,2882,1153,0.2,0.7,1.0,3,0.98,0.8,0.7,0.8,0.7,0.8,0.75,0.8,0.5,0.8,0.5,0.01,0.7,0.8,84,34,0.2,0.7,0.8,0.8,0.8,0.7,0.8,6,1.07,0.71,8,0.72,0.81,8,0.67,0.81,122,3,0.81,26,1,0.81,0,7,0.99,0,2,0.99,56,5,0.81,113,45,0.2,30,1,0.81,30,1,0.81,72,6,0.81,76,5,0.8,3,0.69,0.8,0.5,0.01,9,3.59,0.2,0.8,0.8,0.5,0.01,Ride_TwinPig,,Superdrive_ADV_Sintruded,,PLT_Topsheet_Technology_featherlight,Corey_Smith_Dr_Smith,Austria_MotherShip_Feistritz,,Twin_symmetrical,Special_Blend_Fiberglass_Biax_Magic_Bean,2027,100pct_clean_energy_hydro_solar,4x20mm_Carbon_Aramid_Boosters,ABS_sidewall,None_standard_steel_edges_only,Radial_single_radius,,,Intermediate_to_Advanced,CAPiTA,Mens,2x4_inserts,Snowboard
Wc72amuQ4U,Burton_Snowboards_Inc Counterbalance_Deco,759.99,115,1.0,0.8,0.7,1.0,0.95,3.0,0.25,1.0,0.7,0.8,2882,1153,0.2,0.85,0.96,7,0.98,0.8,0.75,0.7,0.5,0.01,0.8,0.8,0.6,0.7,0.5,0.01,0.5,0.8,84,34,0.2,0.7,0.8,0.8,0.8,0.8,0.8,8,1.34,0.54,8,3.03,0.2,8,3.11,0.2,119,47,0.2,26,10,0.2,2,7,0.95,8,2,1.0,55,22,0.2,113,45,0.2,30,12,0.2,30,12,0.2,73,29,0.2,80,32,0.2,3,0.69,0.8,0.5,0.01,9,3.59,0.2,0.7,0.8,0.5,0.01,Amplid_Souly_Grail_K2_Alchemist_US_Cadet_Jones_Flagship_Pro_etc,,Sintered_WFO_high_density_wax_infused,,,Sophie_Sellstrom_art_deco_floral,China_and_Austria,,Tapered_Directional,45_degree_Carbon_Highlights_tip_to_tail,2026,Reduces_carbon_footprint_50pct_vs_petroleum,Dualzone_EGD_engineered_grain_direction,,Frostbite_Edges_extended_beneath_bindings,,Channel_compatible_all_major_brands_EST_only_with_Channel,Combines_Deep_Thinker_Cartographer_original_Custom,Intermediate,Burton,Unisex,The_Channel_Burton_all_major_bindings,Snowboard
WcFu9U0WdM,Nitro_AG_Hunenberg_Switzerland Phase,799.99,136,0.93,0.55,0.7,0.5,0.8,2.0,0.25,0.98,0.5,0.01,2882,1153,0.2,0.7,0.6,6,2.42,0.2,0.5,0.01,0.5,0.01,0.65,0.7,0.5,0.01,0.3,0.8,0.5,0.01,84,34,0.2,0.5,0.01,0.5,0.01,0.5,0.01,6,0.45,1.0,6,0.74,0.8,8,3.11,0.2,119,47,0.2,26,10,0.2,15,7,1.0,5,2,0.2,54,6,0.7,109,3,1.0,30,1,1.0,30,12,0.2,65,3,1.0,80,32,0.2,3,1.26,0.2,0.5,0.01,10,0.45,1.0,0.5,0.01,0.5,0.01,Jones_Mountain_Twin_best_for_most_resort_riders,,Premium_Extruded_FH_Base,10.0,,,,,Directional,Bi_Lite_Laminates_biaxial,2027_Season_2026_27,Made_with_100pct_Solar_Power,No_carbon_reinforcement_unlike_Alternator,ABS_Sidewall_35pct_recycled_polymers,Recycled_Steel_Edge_50pct,Dual_Degressive,Nitro_Rambler_bindings,,Intermediate_Advanced,Nitro,Mens,2x4_Inserts,Snowboard
WowzaDBiX1,Mervin_Manufacturing Skunk_Ape,1169.99,115,1.0,0.75,0.8,0.5,0.01,2.13,0.85,0.2,0.7,0.7,2882,1153,0.2,0.65,0.7,6,2.42,0.2,0.85,0.8,0.85,0.8,0.85,0.8,0.6,0.8,0.5,0.01,0.5,0.01,84,34,0.2,0.5,0.01,0.5,0.01,0.5,0.01,7,0.45,1.0,8,0.38,1.0,8,3.11,0.2,119,47,0.2,26,10,0.2,1,7,1.0,5,2,0.2,60,5,0.8,115,3,1.0,30,1,1.0,30,12,0.2,75,9,0.6,80,32,0.2,3,0.84,0.7,0.5,0.01,9,3.59,0.2,0.5,0.01,0.5,0.01,Ride_Warpig_Superpig,,Sintered_Knife_Cut_Base,,Eco_Sublimated_Poly_Topsheet,Quincy_Quigg,Handbuilt_in_USA,,True_Twin,Tri_Ax_Bi_Ax_Fiber_with_Basalt_Alloy,2025_2026,FSC_certified_wood_core,UHMW_Tip_Tail_Impact_Deflection,Birch_Internal_UHMW_Sintered_Sidewall,Magne_Traction_serrated_edges,,,,Intermediate_Advanced,Lib_Tech,Mens,2x4_Inserts,
Wq0ZFMTUIQ,Nidecker_family_owned_Swiss_company Alpha,849.99,115,1.0,0.65,0.8,0.5,0.8,2.0,0.49,0.8,0.7,0.8,2882,1153,0.2,0.5,0.01,6,2.42,0.2,0.5,0.01,0.5,0.01,0.65,0.6,0.4,0.7,0.5,0.01,0.5,0.01,84,34,0.2,0.5,0.01,0.5,0.01,0.5,0.01,6,0.45,0.97,8,0.38,0.97,8,3.11,0.2,119,2,0.97,26,0,0.97,2,7,0.97,1,6,0.6,54,2,0.97,113,45,0.2,30,1,0.97,30,12,0.2,80,3,0.97,80,32,0.2,3,1.26,0.2,0.5,0.01,9,3.59,0.2,0.5,0.01,0.5,0.01,CAPiTA_Kazu_Kokubo_Pro_closest_competitor,,N-7000_Hybrid,,Absorbnid_vibration_absorbing,Mat_Crepel,,,Directional,Biax_Plus,2027,1pct_of_sales_to_environmental_initiatives,Pop_Carbon_strategic_carbon_fiber,,,,Compatible_with_any_binding,,Intermediate-Advanced,Nidecker,Mens,2x4_inserts_6_rows,Snowboard
XXtqENZp3h,Never_Summer_Industries Propaganda,599.99,119,0.94,0.65,0.7,1.0,1.0,2.13,0.85,0.2,0.6,0.6,2882,1153,0.2,0.5,0.01,6,2.42,0.2,0.7,0.7,0.85,0.62,0.8,0.7,0.5,0.73,0.5,0.01,0.5,0.01,84,34,0.2,0.5,0.01,0.5,0.01,0.5,0.01,6,0.45,1.0,7,1.04,0.6,8,3.11,0.2,125,2,0.99,25,1,0.59,8,3,0.2,5,2,0.2,55,22,0.2,113,45,0.2,30,1,0.99,30,12,0.2,68,4,0.93,80,32,0.2,3,1.26,0.2,0.5,0.01,9,3.59,0.2,0.5,0.01,0.5,0.01,CAPiTA_DOA_Defenders_of_Awesome,,Durasurf_Sintered_4501,,Poly_Thermo_Topsheet,,Denver_Colorado_USA,,True_Twin,Bi_Lite_Fiberglass,2024,None_explicitly_stated,Underfoot_Balancing_Stabilisers,Sintered_P_Tex_Sidewall,Full_Wrap_Metal_Edges,Vario_Power_Grip_Sidecut,,,Beginner_to_advanced_jibbers,Academy_Snowboards,Mens,Stainless_10mm_2x4_Inserts,Snowboard
Xrqyf8xW1D,Salomon_SAS_Annecy_France Indicator,1049.99,115,0.95,0.65,0.7,0.7,0.7,2.0,0.25,0.99,0.5,0.01,2882,1153,0.2,0.5,0.01,6,2.42,0.2,0.5,0.01,0.5,0.01,0.7,0.7,0.7,0.6,0.3,0.8,0.5,0.01,84,34,0.2,0.5,0.01,0.5,0.01,0.5,0.01,5,0.45,1.0,8,3.03,0.2,8,3.11,0.2,114,2,0.95,26,0,0.95,8,3,0.2,5,2,0.2,55,22,0.2,113,45,0.2,30,2,0.72,30,2,0.72,73,29,0.2,80,32,0.2,3,1.26,0.2,0.5,0.01,9,3.59,0.2,0.5,0.01,0.5,0.01,749.95,,50pct_Recycled_Sintered_Base,,Olive_wood_veneer_premium_sustainable,Wolfgang_Nyvelt_shaper_rider_20yrs_Asmo_founder,Factories_across_Europe_and_Asia_some_Made_in_China,,Tapered_Directional,BIAX_HD_Fiberglass,2027,Sustainability_cornerstone_of_design_development,Popster_milled_core_varying_thickness,66pct_Recycled_ABS_Sidewalls,,Radial_Sidecut,,,Intermediate-Advanced,Salomon,Mens_Womens_Unisex,2x4_Inserts,Snowboard
Xw8yyFV799, Superpig,1049.99,115,1.0,0.85,0.8,0.4,0.8,3.0,0.49,0.8,0.75,0.8,2580,809,0.5,0.85,0.96,7,0.98,0.8,0.5,0.7,0.7,0.8,0.75,0.7,0.4,0.8,0.5,0.01,0.5,0.8,84,34,0.2,0.7,0.8,0.8,0.8,0.5,0.8,8,0.95,0.77,6,0.9,0.7,7,0.69,0.8,115,2,1.0,27,0,1.0,0,7,1.0,10,2,1.0,56,6,0.7,113,45,0.2,32,1,1.0,32,1,0.8,82,6,0.8,92,8,0.6,5,0.84,0.7,0.5,0.01,9,3.59,0.2,0.7,0.8,0.5,0.01,YES_Hybrid_volume_shifted_directional,,Sintered_Stone_Ground_Race_Base_carbon_infused,,Topless_Topsheet_graphics_on_fiberglass,,Guangzhou_Province_China,,Tapered_Directional,Carbon_Infused_Glass_Carbon_Array_5_Double_Impact_Plates,2027,FSC_Certified_Materials_base_stickers_shipping_boxes,90deg_carbon_fibers_stitched_into_glass_pop_response,Carbon_Slimewalls_carbon_urethane_composite,Cleave_Edge_Steel_50pct_more_steel,Tapered_Bi_Radial_Sidecut,,,Intermediate_Advanced,Ride_Snowboards,Unisex,2x4_Inserts,Snowboard
YE75AiB2va,CAPiTA_Super_Corporation The_Black_Snowboard_of_Death,1299.99,115,1.0,0.7,0.7,0.4,0.8,2.0,0.25,0.99,0.85,0.8,2882,1153,0.2,0.5,0.01,6,2.42,0.2,0.65,0.8,0.5,0.01,0.65,0.6,0.6,0.8,0.5,0.01,0.5,0.01,84,34,0.2,0.5,0.01,0.5,0.01,0.5,0.01,6,0.83,0.82,8,0.9,0.7,8,3.11,0.2,120,2,0.96,26,0,0.96,2,7,0.96,5,2,0.2,56,2,0.96,113,45,0.2,30,1,0.96,30,12,0.2,72,3,0.96,80,32,0.2,3,1.26,0.2,0.5,0.01,9,3.59,0.2,0.5,0.01,0.5,0.01,Korua_Otto_Mercury_YES_NSB_Jones_MT_K2_Manifest,,Megadrive_XT_sintered_UHMW_carbon_fluro,,PLT_Technology,,Austria_Feistritz_ad_Gail,,Tapered_Directional,Holysheet_Tri_Tri_Fiberglass,2027,Certified_B_Corporation_score_98_9,4x20mm_Fairmat_Carbon_Amplifiers,Full_ABS1000_Sidewalls,,New_Age_Progressive_plus_Death_Grip,,,Advanced_Expert,CAPiTA,Mens,2x4_Inserts,Snowboard
YHkc5wG2xz,Never_Summer_Industries_Inc Proto_Slinger,664.99,115,0.95,0.7,0.8,1.0,0.99,3.0,0.49,0.8,0.8,0.8,2882,1153,0.2,0.8,0.8,5,1.2,0.7,0.8,0.8,0.5,0.01,0.7,0.7,0.7,0.8,0.5,0.01,0.5,0.01,84,34,0.2,0.5,0.01,0.5,0.01,0.5,0.01,4,0.45,0.99,8,1.17,0.5,8,3.11,0.2,119,2,0.92,25,0,0.92,0,7,0.99,0,2,0.92,55,22,0.2,113,45,0.2,30,1,0.92,30,12,0.2,80,6,0.8,80,32,0.2,4,0.97,0.6,0.5,0.01,9,3.59,0.2,0.5,0.01,0.5,0.01,Feels_like_higher_end_faster_GNU_Money,,Durasurf_XT_Sintered_5501,,Co_Extruded_Polymer_Topsheet_durable_lightweight,Sam_Anderson,Denver_Colorado_USA_handcrafted,,Asymmetrical_Twin,Bi_Lite_Fiberglass_lightweight_strong,2025_2024_2025_season,,Carbon_VXR_Laminate_Technology_torsional_pop,Sintered_UHMW_Polyethylene_Sidewalls,Full_Wrap_Metal_Edge,Asym_Vario_Power_Grip_Sidecut_multiple_radii,,Funslinger,Intermediate_to_Advanced,Never_Summer_Industries,Mens,2x4_Inserts,Snowboard
YerKncJ6rf, Highpath,629.99,115,1.0,0.7,0.9,0.0,0.99,2.0,0.49,0.8,0.5,0.01,2882,1153,0.2,0.75,0.7,6,1.2,0.7,0.9,0.9,0.65,0.6,0.8,0.8,0.5,0.8,0.5,0.01,0.7,0.8,84,34,0.2,0.6,0.7,0.8,0.6,0.8,0.6,8,0.45,0.97,8,3.03,0.2,8,3.11,0.2,118,2,0.93,26,0,0.93,20,8,0.93,4,6,0.49,55,22,0.2,113,45,0.2,30,1,0.93,30,1,0.8,78,4,0.93,85,5,0.8,3,0.69,0.8,0.5,0.01,9,3.59,0.2,0.8,0.8,0.5,0.01,Burton_Instigator_NS_Hammer_Korua_Otto_TL_DT_Yes_Basic_Cardiff_Lynx,,50pct_Recycled_Sintered_EG_Electra_Gallium,,Castor_bean_bio-based_topsheet,Nils_Mindnich_and_Victor_Daviet,China,,Tapered_Directional,BA_MD_Glass_Biaxial_Medium_Density,2025,28pct_bio_50pct_recycled_base_20pct_recycled_edges,Bamboo_veneers_reduce_fiberglass_resin_40pct,Recycled_ABS_Sidewalls,,Quadratic,,Salomon_Ultimate_Ride,Intermediate_to_Expert,Salomon,Unisex,2x4_Inserts,Snowboard
YmBH4HNLYB,Never_Summer_Industries Valhalla,1049.99,115,1.0,0.7,0.8,0.4,0.7,3.0,0.25,1.0,0.5,0.01,2882,1153,0.2,0.5,0.01,6,2.42,0.2,0.95,0.89,0.5,0.7,0.7,0.7,0.4,0.8,0.5,0.01,0.5,0.01,90,10,0.8,0.5,0.01,0.5,0.01,0.5,0.01,8,0.45,1.0,7,1.04,0.6,8,1.29,0.3,118,2,1.0,26,0,1.0,25,7,1.0,7,2,1.0,54,3,0.89,113,45,0.2,30,1,1.0,30,1,0.8,76,3,0.98,86,5,0.8,5,0.84,0.7,0.5,0.01,10,0.45,0.99,0.5,0.01,0.5,0.01,Jones_Flagship_ranked_1_freeride_flex_8_directional_rocker,,Durasurf_XT_Sintered_5501_Base,10.0,Co_Extruded_Polymer,,Denver_Colorado_USA,,Directional,Full_Recluse_Carbon_Web_STS_Pretensioned_Fiberglass_BiLite,2027,Prides_on_sourcing_materials_from_US_as_possible,Full_length_carbon_web_tip_to_tail_powerful_snap,Sintered_UHMW_Polyethylene,RIP_Edge_Hold_Technology_Rocker_Integrated_Performance,Five_different_radii_extra_contact_points,,,Intermediate_Advanced,Never_Summer,Mens,2x4,Snowboard
YngwBvpjlV,Bataleon_Snowboards_Low_Pressure_Studio Whatever,949.99,115,1.0,0.65,0.8,0.5,0.8,2.13,0.85,0.2,0.8,0.8,2940,265,0.95,0.5,0.01,6,2.42,0.2,0.5,0.8,0.75,0.7,0.75,0.7,0.3,0.8,0.75,0.8,0.5,0.01,86,6,0.93,0.5,0.01,0.5,0.01,0.5,0.01,5,0.53,0.93,8,0.38,1.0,8,3.11,0.2,120,2,1.0,26,0,1.0,0,7,1.0,5,2,0.2,57,5,0.8,113,45,0.2,30,1,1.0,30,12,0.2,81,3,1.0,80,32,0.2,2,0.69,0.8,0.5,0.01,9,3.59,0.2,0.5,0.01,0.5,0.01,Ride_Shadowban_hybrid_camber_quiver_killer,,Hyper_Glide_S_sintered,,,,Austria,,Directional_Twin,Bi-Ax_biaxial_fiberglass,2027,Flip_Flop_Base_minimizes_waste_offcuts,Carbon_Stringers,Urethane_Flex_Walls,Reduces_edge_catch_maintains_ollie_carving,,Standard_non_Burton_EST,,Intermediate,Bataleon,Unisex,2x4_Inserts,Snowboard
Z4Q0GblKxU,Nidecker_family_owned_Swiss_company_Rolle Beta,849.99,115,1.0,0.7,0.8,0.5,0.8,2.0,0.49,0.8,0.8,0.8,2882,1153,0.2,0.5,0.01,6,2.42,0.2,0.45,0.8,0.5,0.01,0.75,0.68,0.3,0.68,0.4,0.7,0.5,0.01,84,34,0.2,0.5,0.01,0.5,0.01,0.5,0.01,4,0.45,1.0,8,0.38,1.0,8,3.11,0.2,118,2,1.0,26,0,1.0,40,7,1.0,10,2,1.0,54,2,1.0,103,3,1.0,29,1,1.0,30,12,0.2,78,7,0.78,80,32,0.2,3,0.97,0.6,0.5,0.01,9,3.59,0.2,0.5,0.01,0.5,0.01,YES_PYL_Burton_FA_Jones_Flagship_Rossignol_XV_LibTech_BRD_etc,,N_7000_Hybrid_extruded_sintered_durability,,Absorbnid_vibration_absorbing_smooth_ride,,,,Tapered_Directional,Biax_Plus_90deg_weave_enhanced_power_transfer,2027,Made_from_most_sustainably_sourced_timber,Premium_Sandwich_Construction_carbon_stringers,,,,,,Intermediate_Advanced,Nidecker,Unisex_Mens_listed_under_mens,2x4_Inserts_6_rows,Snowboard
Z5ADFyMD1V,Mervin_Manufacturing Mayhem_Ripper_2027,1199.99,115,0.99,0.75,0.8,0.4,0.7,1.0,0.26,0.95,0.5,0.01,2760,260,0.96,0.5,0.01,6,2.42,0.2,0.7,0.8,0.35,0.8,0.75,0.7,0.4,0.8,0.5,0.01,0.05,0.8,73,5,0.94,0.5,0.01,0.5,0.01,0.5,0.01,6,0.45,0.96,8,0.74,0.8,8,0.69,0.8,119,47,0.2,26,1,0.63,0,7,0.97,5,2,0.2,57,5,0.8,113,3,0.97,30,2,0.63,30,2,0.63,65,9,0.6,75,8,0.6,3,1.26,0.2,0.5,0.01,9,3.59,0.2,0.95,0.9,0.5,0.01,Burton_Custom_Camber_679_95,,Sintered_Knife_Cut_Base,,Eco_Sublimated_Poly_Topsheet,Matt_Mayhem_Biolos_Lost_Surfboards,Sequim_Washington_USA,,True_Twin,Tri_Ax_Bi_Ax_Fiber,2027,Zero_hazardous_waste_production,3way_fiber_snap_decrease_vibrations,Birch_Internal_plus_UHMW_Sintered,No_Magne_Traction_traditional_edges,Progressive_twin_sidecut,All_standard_2x4_excludes_Burton_3D_EST,Lib_Tech_Mayhem_Rad_Ripper,Intermediate_Advanced,Lib_Tech,Mens,2x4_Inserts,Snowboard
Z6PFaeBlBM, Huck_Knife_Pro,692.99,115,0.99,0.75,0.8,0.4,0.6,2.0,0.65,0.65,0.5,0.01,2882,1153,0.2,0.5,0.01,6,2.42,0.2,0.8,0.8,0.5,0.01,0.8,0.8,0.5,0.8,0.5,0.01,0.5,0.01,84,34,0.2,0.5,0.01,0.5,0.01,0.5,0.01,9,1.08,0.7,8,3.03,0.2,8,3.11,0.2,122,2,0.99,26,0,0.99,0,7,0.99,5,2,0.2,55,22,0.2,113,45,0.2,30,1,0.99,30,1,0.9,65,3,0.99,78,5,0.8,3,1.26,0.2,0.5,0.01,9,3.59,0.2,0.5,0.01,0.5,0.01,Capita_DOA_HK_softer_more_jib_friendly,,Sintered_EG_Electra_Gallium,,Graphics_dont_look_great_ride_compensates,Dusty_Henricksen_and_Sven_Thorgren,Altenmarkt_Austria_AMER_factory,,True_Twin_symmetrical_centered,Triax_BA_MD_Glass_European_fiberglass,2025,30pct_bio_based_molecular_from_plants,Ghost_Carbon_Beams_tip_tail_pop_stability,ABS_Sidewalls_Gunslinger_carbon_inlays,,EQ_Rad_Sidecut_equalizer_radial_blend,,Salomon_Huck_Knife_standard,Advanced_Expert,Salomon,Mens,2x4_Inserts,Snowboard
ZVutVOH5yg,Nidecker_Group_NDK Rally_Cat,849.99,115,1.0,0.75,0.8,0.5,0.8,3.0,0.49,0.8,0.85,0.9,2700,260,1.0,0.5,0.01,6,2.42,0.2,0.5,0.01,0.5,0.01,0.8,0.8,0.5,0.8,0.5,0.7,0.5,0.01,84,34,0.2,0.5,0.01,0.5,0.01,0.5,0.01,3,1.13,0.68,8,0.38,1.0,9,0.35,1.0,115,2,0.95,25,0,1.0,20,7,1.0,0,2,1.0,54,2,0.99,106,3,1.0,29,1,0.8,30,12,0.2,61,3,0.99,80,32,0.2,3,1.26,0.2,0.5,0.01,9,3.59,0.2,0.5,0.01,0.5,0.01,Capita_Space_Metal_Fantasy_Jones_Airheart_K2_Coldshoulder_Gnu_Velvet,,Sintered_8000_UHMWPE_carbon_ultra_fast_durable,,Premium_Topsheet_durable_scratch_resistant,Inaki_Odriozola,Dubai_UAE_SWS_Factory,,Directional_Twin,Biaxial_Fiberglass_dual_layer_dual_directional,2027,100pct_solar_power_since_2020_89pct_CO2_drop,,Recycled_ABS_rounded_finish_deflects_impact,Medium_Traction_Tech_strategic_contact_points,Progressive_Sidecut,,,Beginner_Intermediate,Jones_Snowboards,Mens,2x4_Inserts_Standard_Pack,Snowboard
ZZn9P07a0u,Never_Summer_Industries V_Twin,1049.99,117,0.95,0.7,0.8,0.5,0.8,3.0,0.49,0.8,0.85,0.8,3120,260,0.98,0.5,0.01,6,2.42,0.2,0.9,0.9,0.55,0.7,0.7,0.7,0.5,0.8,0.5,0.01,0.5,0.01,87,5,0.98,0.5,0.01,0.5,0.01,0.5,0.01,6,0.46,0.95,8,1.04,0.6,8,0.97,0.6,122,2,0.95,26,0,0.95,0,7,0.95,0,2,0.95,55,22,0.2,113,45,0.2,31,1,0.95,30,1,0.9,76,3,0.95,79,5,0.8,1,0.49,0.9,0.5,0.01,9,3.59,0.2,0.5,0.01,0.5,0.01,CAPiTA_DOA_true_twin_flex6_camber_park_549,,Durasurf_XT_Sintered_5501_graphite_infused,,Co_Extruded_Polymer_scratch_chip_resistant_stomp_pad,Tracey_Canaday_co_founder,Denver_Colorado_USA_handcrafted,,True_Twin,Bi_Lite_Fiberglass_STS_ultralight,2027_FW_2026_27,,Full_Recluse_Carbon_Web_20deg_torsional_longevity,UHMW_Polyethylene,RIP_Edge_Hold_Technology_wave_base_high_pressure,Power_Grip_Sidecut_Vario_multiple_radii,,,Intermediate_Advanced,Never_Summer,Mens,2x4_Inserts,Snowboard
aU2qFOCVPH,Burton_Snowboards_founded_1977 Family_Tree_Smooth_Operator,1199.99,115,0.95,0.75,0.7,0.8,0.8,3.0,0.49,0.8,0.85,0.8,2882,1153,0.2,0.85,0.98,8,0.98,0.8,0.55,0.7,0.5,0.01,0.7,0.7,0.6,0.8,0.5,0.01,0.2,0.8,84,34,0.2,0.7,0.8,0.7,0.8,0.7,0.8,6,1.12,0.68,9,0.44,0.93,8,3.11,0.2,118,2,0.93,25,0,0.93,12,7,0.99,10,2,0.99,54,3,0.93,113,45,0.2,29,1,0.93,30,12,0.2,80,4,0.93,80,32,0.2,4,0.84,0.7,0.5,0.01,10,0.45,0.96,0.7,0.8,0.5,0.01,Korua_Dart_Cafe_Racer_Weston_Japow_Moss_Gentemstick_etc,,Sintered_WFO,10.0,Audubon_bird_themed_topsheets_2026,Masanori_Takeuchi,Austria_Keil_facility_Uttendorf,,Tapered_Directional,45_degree_Carbon_Highlights_tip_to_tail,2026,FSC_Certified_C124994,Yes_tip_to_tail_carbon_layer,,,,All_Channel_compatible_bindings_best_with_EST,Family_Tree_Sensei_by_Takeuchi,Intermediate_Advanced,Burton,Unisex,The_Channel_single_channel_system,Snowboard
aiSeM4Zayv,Jones_Snowboards_Nidecker_US_Inc Freecarver_6000s,1149.99,115,1.0,0.85,0.8,1.0,0.86,2.5,0.92,0.3,0.5,0.3,6600,724,0.6,0.9,0.8,6,0.98,0.8,0.85,0.8,0.5,0.01,0.85,0.8,0.4,0.8,0.5,0.7,0.2,0.8,84,34,0.2,0.7,0.8,0.7,0.8,0.2,0.8,6,0.45,0.99,6,0.38,1.0,7,0.35,1.0,128,2,1.0,26,0,1.0,40,7,1.0,9,2,1.0,56,2,1.0,122,3,1.0,33,1,1.0,30,12,0.2,70,3,1.0,82,8,0.6,5,0.84,0.7,0.5,0.01,9,3.59,0.2,0.95,0.9,0.5,0.01,Nidecker_Blade_Plus_699_95_stiffness_8_10,,Sintered_8000_Base,,FSC_Ash_Wood_Veneer,Jeremy_Jones,Dubai_UAE_SWS_factory,,Tapered_Directional,Biax_Fiberglass_dual_layer_dual_directional,2027,1pct_for_the_Planet_Fair_Trade_certified,BComp_Carbon_Flax_Stringer,Recycled_ABS,Traction_Tech_3_0_three_bumps_per_edge,Progressive_Sidecut,Standard_2x4_compatible_all_major_bindings,,Intermediate_to_Expert,Jones_Snowboards,Unisex,2x4_Inserts_Standard_Pack,Snowboard
avLVK2Z434,Never_Summer_Industries_Denver_Colorado_USA Llama,1049.99,122,0.94,0.7,0.8,0.5,0.6,3.0,0.25,0.99,0.5,0.01,2882,1153,0.2,0.7,0.97,6,0.98,0.8,0.85,0.73,0.5,0.01,0.5,0.5,0.7,0.8,0.55,0.7,0.8,0.8,84,34,0.2,0.7,0.8,0.8,0.8,0.8,0.8,4,0.45,0.96,8,3.03,0.2,8,3.11,0.2,119,47,0.2,26,10,0.2,0,7,0.95,0,2,0.95,55,22,0.2,113,45,0.2,30,12,0.2,30,12,0.2,73,29,0.2,80,32,0.2,3,0.69,0.8,0.5,0.01,6,0.45,0.99,0.7,0.8,0.5,0.01,Salomon_Huck_Knife,,Durasurf_XT_Sintered_5501_graphite_infused,6.0,Co_Extruded_Polymer_Topsheet_builtin_stomp_pad,Jimbo_Phillips_Santa_Cruz_CA,Denver_Colorado_handcrafted,,Asymmetrical_Twin,Bi_Lite_Fiberglass_STS_Pre_Tensioned,2027,Majority_of_materials_sourced_from_USA,Carbon_VXR_Laminate_carbon_V_inserts_to_edge,UHMW_Sidewalls_Ultra_High_Molecular_Weight_PE,Fullwrap_Metal_Edge,Power_Grip_Sidecut_multiple_radii_flat_middle,Any_standard_2x4_binding,Proto_Slinger,All,Never_Summer,,2x4_Inserts,Snowboard
aymsCkOTgs,CAPiTA_Snowboards_founded_Seattle_2000 Aeronaut,1199.99,115,1.0,0.9,0.8,0.3,0.7,2.0,0.49,0.8,0.7,0.7,2882,1153,0.2,0.85,0.96,6,0.98,0.8,0.5,0.7,0.5,0.01,0.75,0.7,0.4,0.8,0.5,0.01,0.5,0.8,84,34,0.2,0.7,0.8,0.8,0.8,0.7,0.8,6,1.26,0.59,8,0.9,0.7,8,3.11,0.2,122,2,1.0,25,0,1.0,2,7,0.95,5,2,0.95,56,2,1.0,113,45,0.2,29,1,1.0,30,12,0.2,70,3,1.0,86,5,0.8,4,0.84,0.7,0.5,0.01,9,3.59,0.2,0.8,0.8,0.5,0.01,Amplid_Souly_Grail_Korua_Otto_K2_Manifest_Yes_Typo_Jones_Frontier_others,,Hyperdrive_ADV_XT_sintered_PE_extra_thick,,PLT_Technology_Metallic_Screen_with_Metallic_Underlay,Arthur_Longo_Rocket_Man,The_MotherShip_Feistritz_Austria,,Tapered_Directional,Holysheet_Tri_Bi_triaxial_above_biaxial_below,2026,100pct_clean_energy_hydroelectric_solar,3x25mm_CarbonFlax_Amplifier,,,Progressive_two_or_more_radii,Save_15pct_pairing_CAPiTA_with_Union_bindings_ERIKS,,Advanced_Expert,CAPiTA,Mens,2x4_Inserts,Snowboard
b8hNkXMv2o,Nitro_AG_Hunenberg_Switzerland Optisym,799.99,115,0.98,0.6,0.7,0.5,0.8,2.0,0.49,0.8,0.8,0.64,2882,1153,0.2,0.5,0.01,6,0.56,0.93,0.5,0.01,0.5,0.01,0.7,0.7,0.6,0.8,0.5,0.01,0.5,0.01,86,6,0.93,0.5,0.01,0.5,0.01,0.5,0.01,6,0.45,1.0,6,0.74,0.8,8,3.11,0.2,119,47,0.2,26,0,0.99,0,7,1.0,5,2,0.2,52,5,0.8,109,3,0.99,30,1,0.99,30,1,0.9,70,3,0.99,80,8,0.6,3,1.26,0.2,0.5,0.01,10,0.45,0.99,0.5,0.01,0.5,0.01,Arbor_Danny_Kass_Park_Pro_stiffer_549_95,,Sintered_EcoSpeed_HD_Base,10.0,,,Playmaker_factory_Taiwan,,Asym_Twin,Bi_Lite_Laminates,2027,32.2_kg_CO2,Powerwall_Ureshred_sidewall_in_core_heelside,Ureshred_Polyurethane_Sidewalls,Recycled_Railkiller_Edges_50pct_recycled_steel,Dual_Degressive,,,Intermediate_Advanced,Nitro,Mens,2x4_Inserts,Snowboard
bKCMKtaFSN,Burton_Corporation_founded_1977 Rewind,639.99,201,0.84,0.85,0.7,1.0,1.0,3.0,0.49,0.8,0.7,0.8,2882,1153,0.2,0.5,0.01,4,1.2,0.7,0.8,0.8,0.5,0.01,0.5,0.01,0.5,0.01,0.5,0.01,0.7,0.5,84,34,0.2,0.7,0.7,0.9,0.8,0.5,0.01,2,1.34,0.54,8,0.5,0.91,8,0.46,0.91,118,2,0.91,25,0,0.91,0,7,0.95,5,2,0.2,56,3,0.91,113,45,0.2,29,1,0.91,30,1,0.9,68,4,0.91,80,5,0.8,3,1.26,0.2,0.5,0.01,9,3.59,0.2,0.82,0.6,0.5,0.01,Capita_Ultrafear_2026_549_95,,Sintered_durable_superior_wax_absorption,,Spray_paint_on_cardboard_punk_graffiti,,Keil_factory_Austria_RD_Burlington_VT,,True_Twin,Womens_Specific_Triax_Fiberglass_torsionally_softer,2026,B_Corporation_first_snowboard_company,Carbon_I_Beam_ultralight_backbone,,Off_Axis_Frostbite_Edges_extended_sidewall_bite,Single_radius_per_size_6_6m_to_7_7m,,Previously_womens_specific_now_unisex_2026,Beginner_to_Intermediate,Burton,Unisex,The_Channel_all_major_bindings_best_with_EST,Snowboard
bi0hABFxYL, Team_Pro,999.99,115,0.95,0.6,0.7,0.8,0.7,2.0,0.7,0.6,0.5,0.01,2882,1153,0.2,0.5,0.01,6,2.42,0.2,0.8,0.5,0.5,0.01,0.65,0.7,0.6,0.69,0.5,0.01,0.5,0.01,84,34,0.2,0.5,0.01,0.5,0.01,0.5,0.01,8,0.45,0.96,7,0.74,0.8,7,0.69,0.8,119,47,0.2,25,0,1.0,15,7,1.0,5,2,0.2,52,6,0.7,117,3,1.0,30,1,1.0,30,1,0.8,70,3,1.0,75,5,0.8,3,1.26,0.2,0.5,0.01,9,3.59,0.2,0.5,0.01,0.5,0.01,Burton_Custom_directional_twin_full_camber,,Sintered_Speed_Formula_II,,,Marcus_Kleveland_dedicated_MK_version,,,Directional_Twin,Bi_Lite_Laminates_two_direction_fibres,2027,Made_with_100pct_solar_energy_700KW,Carbon_Tape_single_strip,ABS_35pct_recycled_cold_resistant,Strong_durable_multiple_sharpenings,Dual_Degressive_Sidecut_loose_playful,Any_standard_or_mini_disc_binding,Nitro_Team_standard_EcoSpeed_HD,Advanced_to_Expert,Nitro,Mens_Unisex,2x4_Inserts,Snowboard
bpxrVBkB2J,Burton_Snowboards_Burlington_VT_B_Corp Blossom,679.99,115,1.0,0.8,0.7,0.8,0.8,3.0,0.49,0.8,0.5,0.01,2900,260,0.95,0.5,0.01,6,2.42,0.2,0.7,0.8,0.5,0.01,0.5,0.01,0.4,0.8,0.5,0.01,0.5,0.01,87,5,0.95,0.5,0.01,0.5,0.01,0.5,0.01,8,0.52,0.93,8,0.38,1.0,8,0.35,1.0,118,2,1.0,25,0,1.0,0,7,1.0,5,2,0.2,56,2,1.0,113,45,0.2,29,1,1.0,30,1,1.0,68,3,1.0,80,5,0.8,4,0.36,0.95,0.5,0.01,10,0.45,1.0,0.5,0.01,0.5,0.01,CAPiTA_DOA_463_96_hybrid_camber_twin_flex_5_5,,Recycled_Sintered_WFO,10.0,Playful_frog_stencil_bright_lily_pad,Zeb_Powell_Luke_Winkelmann_Brock_Crouch_Zoi_Sadowski_Synnott_Niels_Schack,,,True_Twin,Triax_Fiberglass,2026,Super_Sap_Epoxy_50pct_carbon_reduction,Dualzone_EGD,,Frostbite_Edges_enhanced_edge_hold,Single_radius,EST_and_all_major_brands,Burton_Paramount,Intermediate_to_Advanced_Expert,Burton,Unisex,The_Channel_micro_adjustable,Snowboard
bqRVetx7i8, Fintwin,799.99,115,0.97,0.55,0.7,1.0,0.97,2.13,0.85,0.2,0.5,0.01,2600,724,0.6,0.7,0.96,8,0.98,0.8,0.65,0.8,0.8,0.8,0.7,0.7,0.5,0.7,0.5,0.01,0.2,0.8,84,34,0.2,0.5,0.8,0.5,0.8,0.5,0.01,7,0.45,0.99,7,0.74,0.8,8,3.11,0.2,119,47,0.2,26,0,0.95,2,7,0.95,4,3,0.89,56,5,0.75,112,3,0.95,32,1,0.95,30,12,0.2,75,9,0.6,80,32,0.2,3,0.69,0.8,0.5,0.01,9,3.59,0.2,0.7,0.8,0.5,0.01,Korua_Transition_Finder_Stratos,,Premium_Extruded_FH_Base,,EcoGuard_90pct_post_industrial_recycled,Bryan_Fox_and_Tommy_Delago,Taiwan_Playmaker_factory,,Tapered_Swallowtail,Bi_Lite_Laminates_two_direction_fibers,2026,Green_Speed_Natural_Wax_100pct_biodegradable,,ABS_Sidewall_flexible_impact_resistant,Recycled_Steel_Edge,Progressive_Sidecut,,,Advanced,Nitro,Unisex,2x4_Inserts,Snowboard
bsef1VWgif, Blossom,879.99,115,1.0,0.8,0.7,0.75,0.7,3.0,0.49,0.8,0.5,0.01,2900,260,0.99,0.5,0.01,6,2.42,0.2,0.75,0.8,0.5,0.01,0.5,0.01,0.5,0.01,0.5,0.01,0.5,0.01,87,5,0.99,0.5,0.01,0.5,0.01,0.5,0.01,6,1.13,0.67,8,0.47,0.92,8,0.44,0.92,118,2,0.92,25,0,0.92,0,9,0.92,5,2,0.2,56,3,0.92,113,45,0.2,29,1,0.92,30,1,0.92,68,4,0.92,80,5,0.8,3,1.26,0.2,0.5,0.01,10,0.56,0.92,0.5,0.01,0.5,0.01,Yes_Jackpot_cheaper_jumps_edge_hold,,Sintered_WFO,10.0,Weathered_thermochromic_graphic_by_Niels_Schack,Zeb_Powell_and_Luke_Winkelmann,,,True_Twin,Triax_Fiberglass,2027,,Carbon_I_Beam,,Frostbite_Edges,,,,Intermediate-Advanced,Burton,Unisex_Gender_neutral,The_Channel,Snowboard
bzqEAxcLdM,Mervin_Manufacturing Mayhem_Rad_Ripper,959.99,226,0.8,0.75,0.8,0.65,0.6,1.0,0.49,0.8,0.5,0.01,2760,442,0.85,0.5,0.01,6,2.42,0.2,0.75,0.8,0.5,0.01,0.5,0.01,0.5,0.01,0.6,0.6,0.5,0.01,73,8,0.85,0.5,0.01,0.5,0.01,0.5,0.01,6,0.48,0.94,8,0.74,0.8,8,0.69,0.8,119,47,0.2,26,0,0.95,0,7,1.0,5,2,0.2,57,5,0.8,113,3,0.99,30,1,0.94,30,1,0.94,65,9,0.6,75,8,0.6,3,1.26,0.2,0.5,0.01,9,3.59,0.2,0.5,0.01,0.5,0.01,Mayhem_Rocket_659.99,,Sintered_Knife_Cut_Base,,,Matt_Mayhem_Biolos,Carlsborg_Washington_USA,,True_Twin,Tri_Ax_Bi_Ax_Fiberglass,2025-2026,FSC_pure_certified_wood_cores,,Birch_Internal_UHMW_Sintered,Magne_Traction,Progressive_twin_sidecut,,Second_year_Rad_Ripper_first_was_2024_2025,Advanced_to_expert_park_or_all_mountain_freestyle,Lib_Tech,Mens,2x4_Inserts,Snowboard
cGQS0loLxm,Low_Pressure_Studio_Nidecker_Group Goliath,1079.99,196,0.85,0.5,0.01,0.5,0.7,3.0,0.49,0.8,0.6,0.6,2450,724,0.6,0.5,0.01,6,2.42,0.2,0.65,0.6,0.5,0.01,0.65,0.6,0.2,0.8,0.75,0.8,0.5,0.01,84,34,0.2,0.5,0.01,0.5,0.01,0.5,0.01,6,0.45,1.0,8,0.38,0.99,8,0.35,0.99,120,2,0.99,25,0,0.99,3,7,0.94,5,2,0.2,57,5,0.8,113,45,0.2,30,1,0.99,31,1,0.8,77,3,0.99,85,5,0.8,2,0.69,0.8,0.5,0.01,9,3.59,0.2,0.5,0.01,0.5,0.01,Jones_Mountain_Twin_better_edge_hold,,Ultra_Glide_S_sintered_7000,,,,Austria_CAPiTA_Mothership,,Directional_Twin,Tri_Axial_lamination,2027,,Carbon_Stringers,Flex_Walls_Urethane_Poured_Sidewalls,,,Standard_2x4_compatible_non_Burton_EST,,Progressing_all_conditions,Bataleon,Mens,2x4_inserts,Snowboard
cRYhKd71A7,Rome_Snowboards_Waterbury_VT Agent_Pro,1129.99,123,0.94,0.7,0.8,0.5,0.8,2.0,0.49,0.8,0.8,0.8,2500,724,0.6,0.85,0.97,6,0.98,0.8,0.65,0.8,0.5,0.01,0.85,0.8,0.6,0.7,0.75,0.8,0.7,0.8,84,34,0.2,0.7,0.8,0.9,0.8,0.8,0.8,7,0.45,0.98,8,0.38,1.0,8,3.11,0.2,122,2,1.0,26,0,1.0,0,7,1.0,0,2,1.0,55,5,0.8,115,3,1.0,30,12,0.2,30,12,0.2,70,5,0.85,80,32,0.2,3,0.69,0.8,0.5,0.01,7,0.45,1.0,0.8,0.8,0.5,0.01,NS_Protosynthesis_Yes_Greats_Stone_Message_Lib_Box_Knife_Yes_Basic_Ride_TwinPig,,SinterSpeed_Base,7.0,,,SWS_Boards_Dubai,,True_Twin,Biax_Upper_Glass,2027,,Twin_Single_Carbon_Omega_HotRods,Twin_Flax_Walls,,Radial_Sidecut,2x4_pattern_most_modern_bindings_compatible,Rome_Agent,Advanced_to_Expert,Rome_SDS,Mens,2x4_Inserts,Snowboard
cVAb0LOBkf,Nidecker_Group Mens_Disaster,839.99,115,0.97,0.6,0.7,0.5,0.7,3.0,0.25,0.99,0.85,0.8,2880,260,0.96,0.5,0.01,6,2.42,0.2,0.35,0.35,0.5,0.01,0.8,0.8,0.3,0.8,0.75,0.8,0.5,0.01,90,5,0.94,0.5,0.01,0.5,0.01,0.5,0.01,2,0.49,0.94,7,0.74,0.8,7,0.69,0.8,120,2,0.98,25,0,0.98,0,7,1.0,5,2,0.2,55,2,0.98,113,45,0.2,31,1,0.98,30,1,0.98,82,3,0.97,77,5,0.8,1,0.49,0.9,0.5,0.01,9,3.59,0.2,0.5,0.01,0.5,0.01,CAPiTA_DOA_allmt_freestyle_twin_hybrid_camber_580usd,,Hyper_Glide_S_sintered,,,Rixon_pro_model,Asia_China_or_Saudi_Arabia,,True_Twin,Bi_Ax_biaxial_fibreglass,2027,,,Flex_Walls_urethane_poured,Triple_Base_Technology_3BT,Tri_radial_three_radius,Standard_2x4_compatible_all_major_brands,,Intermediate,Bataleon,Mens,2x4_Inserts,Snowboard
cx7VleNkz6, Warpig,949.99,115,1.0,0.8,0.8,0.6,0.7,3.0,0.49,0.8,0.5,0.5,2882,1153,0.2,0.5,0.7,6,2.42,0.2,0.6,0.6,0.8,0.8,0.75,0.7,0.5,0.8,0.5,0.01,0.5,0.01,4,7,0.9,0.5,0.01,0.5,0.01,0.5,0.01,6,0.61,0.9,6,0.9,0.7,8,3.11,0.2,115,2,1.0,27,0,1.0,0,7,1.0,10,3,0.92,56,6,0.7,113,45,0.2,32,1,1.0,30,12,0.2,82,6,0.8,80,32,0.2,3,1.26,0.2,0.5,0.01,9,3.59,0.2,0.5,0.01,0.5,0.01,Lib_Tech_Orca_better_edge_hold_less_park,,Sintered_4000_PTEX_Stone_Ground,,Topless_graphics_on_fiberglass,,China,,Tapered_Directional,Hybrid_Glass_triax_top_biax_base,2027,30pct_recycled_steel_in_edges,Carbon_Array_3_three_carbon_stringers,Slim_Walls_3D_composite_Slimewall_urethane,Cleave_Edge_Steel_50pct_more,Tapered_Bi_Radial_Sidecut,,,Beginner_Intermediate_Advanced,Ride_Snowboards,Unisex,2x4_Inserts,Snowboard
dPhHewTgQT,Salomon_SAS_Annecy_France Sight,649.99,115,1.0,0.8,0.9,0.8,0.7,2.0,0.49,0.8,0.75,0.8,2600,724,0.6,0.7,0.95,3,0.98,0.8,0.5,0.7,0.7,0.8,0.5,0.01,0.5,0.01,0.5,0.01,0.5,0.8,84,34,0.2,0.2,0.8,0.7,0.7,0.65,0.7,4,0.97,0.76,8,3.03,0.2,8,3.11,0.2,118,2,0.95,25,0,0.95,2,20,0.61,1,4,0.8,55,22,0.2,113,45,0.2,30,1,0.95,30,1,0.8,78,3,0.99,80,5,0.8,3,0.69,0.8,0.5,0.01,9,3.59,0.2,0.68,0.7,0.5,0.01,Burton_Instigator_Cultivator,,Electra_harder_extruded_compound,,,,,,Tapered_Directional,BA_MD_medium_density,2026,FSC_certified_wood_core,Royal_Cork_Rails_4mm_ABS_damping,Recycled_ABS_sidewalls,Recycled_edges,Quadratic_sidecut_elliptic_curves,Standard_insert_pattern,Salomon_Ace,Intermediate-Advanced,Salomon,Mens,2x4_Inserts,Snowboard
dxMgXergiQ,Jones_Snowboards_Nidecker_US_Inc Mens_Tweaker_2.0,949.99,115,1.0,0.75,0.8,0.5,0.7,2.0,0.49,0.8,0.7,0.7,2800,260,0.99,0.6,0.7,5,1.2,0.7,0.85,0.8,0.5,0.01,0.7,0.7,0.3,0.8,0.5,0.7,0.5,0.01,84,34,0.2,0.5,0.01,0.5,0.01,0.5,0.01,4,0.45,0.99,8,0.38,0.99,8,3.11,0.2,122,2,0.99,25,0,0.99,0,7,0.99,0,2,1.0,56,2,0.99,114,3,0.99,30,1,0.99,30,12,0.2,70,3,0.99,80,32,0.2,2,0.69,0.8,0.5,0.01,10,0.45,0.98,0.5,0.01,0.5,0.01,Burton_Process_similar_AM_versatility,,Sintered_8000_UHMWPE_carbon_fast_durable,10.0,Premium_Topsheet_durable_scratch_resistant,Jimmy_Goodman,Dubai_SWS_Board_Technology,,True_Twin_symmetrical,Biaxial_Fiberglass,2027,Fair_Trade_Certified_first_snowboard_brand,BComp_Carbon_Flax_Stringer_pop_chatter_absorption,Recycled_ABS_rounded_finish_reduces_chipping,Traction_Tech_3.0_three_bumps_per_edge,Progressive_radius_more_aggressive_near_contact_points,,Jones_Tweaker_original_2022_23,Intermediate_to_Expert,Jones_Snowboards,Mens,2x4_inserts,Snowboard
eGtv1qTIAr, Skunk_Ape_Camber,1169.99,127,0.94,0.75,0.8,0.5,0.8,2.13,0.85,0.2,0.6,0.7,2850,724,0.6,0.5,0.3,6,2.42,0.2,0.5,0.01,0.5,0.01,0.85,0.8,0.5,0.8,0.5,0.01,0.5,0.01,84,34,0.2,0.5,0.01,0.5,0.01,0.5,0.01,7,0.45,0.98,8,0.38,1.0,8,0.97,0.6,119,47,0.2,27,0,1.0,1,7,1.0,5,2,0.2,60,5,0.8,115,3,1.0,30,1,1.0,31,1,0.8,75,9,0.6,70,8,0.6,4,0.69,0.8,0.5,0.01,9,3.59,0.2,0.95,0.9,0.5,0.01,Burton_Custom_X_Wide,,Sintered_Knife_Cut_Base,,Eco_Sublimated_Poly_Topsheet,Quincy_Quigg,Sequim_WA_USA,,Directional_Twin,Tri_Ax_Bi_Ax_Fiber_with_Basalt_Alloy,2027,FSC_certified_core,UHMW_Tip_Tail_Impact_Deflection,Birch_internal_vertical_end_grain,Magne_Traction_7_serrations,,,,Intermediate_Expert,Lib_Tech,Mens,2x4_Inserts,Snowboard
eHoaVaRvOu,5th_Element_Gear_independently_owned Grid,399.99,175,0.88,0.4,0.8,0.5,0.6,2.0,0.49,0.8,0.5,0.01,2882,1153,0.2,0.5,0.01,6,2.42,0.2,0.5,0.55,0.5,0.01,0.5,0.01,0.5,0.01,0.5,0.01,0.5,0.01,84,34,0.2,0.5,0.01,0.5,0.01,0.5,0.01,3,1.25,0.6,8,0.64,0.85,8,0.97,0.6,121,3,0.85,25,1,0.85,0,18,0.7,5,2,0.2,55,22,0.2,113,45,0.2,20,1,0.85,21,1,0.8,85,6,0.85,95,5,0.8,3,0.97,0.6,0.5,0.01,9,3.59,0.2,0.5,0.01,0.5,0.01,Nitro_Prime_Raw_2026_349_95,,Strong_base_easy_to_care_for,,,,,,Directional_Twin,,Available_since_at_least_2022_2023_season,,,,,,,,Beginner_to_intermediate,5th_Element,Mens_Unisex_Adult,4x4,Snowboard
eoq4Dj1tuM, Disaster_Plus,1039.99,122,0.94,0.65,0.8,1.0,1.0,3.0,0.49,0.8,0.85,0.8,2882,1153,0.2,0.5,0.01,6,2.42,0.2,0.6,0.6,0.1,0.8,0.75,0.8,0.3,0.8,0.75,0.8,0.5,0.01,84,34,0.2,0.5,0.01,0.5,0.01,0.5,0.01,4,1.09,0.69,8,0.43,0.93,8,0.4,0.93,120,5,0.51,25,1,0.51,8,3,0.2,5,2,0.2,57,5,0.8,113,45,0.2,31,2,0.51,30,2,0.51,80,3,1.0,82,5,0.8,1,0.49,0.9,0.5,0.01,9,3.59,0.2,0.5,0.01,0.5,0.01,CAPiTA_Horrorscope_GNU_Head_Space_Ride_Twinpig,,Hyper_Glide_S_sintered,,New_shape_marked_2025_26,Mikey_B,Austria_Mothership,,True_twin_symmetric,Biaxial,2027,100pct_clean_energy_carbon_neutral_hydro,Carbon_stringers_fine_tune_flex,Flex_Walls_Urethane_Poured,,,2x4_compatible_any_standard_mini_disc,,Intermediate_to_Advanced,Bataleon,Mens_unisex,2x4_Inserts,Snowboard
eujXkonNfq,Burton_Snowboards_founded_1977_Vermont Custom_Camber,1049.99,115,0.99,0.85,0.7,0.5,0.01,2.13,0.85,0.2,0.6,0.6,2882,1153,0.2,0.5,0.01,6,2.42,0.2,0.5,0.01,0.8,0.7,0.5,0.01,0.5,0.8,0.5,0.01,0.5,0.01,84,34,0.2,0.5,0.01,0.5,0.01,0.5,0.01,6,1.16,0.66,8,0.38,0.99,8,0.35,0.99,120,2,0.99,25,0,0.99,12,7,0.99,5,2,0.2,53,2,0.99,113,45,0.2,29,1,0.99,30,1,0.9,80,3,0.99,80,5,0.8,3,1.26,0.2,0.5,0.01,10,0.45,0.99,0.5,0.01,0.5,0.01,Custom_excels_precise_carving_strong_jump_performance,,Sintered_WFO,10.0,Ride_to_paradise_jungle_landscape,,,,Directional_Twin,45_degree_Carbon_Highlights,2027,B_Corporation_certified,Pro_Tip_and_Infinite_Ride,,Frostbite_Edges_half_mm_extension,,Compatible_with_all_major_bindings,,Intermediate_to_Expert,Burton_Snowboards,Mens,The_Channel,Snowboard
fpuplB1wbb,Jones_Snowboards_Nidecker_Group Mens_Flagship_Pro,1599.99,115,0.99,0.8,0.8,0.5,0.8,3.0,0.7,0.6,0.8,0.8,2882,1153,0.2,0.85,0.8,6,2.42,0.2,0.8,0.78,0.85,0.7,0.75,0.7,0.4,0.8,0.4,0.7,0.5,0.01,84,34,0.2,0.5,0.01,0.5,0.01,0.5,0.01,10,0.78,0.85,8,0.38,0.99,8,3.11,0.2,118,2,0.99,25,0,0.99,20,7,0.99,12,3,0.9,60,2,0.99,113,45,0.2,29,1,0.99,30,12,0.2,70,3,0.98,80,32,0.2,6,1.06,0.52,0.5,0.01,9,3.59,0.2,0.5,0.01,0.5,0.01,CAPiTA_Mercury_680_best_AM_freeride_Outside,,Sintered_9900_Base_carbon_enhanced,,Premium_topsheet_ash_wood_veneer,Jeremy_Jones_founder_big_mountain,SWS_Board_Technology_Dubai_UAE,,Tapered_Directional,Basalt_Pro_Layup_with_Koroyd_and_Bio_Resin,2027,Fair_Trade_Certified_first_snowboard_hardgoods_brand,Basalt_fiber_laminates_replacing_carbon_fiber,Recycled_ABS_with_round_finish,Traction_Tech_3_0_three_bumps_per_edge,,Standard_2x4_compatible_most_bindings,Jones_Ultra_Flagship,Advanced_Expert,Jones_Snowboards,Mens,2x4_Inserts,Snowboard
fzeHUs5jlf,Burton_Snowboards_founded_1977_Vermont Instigator,629.99,115,0.99,0.95,0.9,1.0,0.98,3.0,0.25,0.99,0.8,0.8,2882,1153,0.2,0.5,0.8,7,0.98,0.8,0.9,0.9,0.5,0.01,0.65,0.6,0.6,0.8,0.5,0.01,0.5,0.8,84,34,0.2,0.7,0.8,0.7,0.8,0.7,0.8,2,1.08,0.7,7,0.38,0.99,7,0.35,0.99,117,2,0.99,25,0,0.99,2,7,0.99,5,2,1.0,56,2,0.99,113,45,0.2,29,1,0.99,30,1,0.8,68,3,0.99,105,8,0.6,3,0.69,0.8,0.5,0.01,9,3.59,0.2,0.7,0.8,0.5,0.01,K2_Standard_Arbor_Foundation_Ride_Machete_Lib_Tech_Terrain_Wrecker,,Extruded,,,,China,,Directional,Biax_Fiberglass_softens_torsional_flex,2025,FSC_Certified_core_wood,,,Frostbite_Edges_extended_beneath_bindings,Standard_radial_sidecut,All_major_binding_brands_via_Channel,,Beginner,Burton,Mens,The_Channel_compatible_all_major_bindings,Snowboard
gEgAtjk0Os,Burton_Snowboards_founded_1977 Good_Company,559.99,115,1.0,0.8,0.7,0.9,0.9,2.13,0.85,0.2,0.75,0.8,2600,724,0.6,0.85,1.0,2,0.98,0.8,0.8,0.7,0.5,0.01,0.7,0.6,0.4,0.8,0.5,0.01,0.7,0.8,84,34,0.2,0.7,0.8,0.5,0.01,0.8,0.8,6,0.69,0.88,8,0.38,1.0,8,0.35,1.0,118,2,1.0,25,0,1.0,0,7,1.0,5,2,0.2,56,2,1.0,113,45,0.2,29,1,1.0,30,12,0.2,68,3,1.0,80,5,0.8,3,0.84,0.7,0.5,0.01,10,0.45,0.98,0.8,0.8,0.5,0.01,NS_Photosynthesis_Yes_Greats_Stone_Message_LT_Box_Knife_Yes_Basic_Ride_TwinPig,,Sintered_durable_porous,10.0,Dog_themed_portrait_of_Posie_dog_tags,,China,,True_Twin_symmetrical,Triax_fiberglass,2026,FSC_certified_plus_Super_Sap_Epoxy,Dualzone_EGD_wood_grain_perpendicular,,,,,,Intermediate,Burton_Snowboards,Gender_neutral_Unisex,The_Channel_all_brands_best_with_EST,Snowboard
gEy7WOnzey, Super_DOA_Defenders_of_Awesome,1449.99,115,0.96,0.7,0.69,0.8,0.8,2.0,0.49,0.8,0.5,0.01,2882,1153,0.2,0.5,0.01,6,2.42,0.2,0.5,0.01,0.55,0.6,0.8,0.8,0.7,0.6,0.5,0.01,0.5,0.01,84,34,0.2,0.5,0.01,0.5,0.01,0.5,0.01,6,0.45,1.0,8,0.38,1.0,8,3.11,0.2,123,2,1.0,25,0,1.0,8,3,0.2,0,2,1.0,53,2,0.97,113,45,0.2,30,1,0.96,30,1,0.96,72,3,1.0,77,5,0.8,6,0.69,0.8,0.5,0.01,9,3.59,0.2,0.5,0.01,0.5,0.01,YES_Greats_asymmetric_twin,,Hyperdrive_ADV_XT_sintered_premium,,Megalite_Skin_60pct_weight_reduction,,Austria_The_MotherShip,,True_Twin_symmetrical,HolySheet_high_tensile_low_elasticity,2027,Certified_B_Corp_score_98.9,Hybrid_SuperCarbon_in_HolySheet,Fortress_Aramid_Kevlar_S_wrap,360_Degree_HRC48_Stainless_Steel,Blended_Radial,Union_Falcor_stiff_responsive_recommended,,Intermediate_to_Advanced,CAPiTA,Mens,2x4_stainless_steel_inserts,Snowboard
gdv02UtOAa, Family_Tree_3D_Channel_Surfer_Flat_Top,979.99,115,1.0,0.8,0.7,0.0,0.99,3.0,0.49,0.8,0.5,0.01,2882,1153,0.2,0.5,0.01,6,2.42,0.2,0.5,0.01,0.5,0.01,0.8,0.7,0.6,0.7,0.5,0.01,0.5,0.01,84,34,0.2,0.5,0.01,0.5,0.01,0.5,0.01,4,0.45,0.99,7,0.38,0.99,8,3.11,0.2,116,2,0.99,27,0,0.99,12,7,0.99,2,4,0.8,56,2,0.99,113,45,0.2,33,1,0.99,30,12,0.2,80,3,0.99,80,32,0.2,2,0.84,0.7,0.5,0.01,10,0.45,0.99,0.5,0.01,0.5,0.01,Bataleon_Surfer_3BT_28mm_taper,,Sintered_WFO,10.0,Abstract_mountainscapes_Audubon_puffin_motif,Ryan_Crotty,,,Swallowtail,,2025,Super_Sap_Epoxy_bio_based_50pct_lower_footprint,Surfboard_inspired_convex_3D_shaping_tip_tail,,,,Compatible_most_brands_best_with_Burton_EST,,Advanced,Burton,Unisex,The_Channel,Snowboard
gtiupDAlG6,Mervin_Manufacturing Terrain_Wrecker,999.99,272,0.71,0.75,0.76,0.5,0.71,1.0,0.53,0.76,0.85,0.58,2860,320,0.92,0.6,0.7,6,1.2,0.7,0.9,0.9,0.5,0.01,0.8,0.8,0.4,0.7,0.5,0.01,0.65,0.7,87,6,0.93,0.5,0.01,0.8,0.8,0.5,0.01,7,0.74,0.86,8,0.38,0.99,8,3.11,0.2,119,47,0.2,26,0,0.99,0,7,0.99,5,2,0.2,58,5,0.8,119,3,0.99,30,1,0.99,30,12,0.2,70,9,0.6,68,8,0.6,4,0.84,0.7,0.5,0.01,9,3.59,0.2,0.5,0.7,0.5,0.01,Jones_Mountain_Twin_similar_all_mountain_freestyle_hybrid,,Highest_density_UHMW_dual_layer_thermal_fusion_crystalline,,Eco_Sublimated_Poly_Topsheet,Schoph_at_schoph,Sequim_Washington_USA,,Directional_Twin,Tri_Ax_Bi_Ax_Fiber_combination,2027_26_27_season,Zero_hazardous_waste_production,UHMW_Tip_Tail_Impact_Deflection_edge_removed_nose_tail,Birch_vertical_end_grain_pop_durability,Magne_Traction_7_serrations_each_edge,,,,Intermediate,Lib_Tech,Mens,2x4_Inserts,Snowboard
gwpGTjkNQC,Mervin_Manufacturing Head_Space,678.99,115,0.99,0.75,0.8,0.5,0.01,1.0,0.25,1.0,0.75,0.8,2980,260,0.99,0.7,0.7,2,0.98,0.8,0.95,0.9,0.5,0.01,0.7,0.7,0.5,0.8,0.5,0.01,0.5,0.01,89,13,0.65,0.5,0.01,0.5,0.01,0.5,0.01,6,1.13,0.67,8,3.03,0.2,8,3.11,0.2,119,47,0.2,26,10,0.2,0,7,1.0,5,2,0.2,55,22,0.2,113,45,0.2,30,12,0.2,30,12,0.2,73,29,0.2,80,32,0.2,3,1.26,0.2,0.5,0.01,9,3.59,0.2,0.5,0.01,0.5,0.01,Burton_Process,,Eco_sublimated_sintered_base,,Eco_sublimated_poly_top,Forest_Bailey,Sequim_Washington_USA,,True_twin_symmetric,Triaxial_Biaxial_alloy_glass,2025_(2024-2025_season),Zero_hazardous_waste_eco_materials_FSC_certified,,UHMW_sidewalls,Magne_Traction_7_serrations,,2x4_insert_compatible_most_major_brands,,Intermediate_to_Advanced,GNU_Snowboards,Mens,2x4_inserts,Snowboard
hCyIqwbuNm,Burton_Snowboards Counterbalance,949.99,115,0.97,0.8,0.7,0.75,0.6,3.0,0.25,0.99,0.5,0.6,2680,260,0.99,0.85,0.99,7,0.98,0.8,0.65,0.8,0.5,0.01,0.7,0.7,0.6,0.7,0.5,0.01,0.5,0.8,86,5,0.99,0.7,0.8,0.8,0.8,0.5,0.01,7,0.85,0.82,7,0.38,0.95,8,0.35,0.95,117,2,0.95,25,0,0.95,2,7,0.95,8,2,0.96,50,2,0.95,113,45,0.2,30,1,0.95,30,12,0.2,68,3,0.95,80,5,0.8,3,0.69,0.8,0.5,0.01,8,0.52,0.93,0.7,0.8,0.5,0.01,Amplid_Souly_Grail_K2_Alchemist_Jones_Flagship_Pro_etc,,Sintered_WFO_high_density,8.0,,Shawna_X_abstract_microscope_view,,,Tapered_Directional,45deg_Carbon_Highlights_tip_to_tail,2027,Certified_B_Corp,Dualzone_EGD_wood_grain_edge_hold,,Frostbite_Edges_enhanced_edge_hold,,All_major_brands_best_with_EST,Replaces_Deep_Thinker_and_Story_Board,Intermediate_Expert,Burton,Unisex,The_Channel_two_parallel_slots,Snowboard
hTpZCKU8n1,Salomon_SAS_Annecy_France Highpath,1049.99,237,0.78,0.75,0.8,0.9,0.9,2.0,0.25,0.99,0.7,0.8,2882,1153,0.2,0.85,0.98,7,0.98,0.8,0.7,0.8,0.5,0.01,0.7,0.7,0.5,0.8,0.5,0.01,0.5,0.01,87,5,0.97,0.7,0.8,0.5,0.01,0.5,0.01,7,0.6,0.91,7,0.74,0.8,8,0.69,0.8,118,3,0.8,26,1,0.8,2,7,0.99,3,5,0.69,56,5,0.8,113,45,0.2,30,1,0.8,30,1,0.8,78,3,0.99,85,5,0.8,3,0.69,0.8,0.5,0.01,9,3.59,0.2,0.8,0.8,0.5,0.01,Jones_Flagship_between_Flagship_and_Stratos,,50pct_Recycled_Sintered_Base,,ABC_Wrapper_olive_wood_veneer_2027,Nils_Mindnich_and_Victor_Daviet,China,,Tapered_Directional,BiAx_HD_Glass_two_angle_fiberglass,2027,FSC_certified,,100pct_recycled_ABS,At_least_20pct_recycled_aluminum,Quadratic_Sidecut,,,Advanced,Salomon,Unisex,2x4_Inserts,Snowboard
hWiSldGBqx,Burton_Snowboards_founded_1977 Fish_3D_Splitboard,839.99,115,1.0,0.95,0.9,0.8,0.8,3.0,0.49,0.8,0.85,0.9,2900,781,0.53,0.5,0.01,6,2.42,0.2,0.5,0.01,0.5,0.01,0.85,0.8,0.4,0.8,0.5,0.01,0.5,0.01,84,34,0.2,0.5,0.01,0.5,0.01,0.5,0.01,4,0.45,0.99,6,0.38,0.99,6,0.35,0.99,110,2,0.99,26,0,0.99,50,7,0.99,3,4,0.8,56,2,0.99,104,6,0.83,32,1,0.99,30,12,0.2,80,3,0.99,105,8,0.6,3,1.26,0.2,0.5,0.01,10,0.45,0.99,0.5,0.01,0.5,0.01,Jones_Storm_Chaser_Split,,Sintered_WFO_high_density_wax_infused,10.0,Gorgeous_board_beautiful_topsheet,,Austria_and_China,,Tapered_Directional,45_degree_Carbon_Highlights_tip_to_tail,2024,FSC_certified_core_wood,45_degree_fiber_angle_more_aggressive_ride,,Dualzone_EGD_perpendicular_wood_grain_edges,,Compatible_all_major_bindings,Original_Burton_Fish_circa_2002,Advanced_Expert,Burton_Snowboards,Unisex,Split_Channel_pre_mounted_pucks,Splitboard
hcGCupKaD3,Salomon_SAS_Annecy_France Huck_Knife,587.99,115,1.0,0.7,0.9,1.0,0.98,2.0,0.49,0.8,0.5,0.01,2700,627,0.7,0.65,0.6,6,2.42,0.2,0.5,0.01,0.3,0.8,0.6,0.6,0.5,0.8,0.5,0.01,0.5,0.01,84,34,0.2,0.5,0.01,0.5,0.01,0.5,0.01,5,1.37,0.52,8,3.03,0.2,8,3.11,0.2,122,2,0.99,26,0,0.99,0,7,0.99,5,2,0.2,56,5,0.8,113,45,0.2,30,1,0.99,30,1,0.9,65,3,0.99,78,5,0.8,3,1.26,0.2,0.5,0.01,9,3.59,0.2,0.5,0.01,0.5,0.01,Capita_DOA_similar_camber_hybrid_true_twin_stiffer_more_pop_20_more,,Medium_Stone_Finish,,Looks_white_in_picture_but_grey_in_person,,Austria_Bulgaria_France_Finland_Canada_US,,True_Twin,Triaxial_Fibreglass,2025,FSC_certified_Aspen_wood_core,Carbon_stringers_in_tip_and_tail,ABS_Sidewalls_with_Royal_Rubber_Pads,Freestyle_Edge_Bevel_2deg_sidecut_3deg_between_feet,EQ_Rad_Sidecut,,,,Salomon,Mens,2x4_Inserts,Snowboard
hm6eb7w7b8,Burton_Snowboards Family_Tree_Hometown_Hero_Split,1299.99,175,0.88,0.8,0.7,0.9,0.9,3.0,0.49,0.8,0.5,0.01,2882,1153,0.2,0.5,0.01,6,2.42,0.2,0.5,0.01,0.5,0.01,0.5,0.01,0.6,0.8,0.5,0.01,0.5,0.01,84,34,0.2,0.5,0.01,0.5,0.01,0.5,0.01,7,0.88,0.8,8,0.38,0.99,8,3.11,0.2,119,47,0.2,26,10,0.2,40,7,0.99,12,2,0.97,56,3,0.9,114,3,0.99,30,1,0.99,30,12,0.2,80,3,0.99,80,32,0.2,3,1.26,0.2,0.5,0.01,9,3.59,0.2,0.5,0.01,0.5,0.01,Burton_more_playful_Jones_more_stable_at_speed,,Recycled_Sintered_WFO,,EcoZen_Topsheet,,Keil_Nindl_GMBH_Austria,,Directional,Triax_with_45_Carbon_Highlights,2026,FSC_Certified_Wood_Core,,Recycled_ABS,Cruise_Control_Edge_Tune,,Hitchhiker_bindings,,Expert_only,Burton,Unisex,The_Split_Channel,Splitboard
iQXjBPxwSi,Nitro_AG_Hunenberg_Switzerland OG,999.99,159,0.9,0.6,0.7,1.0,0.82,2.13,0.85,0.2,0.8,0.8,2882,1153,0.2,0.5,0.01,6,2.42,0.2,0.5,0.01,0.5,0.01,0.5,0.01,0.5,0.01,0.7,0.7,0.5,0.01,84,34,0.2,0.5,0.01,0.5,0.01,0.5,0.01,8,0.45,0.95,6,0.74,0.8,8,3.11,0.2,119,47,0.2,25,0,0.95,2,7,0.95,5,2,0.2,55,22,0.2,113,3,0.95,30,1,0.85,30,12,0.2,70,3,0.95,80,32,0.2,3,1.26,0.2,0.5,0.01,10,0.92,0.78,0.5,0.01,0.5,0.01,Burton_Custom_Ride_Algorythm_Jones_Frontier_CAPiTA_BSOD,,Sintered_EcoSpeed_HD,10.0,Throwback_graphic_with_modern_tech,Rohrer_Neary_Goller_Plotzeneder_Eberharter_Hagstrom,Taiwan_Playmaker_factory,,Directional_Twin,Bi_Lite_Laminates,2027,Carbon_neutral_since_2021_ClimatePartner,,ABS_Sidewall_flexible_impact_resistant,Recycled_Steel_Edge,Dual_Degressive_Sidecut,Standard_2x4_compatible_all_modern_bindings,Nitro_Team,Intermediate,Nitro,Mens_unisex,2x4_Inserts,Snowboard
iY29iJwupu,Bataleon_Low_Pressure_Studio Stereo_Team,1049.99,115,1.0,0.65,0.8,0.2,0.7,2.13,0.85,0.2,0.4,0.8,2882,1153,0.2,0.5,0.01,6,2.42,0.2,0.5,0.01,0.5,0.01,0.5,0.01,0.5,0.01,0.75,0.8,0.5,0.01,84,34,0.2,0.5,0.01,0.5,0.01,0.5,0.01,6,0.45,1.0,7,0.74,0.8,7,0.69,0.8,116,2,1.0,26,0,1.0,0,16,0.76,5,2,0.2,55,22,0.2,113,45,0.2,30,1,1.0,30,1,1.0,75,3,1.0,79,5,0.8,3,1.26,0.2,0.5,0.01,10,0.83,0.82,0.5,0.01,0.5,0.01,CAPiTA_DOA_true_twin_6_10_flex_camber_flat_kick,,Ultra_Glide_S_premium_7000_sintered,10.0,,Ethan_Morgan_and_Halldor_Helgason,CAPiTA_Mothership_Austria,,Twin_3D_Twin,Bi_Axial_fiberglass_light_snappy_playful,2027_26_27_season,,Carbon_Stringers_fine_tune_feel,HyCap_full_cap_contact_PU_sidewalls_tip_tail,Triple_Base_Technology_3BT,Tri_Radial,,Evil_Twin_replacement_inferred,Intermediate_to_Advanced,Bataleon,Mens,2x4_Inserts,Mens_Snowboard
iaMeuyGumd,Mervin_Manufacturing Doughboy,1349.99,115,0.99,0.75,0.8,0.8,0.8,2.13,0.85,0.2,0.8,0.8,2882,1153,0.2,0.5,0.01,6,2.42,0.2,0.5,0.01,0.85,0.8,0.5,0.01,0.5,0.01,0.5,0.01,0.5,0.01,84,34,0.2,0.5,0.01,0.5,0.01,0.5,0.01,7,0.45,0.97,9,0.38,1.0,8,3.11,0.2,119,47,0.2,26,10,0.2,1,7,0.98,5,2,0.2,57,5,0.8,135,3,1.0,32,1,1.0,30,12,0.2,80,9,0.6,80,32,0.2,3,1.26,0.2,0.5,0.01,9,3.59,0.2,0.5,0.01,0.5,0.01,Doughboy_195_2025-2026,,Eco_Sublimated_TNT_Base,,Eco_Sublimated_Poly_Topsheet,Featured_rider_progressive_spin_missions,Handmade_by_snowboarders_in_USA,,Directional_Twin,Tri-Ax_Glass_Magnesium_Techno_Fiber_Carbon,2027,Zero_hazardous_waste_production,High_magnesium_glass_fiber_rigidity_pop,Birch_Internal_Sidewalls_pop_durability,Magne-Traction_serrated_edges,,Standard_2x4_insert_pattern,Doughboy_Shredder_HP_2019_195cm_C3_medium_stiff,Intermediate-Advanced,Lib_Tech,Mens,2x4_Inserts,
ilOyEW7S1w,Mervin_Manufacturing TRS_Total_Ripper_Series,818.99,162,0.9,0.75,0.8,0.8,0.8,1.0,0.49,0.8,0.7,0.7,2882,1153,0.2,0.7,0.7,2,0.98,0.8,0.9,0.9,0.45,0.6,0.5,0.01,0.2,0.8,0.5,0.01,0.5,0.01,84,34,0.2,0.5,0.01,0.5,0.01,0.95,0.8,6,0.45,0.96,8,0.38,0.99,8,0.35,0.99,119,47,0.2,25,0,0.99,0,7,1.0,5,2,0.2,55,22,0.2,117,3,0.99,29,1,0.99,29,1,0.99,70,9,0.6,80,8,0.6,2,0.69,0.8,0.5,0.01,9,3.59,0.2,0.5,0.01,0.5,0.01,Capita_Defenders_of_Awesome,,Sintered_Knife_Cut_Double_Layer_UHMW,,Eco_Sublimated_Poly_Top,Phil_Hansen,Carlsborg_Sequim_Washington_USA,,Twin,Triaxial_Biaxial_Fiberglass_Magnesium_Carbon,2024-2025,FSC_certified,Carbon_included_in_construction,Birch_Internal_6ply_Sidewalls,Magne_Traction_7_serrations,,,,Advanced_Expert,Lib_Tech,,2x4_inserts,Snowboard
j3m5ee1Otr,Mervin_Manufacturing Finest,539.99,115,0.99,0.75,0.8,0.6,0.6,1.0,0.44,0.84,0.5,0.01,3120,260,0.95,0.6,0.96,6,2.42,0.2,0.8,0.8,0.5,0.8,0.8,0.7,0.7,0.8,0.5,0.01,0.5,0.01,81,5,0.97,0.5,0.01,0.5,0.01,0.5,0.01,6,0.74,0.86,8,0.9,0.7,8,3.11,0.2,119,47,0.2,26,0,0.99,0,7,1.0,5,2,0.2,64,2,0.99,116,3,0.99,30,1,0.99,30,12,0.2,78,8,0.71,80,32,0.2,3,0.69,0.8,0.5,0.01,9,3.59,0.2,0.5,0.01,0.5,0.01,Burton_Custom_CAPiTA_OSL_Yes_Greats_NS_Proto,,Fast_tough_holds_wax,,Eco_Sublimated_Poly_Top,Max_Warbington,Sequim_Washington_USA,,Asym_Twin,Triaxial_Biaxial_glass,2024,Zero_hazardous_waste_production,,UHMW_with_soy_elastomer_5_wood_layers,Magne_Traction_7_serrations,,,,Intermediate_to_Advanced_Expert,GNU,Mens,2x4_insert_pattern,Snowboard
jgzbzRwa7e,Burton_Snowboards_Burlington_VT Family_Tree_Sketch_Artist,1099.99,183,0.87,0.85,0.7,0.0,0.9,3.0,0.49,0.8,0.75,0.7,2600,724,0.6,0.85,0.98,8,0.98,0.8,0.45,0.8,0.5,0.01,0.85,0.8,0.4,0.8,0.8,0.76,0.2,0.8,84,34,0.2,0.8,0.8,0.7,0.8,0.5,0.8,8,1.44,0.47,8,3.03,0.2,8,3.11,0.2,119,47,0.2,26,10,0.2,12,7,0.99,18,2,1.0,55,22,0.2,113,45,0.2,30,12,0.2,30,12,0.2,73,29,0.2,80,32,0.2,4,0.69,0.8,0.5,0.01,10,0.95,0.77,0.8,0.8,0.5,0.01,Jones_Hovercraft,,Sintered_WFO_extra_absorbent_high_density,10.0,Peregrine_falcon_agility_speed_versatility,Dom_Berrini_cymatics_chladni_plates,Austria_The_Mothership,,Tapered_Directional_Twin,45_degree_Carbon_Highlights_full_tip_to_tail,2025/2026,Bio_based_resin_50pct_carbon_reduction,Dualzone_EGD_perpendicular_wood_grain_edges,,,Progressive_tighter_radius_near_tail,,,Advanced-Expert,Burton,Unisex,The_Channel_all_brands_best_with_EST,Snowboard
kK5whJk2Qz,K2_Sports_LLC_Seattle_WA Excavator,999.99,115,1.0,0.85,0.8,0.85,0.8,2.13,0.85,0.2,0.8,0.8,2882,1153,0.2,0.5,0.01,6,2.42,0.2,0.8,0.8,0.5,0.01,0.5,0.01,0.5,0.8,0.5,0.01,0.5,0.01,84,34,0.2,0.5,0.01,0.5,0.01,0.5,0.01,7,0.45,1.0,7,0.9,0.7,7,0.69,0.8,115,2,0.99,26,10,0.2,19,7,0.99,2,4,0.8,53,2,0.99,113,45,0.2,31,1,0.8,31,1,0.8,70,3,0.99,77,5,0.8,2,0.84,0.7,0.5,0.01,9,3.59,0.2,0.5,0.01,0.5,0.01,Lib_Tech_Orca,,Wax_Infused_Sintered_4001_Crown,,Textured_Topsheet_Bio_Resin,,K2_Sports_China_factory,,Directional,ICG_10_Biax_Carbon_Glass_90deg,2027,,Carbon_Power_Fork_pre_cambered_tail,P_Tex_sidewall_capped_tip_tail,,Dual_radius_sidecut,Any_binding_standard_or_mini_disc,,Intermediate_Advanced_Expert,K2,Unisex,2x4_Insert_packs,Snowboard
kUWY84GtcP,Mervin_Manufacturing Cold_Brew,899.99,299,0.65,0.75,0.8,0.5,0.65,1.0,0.56,0.74,0.75,0.8,2882,1153,0.2,0.7,0.8,7,0.98,0.8,0.8,0.8,0.5,0.01,0.5,0.5,0.4,0.8,0.5,0.01,0.2,0.8,84,34,0.2,0.7,0.8,0.5,0.8,0.5,0.8,6,1.17,0.65,8,0.38,1.0,8,0.35,1.0,119,47,0.2,26,0,1.0,2,7,1.0,3,3,0.91,57,5,0.8,115,3,1.0,30,1,1.0,30,1,0.8,60,9,0.6,62,8,0.6,3,0.69,0.8,0.5,0.01,9,3.59,0.2,0.6,0.8,0.5,0.01,Burton_Custom_more_aggressive_better_powder,,Eco_Sublimated_TNT_Base_UHMW,,Eco_Sublimated_Poly_Topsheet,Tim_Zimmerman,Handbuilt_in_USA_Sequim_WA,,Tapered_Directional,Tri_Ax_Bi_Ax_Fiberglass,2025-2026,FSC_certified,,Birch_Internal_Sidewalls,Magne_Traction_7_serrations,,,,Beginner-Expert,Lib_Tech,Mens,2x4_Inserts,Snowboard
kW6Qaiptnt, Megalight,1349.99,158,0.9,0.7,0.8,0.0,0.99,2.0,0.49,0.8,0.5,0.01,2882,1153,0.2,0.85,0.98,8,0.98,0.8,0.7,0.8,0.5,0.01,0.5,0.01,0.7,0.6,0.5,0.01,0.2,0.8,84,34,0.2,0.8,0.8,0.8,0.8,0.7,0.8,8,0.45,1.0,8,0.38,1.0,8,3.11,0.2,119,2,1.0,26,0,1.0,30,7,1.0,14,2,1.0,56,2,1.0,109,3,1.0,29,1,1.0,30,12,0.2,78,3,1.0,80,32,0.2,4,0.84,0.7,0.5,0.01,9,3.59,0.2,0.7,0.8,0.5,0.01,Amplid_Souly_Grail_K2_Alchemist_United_Shapes_Cadet_Burton_Gril_Master_Jones_Flagship_Pro_etc,,N_12000_Graphite_race_grade_sintered,,Matte_finish,,,,Tapered_Directional,,2027,,,,,,Works_with_any_binding,,Advanced,Nidecker,Mens,2x4_Inserts,Snowboard
kjVPKOzhx7, Evil_Twin,999.99,115,1.0,0.7,0.6,0.45,0.7,3.0,0.49,0.8,0.85,0.8,2882,1153,0.2,0.6,0.7,6,2.42,0.2,0.5,0.01,0.5,0.01,0.7,0.7,0.6,0.8,0.75,0.8,0.5,0.01,5,5,0.98,0.5,0.01,0.5,0.01,0.5,0.01,5,0.45,1.0,8,0.38,1.0,8,0.35,1.0,120,2,1.0,25,0,1.0,0,7,1.0,5,2,0.2,57,5,0.8,113,45,0.2,29,1,1.0,30,1,0.8,80,3,1.0,84,5,0.8,4,0.84,0.7,0.5,0.01,10,0.45,0.99,0.5,0.01,0.5,0.01,CAPiTA_DOA_both_great_similar,,Hyper_Glide_S_sintered,10.0,,,Austria_Elan_OEM_Feistritz,,True_Twin_symmetrical,Tri_Ax_Laminate_three_way_fiberglass,2027,,Carbon_Stringers_fine_tune_flex_response,FlexWalls_poured_urethane_shock_absorption,,,Standard_2x4_NOT_compatible_Burton_EST,,Intermediate,Bataleon,Mens,2x4_inserts_standard,Snowboard
kpBJB1Mqjg,Never_Summer_Manufacturing Propaganda,539.99,115,0.99,0.65,0.7,0.8,0.8,2.0,0.25,0.99,0.6,0.6,2882,1153,0.2,0.5,0.01,6,2.42,0.2,0.65,0.7,0.85,0.8,0.65,0.7,0.5,0.8,0.5,0.01,0.5,0.01,84,34,0.2,0.5,0.01,0.5,0.01,0.5,0.01,6,0.45,1.0,7,1.04,0.6,8,3.11,0.2,125,2,1.0,26,1,0.55,8,3,0.2,5,2,0.2,55,22,0.2,113,45,0.2,30,2,0.55,30,12,0.2,68,6,0.82,80,32,0.2,3,1.26,0.2,0.5,0.01,8,0.45,0.99,0.5,0.01,0.5,0.01,Zero_Camber_twin_park_medium_flex,,Durasurf_Sintered_4501,8.0,Poly_Thermo_Topsheet,,USA_Never_Summer_Denver,,True_Twin,Bi_Lite_Fibreglass,2025,,,Sintered_P_Tex_Sidewall,Full_Wrap_Metal_Edges,Vario_Power_Grip_Sidecut,,,Park_riders_beginners_to_advanced_jibbers,Academy_Snowboard_Co,Mens,Stainless_10mm_2x4_Inserts,Snowboard
kq8LZfPKfP,Capita_MFG_GmbH_Core_Srl Sidewinder,999.99,115,0.96,0.65,0.7,0.5,0.8,2.0,0.49,0.8,0.5,0.01,2882,1153,0.2,0.5,0.01,6,2.42,0.2,0.8,0.79,0.5,0.01,0.5,0.01,0.4,0.8,0.5,0.01,0.5,0.01,84,34,0.2,0.5,0.01,0.5,0.01,0.5,0.01,6,1.33,0.55,7,0.9,0.7,7,0.69,0.8,120,2,0.9,26,0,0.9,2,7,0.95,2,6,0.6,56,3,0.9,113,45,0.2,31,1,0.9,31,1,0.8,72,5,0.9,78,5,0.8,2,0.71,0.79,0.5,0.01,9,3.59,0.2,0.5,0.01,0.5,0.01,Ride_Smokescreen_directional_carver_flex6_progressive,,Quantum_Drive_Base_Die_Cut,,PLT_Digital_Screen_Print_Metallic_Underlay,,Handcrafted_at_The_MotherShip_Austria,,Tapered_Directional,Biaxial_fiberglass_626g_Carbon_Aramid_Boosters,2027,100pct_clean_energy_hydro_solar,2x20mm_Carbon_Aramid_Boosters,,360_Degree_HRC48_Steel_Edges,Progressive_multi_radii,,,Intermediate_to_Expert,CAPiTA,Mens,2x4_Stainless_Steel_12_Pack,Snowboard
l3KdglPtNM,Salomon_SAS_Amer_Sports Kickback,487.49,115,0.98,0.7,0.8,0.8,0.8,2.0,0.49,0.8,0.5,0.01,2882,1153,0.2,0.5,0.01,6,2.42,0.2,0.7,0.61,0.5,0.01,0.6,0.6,0.7,0.8,0.5,0.01,0.5,0.01,84,34,0.2,0.5,0.01,0.5,0.01,0.5,0.01,2,1.08,0.7,8,0.74,0.8,8,3.11,0.2,120,3,0.8,25,0,0.95,8,3,0.2,5,2,0.2,56,5,0.8,113,45,0.2,30,1,0.8,30,12,0.2,70,6,0.8,80,32,0.2,3,1.26,0.2,0.5,0.01,9,3.59,0.2,0.5,0.01,0.5,0.01,Burton_Process_Flying_V_best_beginner,,Extruded_EG_harder_electra_glide,,,,,,True_Twin,BA_MD_Biaxial_Medium_Density_Fiberglass,2027,FSC_certified_high_density_Aspen,,ABS_Sidewalls_tough_dampening,Freestyle_Edge_Bevel_detuned_2deg_3deg,EQ_Rad_straight_and_radial,,,Beginner_Intermediate,Salomon,Mens,2x4,Mens_Freestyle_Snowboard
l8lUN0Ynp4,Mervin_Manufacturing Legitimizer,629.99,115,1.0,0.65,0.7,0.6,0.7,1.0,0.49,0.8,0.5,0.6,2840,260,0.98,0.7,0.98,6,0.98,0.8,0.7,0.54,0.7,0.54,0.65,0.6,0.4,0.8,0.5,0.01,0.8,0.54,83,13,0.66,0.5,0.54,0.8,0.54,0.7,0.8,6,0.45,0.95,8,0.38,1.0,8,0.35,1.0,119,47,0.2,26,0,1.0,0,7,1.0,5,2,0.2,58,5,0.8,117,3,1.0,31,1,1.0,30,1,0.8,75,9,0.6,68,8,0.6,4,1.08,0.51,0.5,0.01,9,3.59,0.2,0.7,0.8,0.5,0.01,Yes_Greats_Stone_Message_Yes_Basic_Ride_TwinPig_Burton_GoodCo_Ride_Benchwarmer_Capita_OSL,,Eco_Sublimated_Sintered,,Eco_Sublimated_Poly_Top,Brandon_Reis,Sequim_Washington_USA,,True_Twin,Triax_and_Biax_fibreglass,,Zero_hazardous_waste_production,Original_Power_Construction,Birch,Magne_Traction_7_serrations,,,Box_Scratcher_shape_and_Box_Knife_camber_fused,Intermediate_to_Advanced,Lib_Tech,Mens,2x4_inserts,Snowboard
lUy9sQQlyI,Rome_Snowboard_Design_Syndicate Mens_Ravine,999.99,115,1.0,0.7,0.8,0.5,0.8,2.0,0.49,0.8,0.7,0.7,2900,279,0.94,0.6,0.8,8,1.2,0.7,0.8,0.8,0.4,0.7,0.5,0.01,0.6,0.8,0.75,0.8,0.5,0.01,87,6,0.92,0.5,0.01,0.5,0.01,0.5,0.01,6,0.45,0.98,8,3.03,0.2,8,3.11,0.2,118,2,0.98,26,0,0.98,15,12,0.86,8,2,0.98,58,5,0.8,113,45,0.2,30,12,0.2,30,12,0.2,66,3,0.98,72,5,0.8,3,0.97,0.6,0.5,0.01,9,3.59,0.2,0.75,0.6,0.5,0.01,GNU_Gremlin_579_95_stiffer_magne_traction_less_surfy,,SinterStrong_Base_sintered_low_maintenance_fast,,,,Titan_Factory,,Tapered_Directional,Triax_Fiberglass_three_angles_above_core,2027,,Double_Directional_Carbon_HotRod_two_rods_in_tail,,No_Magne_Traction_or_added_edge_technology,Tri_Radial_Sidecut,,Rome_Ravine_Select_now_Ravine_Pro,Advanced,Rome_Snowboard_Design_Syndicate,Mens,2x4,Snowboard
mIOTmmWeJc,Mervin_Manufacturing Dynamo,969.99,133,0.93,0.75,0.8,0.5,0.62,1.0,0.25,1.0,0.9,0.8,2880,260,0.97,0.85,0.97,6,0.98,0.8,0.8,0.7,0.8,0.8,0.5,0.01,0.4,0.8,0.5,0.01,0.5,0.8,82,5,0.94,0.8,0.8,0.8,0.8,0.5,0.01,7,1.25,0.6,8,0.38,0.98,8,3.11,0.2,119,47,0.2,26,10,0.2,1,7,0.98,3,2,0.97,55,22,0.2,111,3,0.98,30,1,0.98,30,12,0.2,73,29,0.2,80,32,0.2,3,0.69,0.8,0.5,0.01,9,3.59,0.2,0.95,0.9,0.5,0.01,Korua_Otto_Jones_Frontier_Ride_Shadowban_Yes_Standard_Capita_BSOD_etc,,Eco_Sublimated_TNT_UHMW_dual_layer,,Eco_Sublimated_Poly_Topsheet,Austen_Sweetin_and_Phil_Hansen,Sequim_Carlsborg_Washington_USA,,Tapered_Directional,Tri_Ax_Bi_Ax_Fiberglass,2026-2027_Early_Release,FSC_certified_wood_cores,,Birch,Magne_Traction_7_serrations,,,,Intermediate_to_Advanced,Lib_Tech,Mens,2x4,Snowboard
mp2sqTs0zG,CAPiTA_MFG The_Outsiders,769.99,115,1.0,0.75,0.8,0.5,0.6,2.0,0.49,0.8,0.75,0.8,2580,724,0.6,0.7,0.98,3,0.98,0.8,0.5,0.7,0.5,0.01,0.6,0.6,0.5,0.8,0.5,0.01,0.7,0.8,83,5,0.97,0.7,0.8,0.8,0.8,0.7,0.8,6,0.45,0.96,8,0.38,0.99,8,0.35,0.99,122,2,0.99,26,0,0.99,0,7,0.99,5,2,0.2,56,2,0.99,113,45,0.2,30,1,0.99,30,1,0.99,72,3,0.99,82,8,0.6,4,0.69,0.8,0.5,0.01,9,3.59,0.2,0.8,0.8,0.5,0.01,NS_Photosynthesis_YES_Greats_Ride_TwinPig_Burton_GoodCo,,Hyperdrive_sintered_UHMW_UHDPE,,PLT_Topsheet_no_solvents,Miles_Fallon_CAPiTA_AM,Austria_The_Mothership,,True_Twin,Holysheet_Triaxial_top_Biaxial_bottom,2025,100pct_clean_energy_powered,Aramid_Body_Armor_vibration_dampening,Full_ABS1000_Sidewalls,360_Degree_HRC48_Steel_Edges,Radial_single_radius,,,Advanced_Expert,CAPiTA,Mens,4x2_Stainless_Steel_Inserts,Snowboard
mwzSjQjlXD,Nitro_AG_Hunenberg_Switzerland Prime_Chroma_Cam_Out,947.4939768339766,379,0.2,0.55,0.7,0.5,0.01,2.13,0.85,0.2,0.5,0.01,2882,1153,0.2,0.5,0.01,6,2.42,0.2,0.75,0.8,0.5,0.01,0.7,0.7,0.5,0.01,0.6,0.5,0.5,0.01,84,34,0.2,0.5,0.01,0.5,0.01,0.5,0.01,5,0.45,0.99,8,3.03,0.2,8,3.11,0.2,119,47,0.2,26,10,0.2,2,7,0.97,5,2,0.2,55,22,0.2,113,45,0.2,30,12,0.2,30,12,0.2,73,29,0.2,80,32,0.2,2,0.84,0.7,0.5,0.01,9,3.59,0.2,0.5,0.01,0.5,0.01,Prime_Raw_directional_same_core,,Premium_Extruded_FH_Base,,,,Taiwan_Playmaker_factory,,Directional_Twin,Bi_Lite_biaxial_fiberglass,2026_season_2025_2026,,,ABS_Sidewalls_flexible_impact_resistant,Recycled_Steel_Edges_50pct,Radial_Sidecut_single_radius,Compatible_2x4_and_channel_via_mini_disc,Nitro_Prime_with_Flat_Out_Rocker,Beginner_Intermediate,Nitro_Snowboards,Mens,2x4_insert_pattern,Snowboard
nWkXQvNyD1,Mervin_Manufacturing C_Money,524.99,159,0.9,0.65,0.58,0.65,0.6,1.0,0.51,0.79,0.5,0.01,2780,260,0.98,0.5,0.01,6,2.42,0.2,0.75,0.8,0.3,0.8,0.8,0.65,0.3,0.8,0.5,0.01,0.5,0.01,83,5,0.96,0.5,0.01,0.5,0.01,0.5,0.01,6,0.56,0.92,8,0.38,1.0,8,0.35,1.0,119,47,0.2,26,0,0.99,0,7,1.0,5,2,0.2,57,5,0.8,117,3,1.0,30,1,0.99,30,1,0.99,65,9,0.6,60,8,0.6,3,1.26,0.2,0.5,0.01,9,3.59,0.2,0.5,0.01,0.5,0.01,Salomon_Huck_Knife,,Knife_Cut_Co-Ex,,Eco_Sublimated_Poly_Topsheet,Jay_Howell,Sequim_WA_USA,,True_Twin,Tri-Axial_and_Bi-Axial_glass,2025,FSC_Certified,Tri-Ax_Bi-Ax_glass_with_carbon_power_bands,UHMW,Magne-Traction_7_serrations,,,,Intermediate-Advanced,GNU,Mens,2x4_inserts,Snowboard
o0RF7pQM9h,Salomon_Amer_Sports_1947_Annecy Assassin_Pro,791.99,115,1.0,0.8,0.8,1.0,0.99,2.0,0.49,0.8,0.8,0.8,2882,1153,0.2,0.5,0.01,6,2.42,0.2,0.7,0.7,0.6,0.6,0.5,0.01,0.7,0.7,1.0,0.9,0.5,0.01,84,34,0.2,0.5,0.01,0.5,0.01,0.5,0.01,8,0.45,0.99,8,0.38,1.0,8,0.35,1.0,118,2,1.0,25,0,1.0,2,7,1.0,5,2,0.2,54,2,1.0,113,45,0.2,29,1,1.0,30,12,0.2,70,3,1.0,78,5,0.8,3,1.26,0.2,0.5,0.01,9,3.59,0.2,0.5,0.01,0.5,0.01,NS_Photosynthesis_Yes_Greats_Stone_Message_Yes_Basic_Ride_TwinPig_Burton_Good_Co_Yes_Typo,,Sintered_EG_Base_gallium_electra,,,Bode_Merrill,,,Directional_Twin,BIAX_MD_medium_density_european_fiberglass,2026,30pct_plant_derived_molecular_structure,Ghost_Carbon_Beams_tip_tail_pop_stability,Gunslinger_Sidewalls_carbon_inlays_full_length,,Quadralizer_Sidecut,,Salomon_Assassin_Classicks_2017,Advanced_to_Expert,Salomon,Mens,2x4_Inserts,Snowboard
oBtLH8dMk7, Nightfall,399.99,115,0.95,0.4,0.8,0.0,0.99,2.0,0.49,0.8,0.5,0.01,2882,1153,0.2,0.5,0.01,6,2.42,0.2,0.5,0.01,0.5,0.01,0.55,0.5,0.6,0.7,0.5,0.01,0.5,0.01,84,34,0.2,0.5,0.01,0.5,0.01,0.5,0.01,2,0.45,1.0,9,0.52,0.9,9,0.48,0.9,119,47,0.2,25,0,0.9,0,7,1.0,0,2,1.0,55,22,0.2,113,45,0.2,29,1,0.9,30,1,0.9,72,4,0.9,92,5,0.8,3,1.26,0.2,0.5,0.01,9,3.59,0.2,0.5,0.01,0.5,0.01,Burton_Ripcord,,Extruded,,Embossed,,China,,True_Twin,,2025_MY25,,,Liquid_Sidewalls,,,Standard_4x4_and_2x4_mounting,,Beginner_to_Intermediate,5th_Element,Mens,2x4_and_4x4,Mens_snowboard
oWEDkCdJ99, Surfer,1799.99,115,1.0,0.65,0.8,1.0,0.98,3.0,0.49,0.8,0.75,0.7,3000,540,0.78,0.5,0.01,6,2.42,0.2,0.5,0.01,0.5,0.01,0.5,0.01,0.5,0.01,0.75,0.8,0.5,0.01,84,34,0.2,0.5,0.01,0.5,0.01,0.5,0.01,4,0.45,1.0,8,0.38,1.0,8,0.35,1.0,123,2,1.0,26,0,1.0,2,20,0.6,3,3,0.9,55,5,0.8,113,45,0.2,31,1,1.0,31,1,0.8,77,3,1.0,87,5,0.8,3,1.26,0.2,0.5,0.01,9,3.59,0.2,0.5,0.01,0.5,0.01,Jones_Storm_Chaser_best_all_around_pow_more_slashable,,Nano_Speed_S_sintered_ISOSPORT_7000,,Step_Down_Rails_Top_3D_reduces_weight,,Austria_CAPiTA_Mothership,,Tapered_Directional,Tri_Axial_Laminate,2025_2026,,AirRide_core_additive_vibration_dampening,Urethane_Flex_Walls,,,,,Intermediate_to_Advanced_Expert,Bataleon,Mens,2x4_inserts,Snowboard
oa21GQ68wW, Afterblack,879.99,115,0.97,0.85,0.8,0.8,0.8,3.0,0.25,0.99,0.6,0.6,2600,957,0.3,0.5,0.01,6,2.42,0.2,0.75,0.61,0.8,0.7,0.5,0.01,0.5,0.01,0.6,0.7,0.5,0.01,84,34,0.2,0.5,0.01,0.5,0.01,0.5,0.01,6,1.3,0.57,8,0.38,1.0,8,0.35,1.0,122,2,1.0,26,10,0.2,0,7,1.0,5,2,0.2,53,2,1.0,113,45,0.2,30,1,0.8,30,1,0.8,80,3,1.0,80,5,0.8,3,1.26,0.2,0.5,0.01,9,3.59,0.2,0.5,0.01,0.5,0.01,Capita_DOA_YES_Typo_Ride_Algorythm_Nitro_Team,,Sintered_4000,,Not_yet_detailed,Mark_Wilson_design_input,Guangzhou_Province_China,,True_Twin,Triax_Glass_plus_Carbon_DarkWeb,2027,Sustainably_harvested_timber,Hybritech_construction,P_Tex_sidewall_capped_tip_tail,,,,,Intermediate_to_Advanced,K2,Mens,2x4_Inserts,Mens_snowboard
oelJQmX6Pt,Mervin_Manufacturing Dynamo,969.99,159,0.9,0.75,0.8,0.5,0.01,1.0,0.51,0.79,0.9,0.8,2880,260,0.99,0.5,0.01,6,2.42,0.2,0.8,0.8,0.5,0.01,0.65,0.6,0.6,0.8,0.5,0.01,0.5,0.01,82,5,0.98,0.5,0.01,0.5,0.01,0.5,0.01,6,0.45,0.99,8,0.38,1.0,8,0.35,1.0,119,47,0.2,26,0,1.0,25,7,1.0,3,2,0.98,57,5,0.8,111,3,1.0,30,1,1.0,30,12,0.2,65,9,0.6,65,8,0.6,4,0.74,0.77,0.5,0.01,9,3.59,0.2,0.5,0.01,0.5,0.01,Yes_Pick_Your_Line_Burton_FA_Gnu_Mullair_Jones_Flagship_etc,,Eco_Sublimated_TNT_Base,,Eco_Sublimated_Poly_Topsheet,Austen_Sweetin_and_Phil_Hansen,Carlsborg_Sequim_WA_USA,,Tapered_Directional,Tri_Ax_Bi_Ax_Fiber,2025-2026,Renewable_core_water_based_solvents,,Birch_Internal_Sidewalls,Magne_Traction_7_bumps,,,,Advanced_to_Expert,Lib_Tech,Mens,2x4_Inserts,Snowboard
ogmLc4g28O,Mervin_Manufacturing Lib_Rig,1099.99,308,0.63,0.75,0.78,1.0,0.84,1.0,0.51,0.78,0.5,0.5,2940,299,0.93,0.85,0.95,7,0.98,0.8,0.75,0.8,0.8,0.8,0.65,0.7,0.3,0.8,0.5,0.01,0.5,0.8,83,6,0.92,0.8,0.8,0.8,0.8,0.7,0.8,7,0.45,1.0,8,3.03,0.2,8,3.11,0.2,119,47,0.2,26,10,0.2,4,8,0.93,5,2,0.92,57,5,0.8,105,3,0.97,30,1,0.97,30,12,0.2,80,9,0.6,80,32,0.2,3,0.69,0.8,0.5,0.01,9,3.59,0.2,0.7,0.8,0.5,0.01,Amplid_Souly_Grail_YES_PYL_Korua_Otto_Ride_Algorythm_Capita_BSOD,,Sintered_Knife_Cut_Base,,Eco_Sublimated_Poly_Topsheet,Austen_Sweetin,Sequim_Washington_USA_handbuilt,,Tapered_Directional,Tri_Ax_Bi_Ax_Fiber,2025-2026,FSC_certified_wood_cores,3way_fiber_increased_snap_decreased_vibrations,Birch_Internal_UHMW_Sintered_Sidewall,Magne_Traction_7_serrations_per_side,,,,Intermediate_Expert,Lib_Tech,Mens,2x4_Inserts,Snowboard
pB1C3ZULQO,CAPiTA_MFG_GmbH Mercury,1149.99,115,0.99,0.7,0.8,0.8,0.8,2.0,0.49,0.8,0.85,0.8,2550,724,0.6,0.8,0.8,6,1.2,0.7,0.85,0.8,0.5,0.01,0.5,0.01,0.5,0.8,0.5,0.01,0.5,0.01,87,6,0.92,0.5,0.01,0.8,0.7,0.5,0.01,6,0.45,0.99,7,1.04,0.6,8,3.11,0.2,119,47,0.2,26,10,0.2,8,3,0.2,0,2,1.0,55,22,0.2,113,45,0.2,30,1,0.97,31,1,0.97,54,3,0.97,80,32,0.2,5,0.84,0.7,0.5,0.01,9,3.59,0.2,0.5,0.01,0.5,0.01,Jones_MT_more_composed_directional_stronger_edge,,Hyperdrive_sintered_UHMWPE,,PLT_Topsheet_Technology,Kevin_Backstrom,MotherShip_Austrian_Alps,,Directional_0.5in_setback,Holysheet_Tri_Bi_fiberglass,2026,B_Corp_Score_98.9,4x25mm_CarbonFlax_Amplitex_Amplifier,ABS_sidewalls,Stainless_steel,New_Age_Progressive_Death_Grip,Any_4x4_or_4x2_bindings,Totally_FKn_Awesome,Intermediate_to_advanced_expert,CAPiTA,Mens,2x4_inserts,Snowboard
pDmf5ennJv,Mervin_Manufacturing T_Rice_Pro_Camber,935.99,115,1.0,0.75,0.8,0.8,0.8,1.0,0.49,0.8,0.4,0.7,3000,260,0.99,0.5,0.01,2,0.98,0.8,0.8,0.7,0.7,0.7,0.75,0.7,0.5,0.8,0.5,0.01,0.6,0.7,86,5,0.99,0.5,0.01,0.9,0.8,0.6,0.7,6,0.55,0.92,8,0.38,1.0,8,0.35,1.0,119,47,0.2,26,0,1.0,0,7,1.0,5,2,0.2,57,5,0.8,121,3,1.0,30,1,1.0,30,1,0.9,70,9,0.6,75,8,0.6,6,0.91,0.65,0.5,0.01,9,3.59,0.2,0.9,0.7,0.5,0.01,Burton_Custom_Camber_475_96_excellent_carving,,Eco_Sublimated_Sintered_Base_competition_ready,,Eco_Sublimated_Poly_Topsheet,Travis_Rice,Sequim_Washington_USA,,True_Twin,Triaxial_Biaxial_Fiberglass_Basalt_Alloy,2025-2026,Zero_hazardous_waste_producing,Volcanic_fiber_from_basalt_strength_dampening,Birch_Internal_UHMW_Sintered_Sidewall,Magne_Traction_7_serrations_per_side,,,,Advanced_to_expert,Lib_Tech,Mens,2x4_Inserts,Snowboard
pRkSjnKwKK,Nitro_AG_Hunenberg_Switzerland Banker,999.0,164,0.9,0.65,0.7,0.5,0.8,1.25,0.29,0.93,0.8,0.8,2600,809,0.5,0.85,0.99,7,0.98,0.8,0.7,0.8,0.5,0.01,0.7,0.7,0.5,0.8,0.5,0.01,0.5,0.8,84,34,0.2,0.8,0.8,0.8,0.8,0.7,0.8,8,0.45,0.95,7,0.9,0.7,7,0.69,0.8,119,47,0.2,25,0,0.92,15,7,1.0,0,6,0.6,54,5,0.8,112,3,1.0,30,1,1.0,30,12,0.2,65,9,0.6,75,8,0.6,3,0.69,0.8,0.5,0.01,9,3.59,0.2,0.8,0.8,0.5,0.01,Amplid_Souly_Grail_K2_Alchemist_Jones_Flagship_Pro_etc,,Sintered_EcoSpeed_HD_Base,,EcoGuard_Topsheet_90pct_recycled,Bryan_Fox_Tommy_Delago_Christy_Prior,Austria,,Directional,Bi_Lite_Laminates_two_direction_fibres,2027,FSC_responsibly_sourced,,ABS_Sidewalls_35pct_recycled,Recycled_Steel_Edge_50pct,Progressive_Sidecut,Standard_or_mini_disk_bindings,,Advanced_to_Expert,Nitro,Unisex_for_2027,2x4_Inserts,Snowboard
piURfUDEJD, Twinpig,899.99,214,0.82,0.85,0.8,1.0,0.86,2.13,0.85,0.2,0.85,0.9,2500,724,0.6,0.5,0.01,6,2.42,0.2,0.55,0.8,0.5,0.01,0.9,0.8,0.5,0.8,0.5,0.01,0.5,0.01,81,5,0.96,0.5,0.6,0.8,0.7,0.5,0.01,4,1.35,0.54,8,3.03,0.2,8,3.11,0.2,115,2,1.0,27,0,1.0,0,7,1.0,5,2,0.2,56,2,1.0,113,45,0.2,33,1,1.0,32,1,0.9,88,6,0.8,86,5,0.8,5,0.84,0.7,0.5,0.01,9,3.59,0.2,0.5,0.01,0.5,0.01,YES_Greats_carves_exceptionally_well,,Sintered_Stone_Ground_4000_PTEX,,Standard_Top_Sheet_durable_urethane,,China_production_RD_Seattle,,Asymmetrical_Twin,Hybrid_Glass_Triaxial_top_Biaxial_base,2027,30pct_recycled_steel_materials,Double_Impact_Plates_urethane_weaves,Slim_Walls_3D_composite_Slimewall_urethane,Cleave_Edge_Steel_50pct_more_steel,Asymmetrical_Quadratic_Sidecut_three_radii,Compatible_ReFlex_and_standard_disc,,Beginner_Intermediate_Advanced,Ride_Snowboards,Unisex,2x4_inserts,Snowboard
pn8NiiLe60,Nitro_AG_Hunenberg_Switzerland Mastercarve,999.99,115,0.98,0.65,0.7,0.5,0.8,2.0,0.25,0.99,0.85,0.8,2882,1153,0.2,0.5,0.01,6,2.42,0.2,0.5,0.01,0.5,0.01,0.5,0.01,0.5,0.01,0.3,0.8,0.5,0.01,84,34,0.2,0.5,0.01,0.5,0.01,0.5,0.01,9,0.45,1.0,6,0.9,0.7,8,3.11,0.2,119,47,0.2,26,10,0.2,2,7,0.98,5,2,0.2,55,22,0.2,123,3,0.98,32,1,0.98,30,12,0.2,75,9,0.6,80,32,0.2,3,1.26,0.2,0.5,0.01,9,3.59,0.2,0.5,0.01,0.5,0.01,Korua_Cafe_Racer_flex7_directional_float_camber,,Sintered_Extruded_HD_Base,,EcoGuard_Topsheet_90pct_recycled,Bryan_Fox,Playmaker_factory_Taiwan,,Directional,Tri_Lite_Laminates_3_directions,2027,85_pct_post_industrial_Ptex,,ABS_Sidewall_flexible_impact_resistant,Recycled_Steel_Edge,Progressive_Sidecut,,Woodcarver_discontinued_after_2021_22,Advanced,Nitro,Mens,2x4_Inserts,
qDNHgycySn,Burton_Snowboards_founded_1977 Process_Flying_V,879.99,248,0.76,0.9,0.7,0.6,0.5,2.13,0.85,0.2,0.5,0.01,2882,1153,0.2,0.5,0.01,6,2.42,0.2,0.45,0.8,0.45,0.7,0.8,0.8,0.2,0.8,0.5,0.01,0.5,0.01,84,34,0.2,0.5,0.01,0.5,0.01,0.5,0.01,2,1.2,0.63,8,0.81,0.76,8,0.75,0.76,120,4,0.76,25,1,0.76,0,16,0.76,5,2,0.2,56,5,0.76,113,45,0.2,29,2,0.76,30,2,0.76,80,7,0.76,80,6,0.76,2,0.69,0.8,0.5,0.01,9,3.59,0.2,0.5,0.01,0.5,0.01,Lib_Tech_TRS_user_switched_happy_except_jibbing,,Durable_highly_porous_superior_wax_absorption,,,Mark_McMorris,Austria_25plus_years_some_China,,Twin_Twin,Triax_fiberglass_above_below_core_3_layers_angled,2027,Certified_B_Corporation,Wood_grain_along_edges_two_unbroken_zones_perpendicular,,Frostbite_Edges_extend_under_bindings_hardpack_ice,,Compatible_most_brands_best_with_EST,,Intermediate,Burton,Mens,The_Channel_2_slots_2_screws_infinite_stance,Snowboard
qSB6gSCS0V, Placebo,959.99,115,1.0,0.65,0.8,0.75,0.6,2.13,0.85,0.2,0.5,0.01,2882,1153,0.2,0.5,0.01,6,2.42,0.2,0.5,0.01,0.5,0.01,0.7,0.7,0.2,0.7,0.75,0.8,0.5,0.01,84,34,0.2,0.5,0.01,0.5,0.01,0.5,0.01,8,0.45,0.99,7,0.74,0.8,7,0.69,0.8,119,2,0.99,25,0,0.99,8,3,0.2,5,2,0.2,55,2,0.99,113,45,0.2,30,1,0.99,30,1,0.99,75,3,0.99,81,5,0.8,3,1.26,0.2,0.5,0.01,9,3.59,0.2,0.5,0.01,0.5,0.01,CAPiTA_DOA_hybrid_camber_best_am_freestyle,,Ultra_Glide_S_7000_grade_sintered,,,,Austria_CAPiTA_Mothership,,Directional_Twin,Traditional_two_way_weave,2027,,Central_SuperTube_hollow_carbon_pop,FlexWalls_urethane_sidewalls,,Tri_radial_size_specific,Standard_2x4_inserts_compatible_all_major_brands,Goliath_redesign_progression,Intermediate_Advanced,Bataleon,Mens,2x4_Inserts,Snowboard
qgoFRGDtRP,Mervin_Manufacturing Upgrade,999.99,195,0.85,0.5,0.01,1.0,0.99,2.13,0.85,0.2,0.5,0.01,2920,260,0.98,0.5,0.01,6,2.42,0.2,0.9,0.9,0.6,0.6,0.5,0.01,0.5,0.01,0.5,0.01,0.5,0.01,89,5,0.98,0.5,0.01,0.5,0.01,0.5,0.01,6,1.17,0.65,8,0.74,0.8,8,3.11,0.2,119,47,0.2,26,10,0.2,1,7,1.0,0,4,0.8,57,5,0.8,113,45,0.2,30,1,0.96,30,12,0.2,73,29,0.2,80,32,0.2,3,1.26,0.2,0.5,0.01,9,3.59,0.2,0.5,0.01,0.5,0.01,Lib_Tech_Terrain_Wrecker,,Eco_Sublimated_Sintered_Base,,Eco_Sublimated_Poly_Topsheet,Jeff_Hendo_Henderson,,,Directional_Twin,Tri_Axial_Bi_Axial_Glass,2025-2026_season,FSC_Certified_wood_cores,Carbon_Power_Bands,UHMW_Polyethylene,,,,GNU_Hyper_discontinued,Intermediate,GNU,Mens,2x4_Inserts,Snowboard
qx4DfZPcfO, Cameleon,1149.99,115,1.0,0.75,0.8,0.85,0.8,3.0,0.49,0.8,0.5,0.8,2600,809,0.5,0.5,0.01,6,2.42,0.2,0.5,0.01,0.75,0.8,0.7,0.7,0.3,0.8,0.5,0.01,0.5,0.01,83,14,0.6,0.5,0.01,0.5,0.01,0.5,0.01,5,0.45,1.0,7,0.38,1.0,7,0.35,1.0,118,2,1.0,26,0,1.0,8,3,0.2,15,2,0.97,57,5,0.8,113,45,0.2,31,1,1.0,31,1,0.8,81,3,1.0,91,5,0.8,2,0.84,0.7,0.5,0.01,9,3.59,0.2,0.5,0.01,0.5,0.01,Capita_Navigator,,Ultra_Glide_S_7000_grade_sintered,,Step_Down_Rails_Top_3D,,Austria_CAPiTA_Mothership,,Tapered_Directional,Tri_Ax_Laminate_three_way_fiberglass,2025/2026,,3BT_3D_base_shaping_catch_free_turns_float,Flex_Walls_urethane_poured,Triple_Base_Technology_3BT_edge_catch_reduction,,2x4_pattern_compatible_most_modern_bindings,Bataleon_Camel_Two,Intermediate_Expert,Bataleon,Mens,2x4_24_inserts_stainless_steel,Snowboard
r19U0PEwkn,Burton_Snowboards_founded_1977 Process,703.99,115,0.99,0.8,0.7,1.0,1.0,3.0,0.25,1.0,0.5,0.01,3100,260,0.97,0.5,0.01,6,2.42,0.2,0.5,0.01,0.25,0.8,0.7,0.7,0.4,0.8,1.0,0.85,0.5,0.01,85,16,0.5,0.5,0.01,0.5,0.01,0.5,0.01,6,1.56,0.38,8,0.38,0.99,8,3.11,0.2,122,2,0.99,25,0,0.99,12,22,0.5,5,2,0.2,56,2,0.99,113,45,0.2,29,1,0.99,30,12,0.2,80,3,0.99,80,32,0.2,4,0.35,1.0,0.5,0.01,10,0.86,0.81,0.5,0.01,0.5,0.01,Salomon_Assassin,,Durable_highly_porous_superior_wax_absorption,10.0,Tiger_graphic_glow_in_dark_elements,Mark_McMorris,Kiel_Nindl_GMBH_Austria,,True_Twin,Triax_Fiberglass_45_45_0,2026,FSC_Certified,Dualzone_EGD_Engineered_Grain_Direction,,Frostbite_Edges_extend_from_sidewall,,Works_best_with_Burton_EST_bindings,,Intermediate_Advanced,Burton,Mens,The_Channel_all_brands_compatible,Snowboard
rVu6J9pm3a,Mervin_Manufacturing Facts,559.99,143,0.92,0.7,0.8,0.8,0.77,1.0,0.25,0.99,0.8,0.8,2882,1153,0.2,0.5,0.01,6,2.42,0.2,0.95,0.9,0.5,0.01,0.75,0.7,0.2,0.47,0.5,0.01,0.5,0.01,84,34,0.2,0.5,0.01,0.5,0.01,0.5,0.01,6,0.45,0.96,8,0.38,1.0,8,0.35,1.0,119,47,0.2,25,0,1.0,1,7,1.0,5,2,0.2,55,7,0.6,119,3,1.0,30,1,1.0,30,1,1.0,65,9,0.6,75,8,0.6,3,1.26,0.2,0.5,0.01,9,3.59,0.2,0.5,0.01,0.5,0.01,More_edge_grip_stability_via_Magne_Traction,,Extruded_Knife_Cut_Co_Ex,,Eco_Sublimated_Poly_Topsheet,Sam_Davidson_Anti_Hero,Sequim_Carlsborg_Washington_USA,,Directional_Twin,Tri_Ax_Bi_Ax_Fiberglass,2026,Zero_hazardous_waste_factory,,UHMW_Polyethylene,Magne_Traction_7_serrations,,Bent_Metal_bindings_same_factory,,Beginner_Intermediate,GNU,Mens,2x4_Inserts,Snowboard
rnemYdm2f1,Mervin_Manufacturing Skate_Banana,539.99,312,0.62,0.75,0.8,0.0,0.99,1.0,0.49,0.8,0.5,0.6,2882,1153,0.2,0.5,0.8,6,0.98,0.8,0.8,0.8,0.5,0.01,0.75,0.7,0.4,0.8,0.5,0.01,0.8,0.8,84,34,0.2,0.5,0.8,0.5,0.8,0.7,0.8,4,1.22,0.62,8,1.02,0.62,8,3.11,0.2,119,47,0.2,26,1,0.62,0,7,0.95,5,2,0.2,61,6,0.62,117,9,0.62,29,2,0.62,30,12,0.2,45,9,0.6,80,32,0.2,4,0.84,0.7,0.5,0.01,9,3.59,0.2,0.2,0.9,0.5,0.01,Burton_Process_advanced_lightweight_twin,,Eco_Sublimated_TNT_UHMW,,Eco_Sublimated_Poly_Top,Ryan_Davis_jonnywavis,Handbuilt_USA_Sequim_WA,,Twin,Tri_Ax_Bi_Ax_Fiber,2024_2023_2024_season,Zero_hazardous_waste_production,,Birch_internal_sidewalls,Magne_Traction_7_serrations,,Standard_2x4_mounting,,Day_1_to_Advanced,Lib_Tech,Mens,2x4_Inserts,Snowboard
rnwZw4kRkN,Salomon_SAS_Annecy_France Pulse,549.99,115,0.99,0.65,0.7,0.85,0.8,2.0,0.25,0.99,0.8,0.8,2350,260,0.99,0.5,0.01,6,2.42,0.2,0.75,0.7,0.5,0.01,0.7,0.7,0.1,0.72,0.5,0.01,0.5,0.01,84,34,0.2,0.5,0.01,0.5,0.01,0.5,0.01,2,1.0,0.75,6,0.38,1.0,8,3.11,0.2,118,3,0.88,25,1,0.88,1,20,0.6,5,2,0.2,55,22,0.2,113,45,0.2,30,1,0.88,30,1,0.88,65,5,0.88,75,5,0.8,3,0.97,0.6,0.5,0.01,9,3.59,0.2,0.5,0.01,0.5,0.01,K2_Raygun_Yes_Basic_Rossignol_One_LF_Salomon_Sight_Ride_Agenda,,Extruded,,UV_Protected_Gloss,,,,Directional_Twin,BIAX_LD_fiberglass_BA_LD_Glass,2024/2025,FSC_Certified_Aspen_wood_core,,ABS_Acrylonitrile_Butadiene_Styrene,Bite_Free_Edges,Radial,,Previous_Salomon_Pulse_models_since_2008_2009,Beginner_Intermediate,Salomon,Mens,4x2_Inserts,Snowboard
s2T2yRY9iM,CAPiTA_Snowboards_C3_Worldwide Defenders_of_Awesome_DOA,999.99,160,0.9,0.75,0.8,0.6,0.6,2.0,0.36,0.89,0.5,0.01,2882,1153,0.2,0.65,0.8,2,0.98,0.8,0.75,0.7,0.5,0.7,0.5,0.01,0.5,0.01,0.5,0.01,0.6,0.5,91,10,0.8,0.75,0.7,0.5,0.01,0.5,0.01,6,0.45,1.0,8,0.38,0.96,8,3.11,0.2,123,2,0.97,26,10,0.2,0,7,1.0,0,2,1.0,56,2,0.96,113,45,0.2,30,1,0.96,30,12,0.2,68,3,0.96,77,5,0.8,3,1.26,0.2,0.5,0.01,9,3.59,0.2,0.5,0.01,0.5,0.01,YES_Greats_UnInc_asym_sidecut_midbite_stiffer,,Quantum_Drive_sintered_UHMWPE,,PLT_Digital_Screen_Print_Metallic_Underlay,,The_Mothership_Feistritz_Austria,,True_Twin,Hybrid_Carbon_HolySheet_BiAx,2027,100pct_clean_energy_hydro_solar,Carbon_Fiber_Boosters,Fortress_Aramid_Kevlar_Sidewalls,,Blended_Radial,All_standard_2x4_insert_bindings,,Intermediate_to_advanced,CAPiTA,Mens,2x4_inserts,Snowboard
sNXo66BiQz, Warden,829.99,139,0.92,0.45,0.8,1.0,0.96,2.0,0.49,0.8,0.75,0.8,3240,260,0.96,0.5,0.01,2,0.98,0.8,0.75,0.8,0.5,0.01,0.75,0.67,0.2,0.7,0.75,0.8,0.5,0.01,87,5,0.95,0.6,0.7,0.5,0.01,0.5,0.01,5,0.45,1.0,8,3.03,0.2,8,3.11,0.2,120,4,0.71,25,1,0.71,0,7,0.94,0,5,0.71,55,6,0.7,113,45,0.2,30,12,0.2,30,12,0.2,72,8,0.71,80,32,0.2,2,0.84,0.7,0.5,0.01,9,3.59,0.2,0.5,0.01,0.5,0.01,CAPiTA_Mercury_NS_Trooper_LT_Terrain_Wrecker,,High_end_durable_extruded_base,,,,,,Directional_Twin,Triax_Upper_Biax_Lower,2027,,Twin_Single_Bamboo_HotRod,,,Radial_Sidecut,,,Intermediate_to_advanced_quiver_killer,Rome,Mens,2x4_Inserts,Snowboard
sdDOE7560R,CAPiTA_Snowboards_Capita_MFG_GmbH Pathfinder,799.99,160,0.9,0.6,0.7,1.0,0.97,2.0,0.25,1.0,0.75,0.77,6000,724,0.6,0.3,0.8,5,1.2,0.7,0.5,0.01,0.15,0.9,0.7,0.7,0.3,0.8,0.5,0.01,0.85,0.8,84,34,0.2,0.5,0.01,0.5,0.01,0.5,0.01,4,0.63,0.9,8,0.38,0.95,8,0.35,0.95,124,5,0.5,26,0,0.95,0,10,0.9,0,3,0.85,56,2,0.99,113,45,0.2,30,1,0.95,30,1,0.95,68,10,0.5,77,9,0.5,2,0.69,0.8,0.5,0.01,9,3.59,0.2,0.5,0.01,0.5,0.01,Rome_Mechanic_more_planted_pathfinder_snappier,,Sintruded_sintered_extruded_hybrid,,Metallic_Screen_and_Gloss_Matte_Print,,Handcrafted_in_Austria_at_The_MotherShip,,True_Twin_symmetrical,Special_Blend_Fiberglass_biaxial,2026,Certified_B_Corporation,,,Bitter_End_Deflection_Tuning,Radial_single_radius,2x4_insert_compatible_most_modern_bindings,Horrorscope_series,Beginner,CAPiTA,Mens,2x4_Inserts,Snowboard
spP1v7GA81,Nitro_AG_Hunenberg_Switzerland Nitro_x_Inter_Snowboard,899.99,220,0.81,0.6,0.7,0.9,0.9,2.0,0.25,0.99,0.75,0.8,2882,1153,0.2,0.5,0.01,4,1.2,0.7,0.5,0.01,0.5,0.01,0.5,0.01,0.5,0.01,0.5,0.01,0.5,0.01,84,34,0.2,0.7,0.7,0.5,0.01,0.5,0.01,7,0.45,1.0,7,0.74,0.8,7,0.69,0.8,119,47,0.2,25,0,0.99,15,7,1.0,5,2,0.2,54,5,0.8,117,3,0.99,30,1,0.99,30,1,0.9,70,3,0.99,70,5,0.8,3,1.26,0.2,0.5,0.01,10,0.45,0.99,0.5,0.01,0.5,0.01,Burton_Custom_Camber_679_95,,Sintered_EcoSpeed_HD,10.0,Water_based_inks,Ludvig_Billtoft_Yuto_Yamada_Nils_Arvidsson,,,Directional_Twin,Bi_Lite_Laminates_two_direction_fibres,2026,100pct_solar_powered_700KW,,ABS_35pct_recycled_polymers,50pct_recycled_steel_durable,Dual_Degressive,,,Intermediate,Nitro_Snowboards,Mens,2x4_inserts,Snowboard
t3UScMTGDP,Burton_Snowboards_Burlington_VT Custom_Flying_V,699.99,134,0.93,0.9,0.9,0.9,0.9,3.0,0.49,0.8,0.65,0.7,2600,724,0.6,0.5,0.8,6,0.98,0.8,0.5,0.7,0.5,0.01,0.65,0.6,0.6,0.7,0.8,0.8,0.7,0.8,84,34,0.2,0.7,0.8,0.7,0.8,0.5,0.8,4,0.63,0.9,8,0.52,0.9,8,0.49,0.9,120,2,0.9,25,0,0.9,1,10,0.9,5,2,0.2,53,3,0.9,113,45,0.2,29,1,0.9,30,1,0.9,80,5,0.9,80,5,0.8,3,0.69,0.8,0.5,0.01,9,3.59,0.2,0.6,0.8,0.5,0.01,Jones_MT_LibTech_TRP_NS_PT2_Capita_Mercury_Yes_Std_Burton_FA_Sal_Assassin,,Sintered_WFO,,,,China,,Twinish,,2025,Certified_B_Corporation,Pro_Tip_tapered_tips,,Frostbite_Edges,,The_Channel_all_major_bindings,,Beginner_Expert,Burton,Mens,The_Channel,Snowboard_deck_only
tBtg11GZkI,Mervin_Manufacturing Riders_Choice,879.99,115,0.99,0.95,0.9,0.9,0.9,2.13,0.85,0.2,0.75,0.8,3080,260,0.99,0.5,0.01,8,1.2,0.7,0.8,0.7,0.6,0.6,0.5,0.01,0.6,0.8,0.5,0.01,0.5,0.01,88,5,0.99,0.5,0.01,0.5,0.01,0.5,0.01,6,0.45,0.96,8,0.9,0.7,8,3.11,0.2,119,47,0.2,26,10,0.2,0,7,1.0,5,2,0.2,57,5,0.8,119,3,1.0,30,1,1.0,30,12,0.2,80,9,0.6,80,32,0.2,2,0.69,0.8,0.5,0.01,9,3.59,0.2,0.25,0.7,0.5,0.01,Never_Summer_Proto_Synthesis_Burton_Custom_Flying_V,,Sintered_Knife_Cut_Base,,Eco_Sublimated_Bio_Beans_Topsheet,Mathieu_Crepel_Blake_Paul_Max_Gus_Warbington,Sequim_Washington_USA,,Asym_Twin,Tri_Ax_Bi_Ax_plus_Carbon_Power_Bands,2026,Zero_hazardous_waste_manufacturing,Carbon_Power_Bands_pop_response_lifespan,UHMW_Ultra_High_Molecular_Weight_Polyethylene,Magne_Traction_7_serrations,,Union_Force_Burton_Cartel_medium_flex,,Intermediate_to_Advanced,GNU,Mens,2x4_Inserts,Snowboard
tGr1O7bwpu,Burton_Snowboards Family_Tree_High_Fidelity,1099.99,115,1.0,0.8,0.7,0.9,0.9,3.0,0.49,0.8,0.5,0.6,2450,724,0.6,0.85,0.8,8,0.98,0.8,0.5,0.7,0.5,0.01,0.7,0.7,0.5,0.8,0.5,0.01,0.2,0.8,84,34,0.2,0.8,0.7,0.8,0.6,0.7,0.8,8,0.45,0.96,8,0.38,1.0,8,3.11,0.2,112,2,1.0,25,0,1.0,25,7,1.0,7,2,1.0,56,6,0.7,113,45,0.2,29,1,1.0,30,12,0.2,80,3,1.0,80,32,0.2,4,0.84,0.7,0.5,0.01,9,3.59,0.2,0.8,0.8,0.5,0.01,Amplid_Souly_Grail_K2_Alchemist_YES_PYL_Uninc_Weston_Backwoods_United_Shapes_Cadet_Burton_Gril_Master_Jones_Flagship_Pro,,Sintered_WFO,,Bird_themed_vulture_graphic,Ben_Ferguson_and_Kimmy_Fasani,Austria_Keil_factory,,Tapered_Directional_Freeride,45_degree_Carbon_Highlights,2026,B_Corporation,,,,,All_major_brands_EST_optimized,,Intermediate_Advanced,Burton,Unisex,The_Channel,Snowboard
tyCoQ9A7Bi,Salomon_SAS_Amer_Sports HPS_Sickstick_Hillside_Project_Series,664.99,115,1.0,0.75,0.7,1.0,1.0,2.13,0.85,0.2,0.65,0.7,2882,1153,0.2,0.5,0.01,6,2.42,0.2,0.8,0.8,0.8,0.7,0.5,0.01,0.5,0.01,1.0,0.9,0.5,0.01,84,34,0.2,0.5,0.01,0.5,0.01,0.5,0.01,6,0.79,0.84,8,3.03,0.2,8,3.11,0.2,114,2,1.0,26,0,1.0,0,7,1.0,1,4,0.74,55,22,0.2,113,45,0.2,29,1,1.0,30,1,0.8,68,3,0.99,78,5,0.8,2,0.84,0.7,0.5,0.01,9,3.59,0.2,0.5,0.01,0.5,0.01,Ride_Warpig_excellent_value_alternative,,Sintered_EG_Gallium_Electra_Fine_Stone,,Clean_natural_wood_bamboo_visible_good_looking,Wolle_Nyvelt,Amer_Sports_factories_Taiwan_China,,Tapered_Twin,BA_MD_Glass_biaxial_medium_density,2025_Season_2024_2025,30pct_bio_based_resin,Reduces_fiberglass_resin_40pct,ABC_Wrapper_bamboo_cork,All_Mountain_Edge_Bevel,Quadralizer_Sidecut,,,Intermediate_to_Advanced_Expert,Salomon,Unisex,2x4_inserts,Snowboard
u89bIG1J6F, Flagship,1299.99,115,1.0,0.85,0.8,0.55,0.7,2.0,0.49,0.8,0.65,0.7,2900,260,0.98,0.5,0.01,8,0.98,0.8,0.65,0.8,0.5,0.01,0.8,0.8,0.6,0.8,0.5,0.01,0.2,0.8,84,34,0.2,0.9,0.71,0.7,0.8,0.7,0.8,8,0.45,0.96,8,0.38,1.0,9,0.35,1.0,114,2,1.0,25,0,1.0,20,7,1.0,12,2,0.99,56,2,1.0,113,45,0.2,28,1,1.0,30,12,0.2,66,3,1.0,75,5,0.8,3,0.69,0.8,0.5,0.01,9,3.59,0.2,0.7,0.8,0.5,0.01,Amplid_Souly_Grail_K2_Alchemist_YES_PYL_Weston_Cardiff_United,,Sintered_9900,,Ash_Wood_Veneer_lightweight_damp,,SWS_factory_Dubai_UAE,,Tapered_Directional,Triax_Fiberglass_triple_layer_multi_axis,2027,Fair_Trade_Certified_industry_first,BComp_Carbon_Flax_Stringer_Bio_Resin,Recycled_ABS_round_finish,Traction_Tech_3_0_three_contact_points,,,,Intermediate_Advanced,Jones_Snowboards,Mens,2x4_Inserts,Freeride_snowboard
uQdTbVcuYt, Indoor_Survival,1099.99,115,0.97,0.7,0.79,0.5,0.8,2.0,0.49,0.8,0.6,0.7,2450,724,0.6,0.85,0.92,4,1.2,0.7,0.7,0.8,0.7,0.8,0.75,0.8,0.5,0.8,0.5,0.01,0.7,0.8,80,7,0.89,0.7,0.8,0.9,0.8,0.8,0.8,4,0.45,0.97,8,0.9,0.7,8,3.11,0.2,121,4,0.71,26,1,0.71,0,7,0.99,5,2,0.2,56,6,0.71,113,45,0.2,29,2,0.71,30,12,0.2,72,8,0.71,76,7,0.71,2,0.84,0.7,0.5,0.01,9,3.59,0.2,0.8,0.8,0.5,0.01,Bataleon_ET_CAPiTA_DOA_Mercury_Jones_MT_YES_NSB_etc,,Quantum_Drive_sintered_UHMW,,PLT_Technology_lacquer_free,Chris_Grenier,Austria_MotherShip_Feistritz,,True_Twin,HolySheet_Triax_top_Biax_bottom,2027,100pct_clean_energy_hydro_solar,Full_length_Titanal_Centerline_Booster,Full_ABS1000_sidewalls,Reverse_sidecut_arc_midsection_pressure_edge_control,New_Age_Radial_Death_Grip,Standard_2x4_all_major_brands,,Intermediate_to_Advanced,CAPiTA,Mens,2x4_Stainless_Steel_Inserts,Snowboard
uZ3Xf52G0y,Core_SrL_C3_Worldwide Spring_Break_Slush_Slashers_2.0,799.99,115,0.96,0.6,0.7,1.0,1.0,2.0,0.49,0.8,0.5,0.01,2350,724,0.6,0.8,0.7,6,1.39,0.6,0.6,0.8,0.75,0.7,0.85,0.8,0.3,0.8,0.5,0.01,0.5,0.01,84,34,0.2,0.3,0.8,0.5,0.01,0.5,0.01,4,0.45,1.0,8,0.38,1.0,8,3.11,0.2,129,2,1.0,27,0,1.0,8,3,0.2,4,4,0.8,58,5,0.8,113,45,0.2,32,1,1.0,30,12,0.2,93,6,0.82,80,32,0.2,2,0.84,0.7,0.5,0.01,9,3.59,0.2,0.5,0.01,0.5,0.01,Gentemstick_Mantaray_Yes_Hybrid_Jones_Hovercraft_Lib_Tech_Orca_etc,,SuperDrive_sintruded,,PLT_Topsheet_Technology,Corey_Smith,MotherShip_Feistritz_Austria,,Directional,Special_Blend_Fiberglass_Magic_Bean_Resin,2027,Certified_B_Corp_score_98.9,Ultralight_alloy_cruiser_style_skid_plate,,Inlaid_Alloy_Skid_Plate,Radial_single_radius,,,,CAPiTA,Mens,Stainless_Steel_4x2_Inserts,Snowboard
uatICKHOOX, Sleepwalker,559.99,115,1.0,0.7,0.8,0.4,0.7,2.13,0.85,0.2,0.8,0.8,2882,1153,0.2,0.5,0.01,6,2.42,0.2,0.65,0.6,0.8,0.7,0.8,0.8,0.4,0.53,1.0,0.9,0.5,0.01,84,34,0.2,0.5,0.01,0.5,0.01,0.5,0.01,3,0.45,0.99,8,0.38,0.99,8,0.35,0.99,120,2,0.99,25,0,0.99,0,7,0.95,5,2,0.2,56,2,0.99,113,45,0.2,30,1,0.99,30,1,0.99,70,3,0.99,78,5,0.8,3,1.26,0.2,0.5,0.01,9,3.59,0.2,0.5,0.01,0.5,0.01,CAPiTA_DOA_poppy_predictable_safest_park_rec,,sintered_bm,,Mad_scientists_electrifying_mishap,Tommy_Gesme,Austria_Bulgaria_France_Finland_Canada_US,,True_Twin,BA_MD_Biaxial_Medium_Density_fiberglass,2026,FSC_certified_wood_plus_30pct_bio_resin,Popster_milled_core_for_natural_flex_and_pop,ABS_Sidewalls_with_Royal_Rubber_Pads,Freestyle_Edge_Bevel,EQ_Rad_Sidecut,,,Beginner_Intermediate,Salomon,Mens,2x4_inserts,Snowboard
ucB8HlcFGp,Salomon_SAS_Annecy_France Pulse,599.99,136,0.93,0.55,0.8,1.0,0.99,2.13,0.85,0.2,0.8,0.8,2350,362,0.9,0.5,0.01,6,2.42,0.2,0.55,0.51,0.2,0.8,0.5,0.01,0.1,0.48,0.5,0.01,0.5,0.01,84,34,0.2,0.5,0.01,0.5,0.01,0.5,0.01,2,1.05,0.72,6,0.38,0.99,8,3.11,0.2,118,2,0.95,25,0,0.95,10,15,0.78,5,2,0.2,55,6,0.7,113,45,0.2,30,2,0.78,30,1,0.78,65,8,0.72,75,6,0.72,3,0.84,0.7,0.5,0.01,9,3.59,0.2,0.5,0.01,0.5,0.01,K2_Raygun_Burton_Instigator_Nitro_Prime_Yes_Basic_Rossignol_OneLF,,Extruded,,UV_Protected_Gloss,,,,Directional_Twin,BA_LD_Biaxial_Low_Density_fiberglass,2026,FSC_Certified_Wood_Core,High_density_birch_binding_area_insert_retention,ABS,BiteFree,Radial,S_M,,Beginner_Intermediate,Salomon,Mens,4x2_Inserts,Snowboard
uovZzGxoNC,Amsterdam_Netherlands_Low_Pressure_Studio Turbo,919.99,115,1.0,0.75,0.7,0.3,0.7,3.0,0.49,0.8,0.5,0.01,2882,1153,0.2,0.9,0.75,6,2.42,0.2,0.7,0.7,0.75,0.7,0.5,0.01,0.5,0.8,0.75,0.8,0.5,0.01,84,34,0.2,0.5,0.01,0.5,0.01,0.5,0.01,9,0.45,1.0,8,0.38,1.0,8,0.35,1.0,120,2,1.0,25,0,1.0,8,3,0.2,5,2,0.2,57,5,0.8,113,45,0.2,30,1,1.0,30,1,0.9,77,3,1.0,83,5,0.8,2,0.69,0.8,0.5,0.01,9,3.59,0.2,0.5,0.01,0.5,0.01,Burton_Custom_X_1_Capita_Mega_Merc_2_YES_Standard_3_Turbo_4,,Ultra_Glide_S_7000_grade_sintered,,,,Titan_Factory_China,,Directional_Twin,Tri_Ax_fiberglass_three_way_weave,2025/2026,,Carbon_stringers_strategically_placed,Flex_Walls_Urethane_Poured_Sidewalls,,,,None_all_new,Advanced_Expert,Bataleon,Mens,2x4_Inserts,Snowboard
uyFsPjyvhd,Salomon_SAS Fastlane,1049.99,115,1.0,0.7,0.7,0.5,0.8,2.0,0.57,0.73,0.5,0.01,3150,763,0.55,0.5,0.01,6,2.42,0.2,0.5,0.01,0.5,0.01,0.6,0.6,0.4,0.8,0.5,0.01,0.5,0.01,84,34,0.2,0.5,0.01,0.5,0.01,0.5,0.01,9,0.45,0.99,7,1.04,0.6,8,3.11,0.2,114,5,0.6,26,1,0.6,2,7,0.99,1,5,0.74,55,7,0.55,113,45,0.2,30,2,0.55,30,12,0.2,72,3,0.99,80,32,0.2,3,1.26,0.2,0.5,0.01,9,3.59,0.2,0.5,0.01,0.5,0.01,Jones_Flagship_no1_freeride_749_95,,50pct_recycled_sintered,,Olive_wood_veneer,Nils_Mindnich_and_Wolle_Nyvelt,,,Tapered_Directional,Basalt_flax_BFX_Ultra,2027,FSC_certified_wood_core_comprehensive,Two_natural_fibers_weight_power_dampening,66pct_recycled_ABS,20pct_recycled_edges,Quadratic_Sidecut,,,Advanced_to_Expert,Salomon,Unisex,2x4_Inserts,Snowboard
v345nLV3zz, Good_Company,699.99,134,0.93,0.95,0.67,0.6,0.5,3.0,0.49,0.8,0.5,0.6,3000,260,0.95,0.85,0.96,3,0.98,0.8,0.75,0.5,0.8,0.56,0.7,0.7,0.4,0.8,0.5,0.01,0.7,0.8,86,5,0.95,0.7,0.8,0.9,0.8,0.8,0.8,4,1.29,0.58,8,0.44,0.93,8,0.41,0.93,118,2,0.93,25,0,0.93,0,7,1.0,5,2,0.2,55,22,0.2,113,45,0.2,30,12,0.2,30,12,0.2,68,4,0.93,80,5,0.8,2,1.09,0.5,0.5,0.01,9,3.59,0.2,0.8,0.8,0.5,0.01,NS_Photosynthesis_Yes_Greats_Stone_Message_LT_Box_Knife_Yes_Basic_Ride_TwinPig,,Sintered_durable_porous,,Dog_themed_portrait_of_Posie,Nora_Beck_stiff_enough_soft_enough,China_with_some_Austria,,True_Twin_symmetrical,Triax_Fiberglass,2027,B_Corp_certified,Carbon_I_Beam_backbone_on_Triax,,,,Burton_Cartel_bindings_paired_well,,Advanced_Expert,Burton,Unisex,The_Channel_all_bindings_compatible,
vVNaChfgSD,Rome_Snowboard_Design_Syndicate Stale_Crewzer,1049.99,272,0.71,0.7,0.8,0.45,0.7,2.13,0.85,0.2,0.4,0.7,3080,260,0.98,0.5,0.01,6,2.42,0.2,0.7,0.8,0.7,0.97,0.7,0.7,0.4,0.8,0.85,0.8,0.5,0.01,89,5,0.98,0.5,0.01,0.5,0.01,0.5,0.01,6,0.45,1.0,8,0.38,0.99,8,0.35,0.99,120,2,1.0,26,0,1.0,0,7,1.0,0,2,1.0,53,2,1.0,113,45,0.2,30,12,0.2,30,12,0.2,77,8,0.71,83,7,0.71,3,1.26,0.2,0.5,0.01,9,3.59,0.2,0.5,0.01,0.5,0.01,Burton_Custom_slightly_more_snappy_Crewzer_better_ice,,Versatile_durable_holds_wax_easy_repair,,,Stale_Sandbech,,,Directional_Twin,Triaxial_Fiberglass_three_angles_torsional_rigidity_snap,2027,,Twin_Single_Carbon_HotRods_nose_and_tail_snap_rebound,,,Radial_single_radius,Standard_2x4_all_major_brands,,Intermediate_to_Advanced,Rome_Snowboards_Rome_SDS,Mens,2x4_insert_pack,Snowboard
vsRCNCPdmn,Mervin_Manufacturing Mayhem_Sweetfish,1299.99,215,0.82,0.65,0.7,1.0,0.9,1.0,0.49,0.8,0.4,0.7,2600,809,0.5,0.85,0.99,8,0.98,0.8,0.65,0.8,0.7,0.8,0.65,0.5,0.3,0.8,0.5,0.01,0.2,0.8,84,34,0.2,0.7,0.8,0.7,0.8,0.5,0.8,7,1.17,0.65,7,0.38,1.0,7,0.35,1.0,119,47,0.2,26,0,1.0,3,7,1.0,1,6,0.5,54,5,0.8,93,3,1.0,31,1,1.0,30,12,0.2,60,9,0.6,62,8,0.6,3,0.84,0.7,0.5,0.01,9,3.59,0.2,0.7,0.8,0.5,0.01,Korua_Dart_Cafe_Racer_Weston_Japow_Moss_Jellyfish_Gentemstick_etc,,Sintered_Knife_Cut_Base_UHMW,,Eco_Sublimated_Poly_Topsheet,Lib_Tech_x_Lost_Matt_Biolos_x_Austen_Sweetin,Sequim_WA_USA_handbuilt,,Tapered_Directional,Tri_Ax_Bi_Ax_Fiberglass,2026,Zero_hazardous_waste_manufacturing,,Birch_Internal_plus_UHMW_Sintered_Sidewalls,Traditional_edges_No_Magne_Traction,Radial_clean_simple_flowing,Works_with_standard_or_mini_disc,Lib_Tech_x_Lost_Rocket,experiMENTAL,Lib_Tech,Mens,2x4_binding_mount,Snowboard
vv1siRNkIt,Burton_Snowboards_1977_Burlington_VT Family_Tree_Smooth_Operator,1199.99,148,0.91,0.8,0.7,1.0,0.96,3.0,0.49,0.8,0.85,0.8,2882,1153,0.2,0.85,0.97,8,0.98,0.8,0.5,0.8,0.5,0.01,0.7,0.7,0.6,0.8,0.5,0.01,0.2,0.8,84,34,0.2,0.7,0.8,0.7,0.8,0.7,0.8,6,1.37,0.52,9,0.38,0.95,9,0.35,0.95,118,2,0.95,25,0,0.96,12,7,0.99,10,2,0.96,54,2,0.95,113,45,0.2,29,1,0.95,30,12,0.2,80,3,0.95,80,32,0.2,4,0.84,0.7,0.5,0.01,10,0.45,0.95,0.7,0.8,0.5,0.01,Korua_Dart_Cafe_Racer_Weston_Japow_Moss_Gentemstick_etc,,Sintered_WFO_high_density_wax_infused,10.0,Audubon_bird_themed_graphics,Masanori_Takeuchi,China_and_Austria_Keil,,Directional,45_degree_Carbon_Highlights_tip_to_tail,2026,FSC_C124994_certified,Multizone_EGD_perpendicular_grain_4_zones_channel,,,Single_sidecut_radius_standard,Compatible_most_brands_EST_best,,Expert,Burton,Unisex,The_Channel_Burton_single_channel_full_length,Snowboard
wC2nrpypI9,Burton_Snowboards_founded_1977_privately_owned Family_Tree_High_Fidelity,1099.99,115,0.99,0.85,0.7,0.6,0.6,3.0,0.49,0.8,0.8,0.8,2450,724,0.6,0.8,0.7,6,2.42,0.2,0.4,0.8,0.5,0.01,0.8,0.8,0.5,0.8,0.5,0.01,0.5,0.01,84,34,0.2,0.5,0.01,0.5,0.01,0.5,0.01,8,0.45,0.99,8,0.38,0.99,8,3.11,0.2,112,2,0.99,25,0,0.99,2,7,0.99,7,2,0.94,56,2,0.99,113,45,0.2,29,1,0.99,30,12,0.2,80,3,0.99,80,32,0.2,3,1.26,0.2,0.5,0.01,7,0.45,0.99,0.5,0.01,0.5,0.01,Jones_Flagship_stiff_directional_freeride,,Sintered_WFO,7.0,Audubon_inspired_vulture_graphics,Ben_Ferguson_and_Kimmy_Fasani,Keil_Austria_and_China_and_VT,,Tapered_Directional_Freeride,45_degree_Carbon_Highlights_with_5layer_stackup,2027,FSC_certified_FSC_C124994,Dualzone_EGD_wood_grain_alignment,,,,Compatible_most_brands_best_with_EST,Burton_Leader_Board,Advanced_Expert,Burton_Snowboards,Unisex,The_Channel_mounting_system,Snowboard
wGPlFlxQfj,K2_Sports_LLC_Seattle_WA Geometric,455.99,115,1.0,0.55,0.8,0.9,0.9,2.0,0.25,1.0,0.8,0.8,2882,1153,0.2,0.5,0.01,6,2.42,0.2,0.7,0.7,0.5,0.01,0.5,0.01,0.5,0.01,0.5,0.01,0.5,0.01,84,34,0.2,0.5,0.01,0.5,0.01,0.5,0.01,6,1.06,0.72,8,0.38,0.99,8,3.11,0.2,118,2,0.99,25,0,0.99,0,7,0.99,0,2,0.99,22,2,0.99,113,45,0.2,29,1,0.99,30,12,0.2,70,6,0.8,80,32,0.2,3,1.26,0.2,0.5,0.01,9,3.59,0.2,0.5,0.01,0.5,0.01,YES_Basic_great_freestyle_beginner_forgiving,,Extruded_2000_low_maintenance,,Standard_topsheet_with_Hybritech_capped_tip_tail,,Weihai_northern_China,,True_Twin,Biaxial_fiberglass_0_and_90_degrees,2024,Dedicated_reducing_footprint_eco_friendly_materials,,Hybritech_sidewall_ptex_to_capped,,,Standard_2x4_all_non_Burton_EST,K2_WWW_World_Wide_Weapon,Beginner_to_Intermediate,K2,Mens,2x4_insert_pattern,Mens_freestyle_snowboard
wGgZ1RwSm9,K2_Sports_LLC Passport,949.99,115,1.0,0.85,0.8,0.5,0.8,2.13,0.85,0.2,0.75,0.8,3300,260,0.97,0.5,0.01,6,2.42,0.2,0.65,0.8,0.5,0.01,0.5,0.01,0.5,0.8,1.0,0.9,0.5,0.01,86,16,0.5,0.5,0.01,0.5,0.01,0.5,0.01,7,0.45,0.95,6,1.04,0.6,8,3.11,0.2,118,2,1.0,26,10,0.2,19,18,0.68,8,2,1.0,55,22,0.2,113,45,0.2,30,1,0.8,30,12,0.2,77,6,0.8,80,32,0.2,2,0.84,0.7,0.5,0.01,9,3.59,0.2,0.5,0.01,0.5,0.01,YES_PYL_Capita_Navigator_Ride_Algorhythm_Nidecker_Alpha_Jones_Stratos,,Sintered_4000_Stone_Finish,,,,China_Guangdong,,Directional,ICG10_Triax_Carbon_Glass,2027,Factories_run_on_renewable_energy,Hybritech_capped_edge_reduced_swing_weight,Hybritech_PTex_sidewall_to_capped_tip_tail,,Triple_radius_sidecut,,,Intermediate_Advanced_Expert,K2,Unisex,2x4,Snowboard
whSTDVh5df,Nitro_AG_Hunenberg_Switzerland Cheap_Thrills,559.99,115,1.0,0.65,0.7,1.0,0.99,2.0,0.25,0.99,0.5,0.01,2882,1153,0.2,0.5,0.01,6,2.42,0.2,0.5,0.01,0.9,0.85,0.7,0.7,0.5,0.8,0.5,0.01,0.5,0.01,84,34,0.2,0.5,0.01,0.5,0.01,0.5,0.01,5,0.45,0.96,9,0.47,0.92,9,0.44,0.92,119,47,0.2,25,0,0.92,0,9,0.92,5,2,0.2,55,22,0.2,108,4,0.92,29,1,0.92,30,1,0.9,70,4,0.92,80,8,0.6,3,1.09,0.5,0.5,0.01,9,3.59,0.2,0.5,0.01,0.5,0.01,CAPiTA_DOA_579_95_hybrid_camber_twin,,Premium_Extruded_FH_Base,,,Benny_Urban_Nils_Arvidsson_Dominik_Wagner,,,True_Twin,Bi_Lite_Laminates,2026,Solar_FSC_Water_Inks_Recycled_Materials_Edges,,Ureshred_Sidewalls_Polyurethane,Rail_Killer_Edge_Recycled_Steel,Radial,,Goodtimes,Intermediate_Advanced,Nitro,Mens,2x4_Inserts,Snowboard
wudDREXmgj,Nitro_AG Team_Pro_Marcus_Kleveland,1099.99,115,0.98,0.6,0.7,0.5,0.8,2.0,0.25,0.99,0.5,0.01,2882,1153,0.2,0.5,0.01,6,2.42,0.2,0.5,0.01,0.5,0.01,0.5,0.01,0.5,0.78,0.5,0.01,0.5,0.01,84,34,0.2,0.5,0.01,0.5,0.01,0.5,0.01,8,0.45,1.0,7,0.74,0.8,7,0.69,0.8,119,47,0.2,25,0,0.98,2,7,0.98,5,2,0.2,55,22,0.2,117,3,0.98,30,1,0.98,30,1,0.98,70,6,0.8,75,5,0.8,3,1.26,0.2,0.5,0.01,9,3.59,0.2,0.5,0.01,0.5,0.01,Burton_Custom_Camber_directional_twin_679_95,,Sintered_Speed_Formula_II,,,Marcus_Kleveland,Unverified_dev_Germany_historical_Austria_Taiwan,,Directional_Twin,Bi_Lite_Laminates_with_Ballistic_Impact_Panels,2027,ClimatePartner_carbon_neutral,Carbon_Tape_single_strip_supercharged_response,ABS_Sidewall_flexible_impact_resistant,Recycled_Steel_Edge_50pct_recycled,Dual_Degressive_Sidecut,Requires_Burton_Channel_disc_for_EST_bindings,,Advanced,Nitro,Mens,2x4_Insert_pattern,Snowboard
wwVfbqBQj3,Salomon_SAS_Annecy_France_founded_1947 Dancehaul,939.99,115,1.0,0.75,0.9,0.45,0.7,2.0,0.63,0.67,0.75,0.7,2900,260,0.96,0.5,0.01,6,2.42,0.2,0.5,0.01,0.5,0.01,0.5,0.01,0.3,0.8,0.5,0.01,0.5,0.01,86,5,0.96,0.5,0.01,0.5,0.01,0.5,0.01,6,1.27,0.59,8,3.03,0.2,8,3.11,0.2,119,47,0.2,26,10,0.2,8,3,0.2,5,2,0.2,55,22,0.2,113,45,0.2,30,12,0.2,30,12,0.2,73,29,0.2,80,32,0.2,2,0.69,0.8,0.5,0.01,9,3.59,0.2,0.5,0.01,0.5,0.01,Ride_Warpig_most_popular_volume_shift_comparison,,Sintered_Base,,,,China,,Tapered_Directional,BA_MD_Biaxial_Medium_Density_Fiberglass,2027,,Ghost_Basalt_Stringers_in_TriAx_fiberglass_tip_to_tail,ABS_Sidewall,,Radial_Sidecut,,,Intermediate,Salomon,Unisex,2x4_Inserts,Snowboard
xEwG2rGj6y, Spring_Break_Powder_Twin,1049.99,122,0.94,0.7,0.8,0.5,0.8,2.0,0.25,0.99,0.85,0.8,3140,279,0.94,0.7,0.93,6,2.42,0.2,0.7,0.8,0.5,0.01,0.65,0.6,0.6,0.8,0.5,0.01,0.5,0.01,84,16,0.5,0.5,0.01,0.5,0.01,0.5,0.01,5,0.45,1.0,7,0.4,0.94,7,0.37,0.94,114,2,0.94,27,0,1.0,0,8,0.94,5,2,0.2,56,2,1.0,113,45,0.2,32,1,0.94,32,1,0.94,68,3,1.0,76,5,0.8,5,0.84,0.7,0.5,0.01,9,3.59,0.2,0.7,0.8,0.5,0.01,Jones_Mind_Expander_Twin_more_centered_float_vs_better_groomers,,Powder_Drive_Base_hybrid_sintruded,,PLT_Technology_featherlight_smooth_high_gloss_no_solvents,Corey_Smith_founder_Spring_Break,Mothership_Feistritz_Austria,,True_Twin,Holysheet_Triax_above_Biax_below,2027,Certified_B_Corp_score_98_9,4x30mm_Carbon_V_Tech_Amplifiers,,,Blended_Radial,,,Intermediate_Advanced,CAPiTA,Mens,2x4_Inserts,Snowboard
xG9ORvRq8S, Almanac,919.99,253,0.75,0.85,0.8,1.0,0.87,2.13,0.85,0.2,0.8,0.8,2882,1153,0.2,0.5,0.01,7,0.98,0.8,0.5,0.8,0.5,0.01,0.5,0.01,0.7,0.8,0.5,0.01,0.5,0.01,84,34,0.2,0.5,0.01,0.5,0.01,0.5,0.01,5,0.45,0.95,7,0.82,0.75,8,0.35,0.96,117,4,0.75,26,10,0.2,0,7,1.0,12,2,0.98,56,5,0.75,113,45,0.2,31,2,0.75,32,2,0.75,82,7,0.75,84,6,0.75,4,0.69,0.8,0.5,0.01,9,3.59,0.2,0.7,0.8,0.5,0.01,,,Sintered_4000,,,,China_Guangdong_Province,,Directional,Biax_Glass,2027,Sustainably_sourced_harvested_wood,Carbon_Backbone_precambered_carbon_inlay,ABS_sidewalls_tapered_sandwich_tip_tail,,,Any_binding_standard_or_mini_disc_2x4,,Intermediate_Advanced,K2,Unisex,2x4,Snowboard
xJ8cOTo6pq,Mervin_Manufacturing Mayhem_LibZilla,1399.99,115,0.99,0.6,0.6,0.6,0.7,1.0,0.49,0.8,0.5,0.01,2882,1153,0.2,0.5,0.01,6,2.42,0.2,0.8,0.74,0.5,0.01,0.8,0.7,0.7,0.76,0.5,0.01,0.5,0.01,84,34,0.2,0.5,0.01,0.5,0.01,0.5,0.01,7,0.45,0.98,8,0.9,0.7,8,3.11,0.2,119,47,0.2,26,10,0.2,12,7,1.0,5,2,0.2,56,5,0.8,113,45,0.2,33,1,1.0,30,12,0.2,80,9,0.6,80,32,0.2,3,1.26,0.2,0.5,0.01,9,3.59,0.2,0.5,0.01,0.5,0.01,Quicker_handling_shorter_effective_length,,Sintered_Knife_Cut_Base_UHMW,,Eco_Sublimated_Poly_Top,Matt_Mayhem_Biolos,Handbuilt_in_USA_Sequim_WA,,Tapered_Directional,Tri_Ax_Bi_Ax_Fiberglass,2027,Zero_hazardous_waste_factory,,Birch_Internal_Sidewalls,UHMW_Tip_Tail_Impact_Deflection,Progressive_elliptical_carving_sidecut,All_new_bindings_except_3D_and_EST,,Advanced_to_Expert,Lib_Tech,Mens,2x4_binding_mount,Snowboard
xgtp6AKFVN,Jones_Snowboards_Nidecker_Group Hovercraft_2.0,1149.99,115,1.0,0.75,0.8,0.5,0.7,2.5,0.92,0.3,0.5,0.01,3100,362,0.9,0.5,0.01,6,2.42,0.2,0.75,0.8,0.5,0.01,0.9,0.9,0.5,0.8,0.4,0.7,0.5,0.01,84,34,0.2,0.5,0.01,0.5,0.01,0.5,0.01,6,0.99,0.75,9,0.38,1.0,9,0.35,1.0,123,2,0.95,26,0,1.0,0,7,1.0,17,2,1.0,54,2,1.0,100,3,1.0,31,1,1.0,30,12,0.2,70,3,1.0,84,5,0.8,3,0.84,0.7,0.5,0.01,9,3.59,0.2,0.5,0.01,0.5,0.01,Korua_Transition_Finder_stiffer_more_tapered_under_500,,Sintered_8000,,Sustainable_Flax_Topsheet,Forrest_Shearer_Antti_Autti_Garrett_Warnick_Jimmy_Goodman_Nathaniel_Murphy,Solico_Winter_Sport_Factory_Dubai_UAE,,Tapered_Directional,Biax_Fiberglass,2027,100pct_solar_power_89pct_CO2_reduction,Embedded_stringers_from_reclaimed_snowboards,Recycled_ABS,Traction_Tech_multiple_contact_points,,,Original_Hovercraft_2011-2023,Intermediate_to_Expert,Jones_Snowboards,Unisex,2x4_Inserts,Snowboard
xkr3gZUZ3P,Burton_Snowboards_founded_1977 Custom_Glow_Camber,799.99,115,1.0,0.9,0.9,0.8,0.8,3.0,0.49,0.8,0.9,0.94,3550,583,0.74,0.5,0.01,6,2.42,0.2,0.65,0.8,0.5,0.7,0.65,0.6,0.5,0.8,0.5,0.01,0.5,0.01,88,14,0.6,0.5,0.01,0.5,0.01,0.5,0.01,5,1.14,0.67,8,0.38,1.0,8,0.35,1.0,120,2,1.0,25,0,1.0,12,7,0.99,5,2,0.2,50,2,1.0,113,45,0.2,29,1,1.0,30,12,0.2,80,3,1.0,80,5,0.8,3,1.09,0.5,0.5,0.01,10,0.45,0.95,0.5,0.01,0.5,0.01,Jones_Mountain_Twin_more_forgiving_hybrid_better_powder_ice,,Sintered_WFO,10.0,Neon_inspired_glow_in_the_dark_ink,Casey_Callahan_Burton_Design_Lead,Kiel_Nindl_GMBH_Austria,,Directional_Twin,45_degree_Carbon_Highlights,2026,Certified_B_Corp,Dualzone_EGD_wood_grain_aligned_toe_heel,,Frostbite_Edges_extend_under_bindings,,EST_only_Channel_but_Channel_accepts_all_brands,,Intermediate_to_Expert,Burton_Snowboards,Mens,The_Channel_all_brands_best_with_EST,Snowboard
xrYaA4xzJm,Mervin_Manufacturing TRS_Total_Ripper_Series,818.99,115,1.0,0.75,0.8,0.9,0.9,1.0,0.49,0.8,0.7,0.7,2600,809,0.5,0.65,0.7,2,0.98,0.8,0.95,0.9,0.45,0.7,0.8,0.8,0.7,0.6,0.5,0.01,0.4,0.6,84,34,0.2,0.5,0.01,0.8,0.8,0.5,0.01,6,0.45,0.96,8,3.03,0.2,8,3.11,0.2,119,47,0.2,26,10,0.2,0,7,1.0,5,2,0.2,55,22,0.2,113,45,0.2,30,12,0.2,30,12,0.2,73,29,0.2,80,32,0.2,2,0.84,0.7,0.5,0.01,9,3.59,0.2,0.5,0.01,0.5,0.01,NS_Photosynthesis_Yes_Greats_Stone_Message_Box_Knife_Yes_Basic_Ride_TwinPig,,Double_layer_UHMW_polyethylene,,Eco_Sublimated_Poly_Top_high_strength,EJack_Jamie_Lynn_Fredi_K_Blair_Habenicht_Sammy_Luebke,Hand_built_Sequim_Washington_USA,,Twin,Triaxial_Biaxial_Fiberglass_with_Basalt_Alloy,2025,FSC_certified_sustainable_forestry,Extended_core_Triax_Magnesium_Techno_Fiber_Carbon,Birch_Internal_Sidewalls_6_ply,Magne_Traction_7_serrations,,Standard_2x4_four_screws_per_binding,,Intermediate_to_Advanced,Lib_Tech,Mens,2x4_inserts,Snowboard
xtCrmHIit1,Salomon_SAS_Annecy_France Huck_Knife,929.99,115,1.0,0.65,0.8,0.8,0.8,2.0,0.25,0.98,0.84,0.86,2882,1153,0.2,0.5,0.01,6,2.42,0.2,0.75,0.8,0.6,0.7,0.85,0.8,0.6,0.8,0.5,0.01,0.5,0.01,86,18,0.36,0.5,0.01,0.5,0.01,0.5,0.01,5,0.55,0.92,8,0.38,0.99,8,0.35,0.99,122,2,0.99,26,0,0.99,0,20,0.62,5,2,0.2,53,2,0.99,113,45,0.2,29,1,0.99,30,12,0.2,65,3,0.99,78,5,0.8,3,1.26,0.2,0.5,0.01,9,3.59,0.2,0.5,0.01,0.5,0.01,Capita_DOA_very_similar_HK_softer_more_playful,,Sintered,,,Dusty_Henricksen_and_Sven_Thorgren,China,,True_Twin,Tri_Ax_Glass,2027_AU_equivalent_2025_2026_NH,BioBased_30_resin_30pct_plant_derived,Popster_Booster_carbon_stringers_nose_tail_max_pop,ABS_sidewalls,,EQ_Rad_Equaliser_Radial_blended,2x4_insert_compatible_most_bindings,,Intermediate_to_Advanced,Salomon,Mens_Unisex,2x4_inserts,Freestyle_snowboard
xtdkXGh0Rr,Low_Pressure_Studio_Nidecker_Group Party_Wave,869.99,133,0.93,0.6,0.7,0.6,0.8,2.0,0.49,0.8,0.6,0.7,2882,1153,0.2,0.2,0.9,6,2.42,0.2,0.6,0.6,0.3,0.8,0.65,0.6,0.4,0.8,0.75,0.8,0.5,0.01,84,34,0.2,0.3,0.7,0.5,0.01,0.5,0.01,4,0.45,0.99,9,0.38,0.99,9,0.35,0.99,123,2,0.99,28,0,0.99,40,9,0.93,2,4,0.8,55,5,0.8,113,45,0.2,31,1,0.99,32,1,0.8,78,3,0.99,84,5,0.8,2,0.69,0.8,0.5,0.01,9,3.59,0.2,0.5,0.01,0.5,0.01,Gentemstick_Korua_United_Shapes_Yes_Rome,,Hyper_Glide_S_sintered,,,,Austria_CAPiTA_Mothership,,Tapered_Directional,Bi_Ax_fiberglass,2027_Southern_Hemisphere,Flip_Flop_Base_minimizes_ptex_waste,3BT_camber_3D_sidebases_ollie_carving,Urethane_Flex_Walls_shock_absorbing,,,2x4_insert_compatible_most_brands,,Intermediate,Bataleon,Mens,2x4_Inserts_24_per_board,Snowboard
yK7Rkc5jVr,Nitro_AG_Hunenberg_Switzerland Dinghy,999.99,139,0.92,0.65,0.7,0.5,0.73,2.13,0.85,0.2,0.75,0.8,2600,809,0.5,0.85,0.97,8,0.98,0.8,0.75,0.8,0.5,0.01,0.65,0.6,0.4,0.8,0.5,0.01,0.5,0.8,84,34,0.2,0.7,0.8,0.7,0.8,0.5,0.8,7,0.45,0.99,7,0.9,0.7,7,0.69,0.8,119,47,0.2,27,0,0.99,15,7,0.99,5,2,0.2,54,5,0.8,113,3,0.99,31,1,0.99,32,1,0.8,80,9,0.6,88,8,0.6,4,0.69,0.8,0.5,0.01,9,3.59,0.2,0.8,0.8,0.5,0.01,Gnu_Gremlin_similar_specs_stiffer_better_carve_worse_powder,,Sintered_EcoSpeed_HD_Base,,EcoGuard_Topsheet_90pct_recycled,Bryan_Fox_and_Austin_Smith_Quiver_lineup,Playmaker_factory_Taiwan,,Tapered_Directional,Bi_Lite_Laminates_two_direction_fibers,2027,Made_with_100pct_solar_power,,ABS_Sidewalls_35pct_recycled_polymers,Recycled_Steel_Edge_50pct,Progressive_Sidecut,,,Advanced_Expert,Nitro,Unisex,2x4_Inserts,Snowboard
yhfj6dMPok,The_Burton_Corporation Blossom_Camber_Snowboard,615.99,133,0.93,0.8,0.7,0.6,0.6,3.0,0.49,0.8,0.8,0.8,2900,260,0.98,0.5,0.01,3,0.98,0.8,0.7,0.8,0.5,0.01,0.7,0.7,0.5,0.8,0.5,0.01,0.5,0.01,87,5,0.97,0.5,0.01,0.5,0.01,0.5,0.01,4,1.35,0.54,8,0.43,0.93,8,0.41,0.93,118,2,0.93,25,0,0.93,0,8,0.93,5,2,0.2,56,3,0.93,113,45,0.2,29,1,0.93,30,1,0.93,68,4,0.93,80,5,0.8,3,1.26,0.2,0.5,0.01,9,3.59,0.2,0.5,0.01,0.5,0.01,Comparable_pop_to_Capita_DOA,,Recycled_Sintered_WFO,,Eroded_rock_crystal_graphic_color_shifts_in_cold,Zeb_Powell_Winkelmann_Crouch_Ciccarelli_Warner,Keil_factory_Austria,,True_Twin,Triax_Fiberglass,2025,First_snowboard_company_certified_B_Corporation,Carbon_I_Beam_ultra_light_carbon_backbone,,Frostbite_Edges_enhanced_edge_hold_hardpack_ice,,,Burton_Killroy_Twin_discontinued,Intermediate,Burton,Unisex,The_Channel_compatible_all_major_bindings,Snowboard
yuGjSr8tzf,Salomon_SAS_Annecy_France Jetstream,1049.99,308,0.63,0.7,0.9,1.0,1.0,3.0,0.25,1.0,0.5,0.01,3400,823,0.48,0.5,0.01,6,2.42,0.2,0.5,0.01,0.5,0.01,0.65,0.6,0.5,0.01,0.5,0.01,0.5,0.01,84,34,0.2,0.5,0.01,0.5,0.01,0.5,0.01,7,0.45,0.95,8,3.03,0.2,8,3.11,0.2,119,47,0.2,26,10,0.2,2,7,0.95,0,6,0.5,55,22,0.2,113,45,0.2,30,12,0.2,30,12,0.2,73,29,0.2,80,32,0.2,3,1.26,0.2,0.5,0.01,9,3.59,0.2,0.5,0.01,0.5,0.01,Ride_Psychocandy_tapered_directional_unisex_freeride,,50pct_Recycled_Sintered_Base,,Olive_wood_veneer,Nils_Mindnich_and_Wolle_Nyvelt,Primarily_China,,Tapered_Directional,BA_MD_BIAX_MD_European_fiberglass,2026,FSC_certified_wood,Ghost_Carbon_Beams_Plus,66pct_Recycled_ABS,20pct_Recycled_edges,Radial_Sidecut,,,Advanced_Expert,Salomon,Unisex,2x4_Inserts,Snowboard
yuK3bW43g2,Burton_Snowboards_founded_1977_Burlington_VT Family_Tree_Alekesam,899.99,115,1.0,0.9,0.9,0.8,0.8,3.0,0.49,0.8,0.5,0.5,2660,260,0.99,0.65,0.6,6,2.42,0.2,0.35,0.8,0.4,0.7,0.5,0.01,0.4,0.8,0.5,0.01,0.5,0.01,88,5,0.98,0.5,0.01,0.5,0.01,0.5,0.01,6,0.88,0.8,7,0.38,0.99,8,0.35,0.99,119,2,0.99,26,0,0.99,25,20,0.6,15,2,1.0,55,22,0.2,113,45,0.2,30,12,0.2,30,12,0.2,80,3,0.99,105,8,0.6,2,0.69,0.8,0.5,0.01,9,3.59,0.2,0.5,0.01,0.5,0.01,Lib_Tech_Orca_more_nose_rocker_better_powder_float,,Sintered_WFO_high_density_wax_infused,,Bird_themed_Audubon_macaw_parrot,Selema_Masekela,Keil_Nindl_GmbH_Uttendorf_Austria,,Tapered_Directional,Triax_fiberglass_above_below_core,2026,Certified_B_Corporation,Carbon_I_Beam_ultralight_backbone_bottom_triax,,,,,,Intermediate_to_Advanced,Burton,Unisex_gender_neutral_female_friendly_sizing,The_Channel_Burton_adjustable_stance_all_bindings,Snowboard
z3zMzKG4EW,Bataleon_Low_Pressure_Studio_Nidecker_Group Chaser,615.99,115,1.0,0.5,0.8,0.6,0.7,2.0,0.49,0.8,0.8,0.8,2882,1153,0.2,0.5,0.01,6,2.42,0.2,0.4,0.8,0.75,0.7,0.5,0.01,0.2,0.44,0.75,0.8,0.5,0.01,84,34,0.2,0.5,0.01,0.5,0.01,0.5,0.01,3,0.45,1.0,8,0.38,1.0,8,0.35,1.0,119,2,1.0,25,0,1.0,8,3,0.2,0,7,0.4,53,6,0.7,113,45,0.2,29,1,1.0,30,1,0.8,75,3,1.0,85,5,0.8,2,0.84,0.7,0.5,0.01,9,3.59,0.2,0.5,0.01,0.5,0.01,YES_Basic,,Hyper_Glide_S,,Not_described_in_technical_specs,,Austria_CAPiTA_Mothership,,Directional_Twin,Bi_Axial_fiberglass_two_way_weave,2025/2026,,Two_hardwood_beech_stringers_tip_to_tail,FlexWalls_urethane_poured,3D_base_shaping_reduces_edge_catch_maintains_ollie_carving,,Standard_2x4_wide_variety_stance_options,Entry_level_all_mountain_since_2019,Beginner_to_Intermediate,Bataleon,Mens,2x4_inserts,Snowboard
zWJWle90lc, Magnum,1049.99,123,0.94,0.6,0.7,0.5,0.7,2.0,0.25,0.99,0.5,0.01,2400,724,0.6,0.5,0.01,6,2.42,0.2,0.5,0.01,0.5,0.01,0.75,0.47,0.6,0.44,0.35,0.7,0.5,0.01,84,34,0.2,0.5,0.01,0.5,0.01,0.5,0.01,7,0.45,0.99,4,0.74,0.8,8,3.11,0.2,119,47,0.2,26,10,0.2,15,7,0.99,5,2,0.2,56,5,0.8,109,3,0.99,32,1,0.96,30,12,0.2,75,3,0.99,80,32,0.2,3,0.97,0.6,0.5,0.01,10,0.45,0.99,0.5,0.01,0.5,0.01,Amplid_Big_Kahuna,,Sintered_EcoSpeed_HD_Base_recycled,10.0,,Tommy_Delago,,,Directional,Bi_Lite_Laminates_fibres_two_directions,2027,100pct_solar_power,Overlaying_sidecut_extended_width_edge_control,ABS_Sidewalls_35pct_recycled_polymers,Recycled_Steel_Edge_50pct_recycled,Dual_Degressive_smaller_radius_centre,,,Intermediate,Nitro,Mens,2x4_inserts,Snowboard
zZWVCKWytq,Salomon_SAS_Annecy_France Sleepwalker,769.99,117,0.95,0.65,0.8,0.8,0.8,2.0,0.49,0.8,0.8,0.8,2882,1153,0.2,0.5,0.01,6,2.42,0.2,0.6,0.7,0.8,0.7,0.75,0.8,0.5,0.58,0.5,0.01,0.5,0.01,84,34,0.2,0.5,0.01,0.5,0.01,0.5,0.01,3,1.3,0.57,8,0.38,0.95,8,0.35,0.95,120,2,0.95,25,0,0.95,0,12,0.87,0,3,0.87,56,2,0.95,113,45,0.2,30,1,0.95,30,1,0.95,70,3,0.95,78,5,0.8,3,1.26,0.2,0.5,0.01,9,3.59,0.2,0.5,0.01,0.5,0.01,Capita_Ultrafear_549_95_true_twin_cork_dampening,,Sintered_base,,Mad_scientists_electrifying_mishap_theme,Tommy_Gesme,,,True_Twin,BA_MD_Biaxial_Medium_Density_Fiberglass,2027,FSC_certified_wood_core_and_ABS_sidewalls,Popster_milled_core_for_pop,ABS_Sidewalls,,EQ_Rad_Sidecut,SM_148_153_ML_155_158W,,Intermediate_Advanced,Salomon,Mens,2x4_inserts,Snowboard
zbnBF7cZrf,Mervin_Manufacturing Something_Gnu,1099.99,194,0.85,0.85,0.7,0.3,0.5,1.0,0.25,1.0,0.5,0.01,2882,1153,0.2,0.5,0.01,6,2.42,0.2,0.5,0.01,0.8,0.8,0.6,0.6,0.5,0.8,0.5,0.01,0.5,0.01,84,34,0.2,0.5,0.01,0.5,0.01,0.5,0.01,6,1.09,0.69,6,0.9,0.7,6,0.69,0.8,119,47,0.2,25,0,1.0,4,7,1.0,5,2,0.2,51,5,0.8,108,3,1.0,30,1,1.0,31,1,0.8,65,9,0.6,80,8,0.6,3,1.26,0.2,0.5,0.01,9,3.59,0.2,0.5,0.01,0.5,0.01,Lib_Tech_Orca_directional_freeride_powder,,Sintered_Knife_Cut,,Eco_Sublimated_Poly_Top,Pete_Saari,Sequim_Washington_USA,,Directional,Triaxial_Biaxial_alloy_glass,2026,Zero_hazardous_waste_production,Carbon_power_bands,UHMW_Sidewalls,Magne_Traction,Progressive_sidecuts,,,Not_explicitly_stated,GNU,,2x4_inserts,Snowboard
zeJXkvuhnS,Never_Summer_Industries Easy_Rider,999.99,115,1.0,0.65,0.6,0.7,0.7,2.13,0.85,0.2,0.85,0.8,3357,260,0.99,0.5,0.01,6,2.42,0.2,0.95,0.9,0.5,0.01,0.75,0.7,0.4,0.7,0.55,0.7,0.5,0.01,84,34,0.2,0.5,0.01,0.5,0.01,0.5,0.01,4,0.71,0.87,8,1.04,0.6,8,3.11,0.2,122,2,0.99,25,0,0.99,0,7,0.99,0,2,1.0,55,22,0.2,113,45,0.2,30,1,0.99,30,12,0.2,73,29,0.2,80,32,0.2,2,0.84,0.7,0.5,0.01,7,0.45,0.99,0.5,0.01,0.5,0.01,Burton_Custom_CAPiTA_DOA_K2_Alchemist_Lib_RC_Jones_MT_YES_Standard_GNU_Money,,Durasurf_XT_Sintered_5501,7.0,,,Denver_Colorado_USA_handcrafted,,True_Twin_symmetrical,Carbon_Max_BiLite_Fiberglass_STS_PreTensioned,2027,,Advanced_top_bottom_carbon_matrix,UHMW_Ultra_High_Molecular_Weight_PE,Full_Wrap_Metal_Edge,Multiple_radii_additional_contact_flat_middle_deeper_tips,Standard_or_mini_disk_on_2x4_inserts,Proto_Type_2_shape_carbon_flex,All,Never_Summer,Mens,2x4_inserts,Snowboard
zgd1w5U433,Burton_Snowboards_founded_1977_Vermont_USA Custom_X,1199.99,115,1.0,0.8,0.7,0.4,0.6,3.0,0.49,0.8,0.7,0.7,2720,260,0.99,0.5,0.01,6,2.42,0.2,0.9,0.9,0.35,0.7,0.65,0.7,0.5,0.8,0.8,0.8,0.5,0.01,92,5,0.99,0.5,0.01,0.5,0.01,0.5,0.01,8,0.45,0.99,8,0.38,1.0,8,0.35,1.0,120,2,1.0,25,0,1.0,1,7,1.0,5,2,0.2,53,2,1.0,113,45,0.2,29,1,1.0,30,12,0.2,80,3,1.0,80,5,0.8,3,1.26,0.2,0.5,0.01,9,0.45,0.99,0.5,0.01,0.5,0.01,Jones_Flagship_rocker_contacts_mellows_camber,,Sintered_WFO_high_density,9.0,,Burton_riders_Olympic_competition_backcountry,Kiel_Nindl_GMBH_Austria,,Directional_Twin,Triax_fiberglass_with_Carbon_I_Beam,2027,B_Corp_certified,Multizone_EGD_perpendicular_wood_grain_4_zones,,Frostbite_Edges_extend_under_bindings,,Channel_requires_Burton_inserts_works_all_brands,Continuous_since_2004_incremental_updates,Advanced,Burton,Mens,The_Channel_all_major_bindings,Snowboard
